amp,1.0
offset,0.0
frequency,1000000.0
data length,12000.0







Second,Value
-500.0,0.005611631108960767
-499.9166666666667,0.0049653184458102245
-499.8333333333333,0.0031601278703236647
-499.75,0.0005738112987643423
-499.6666666666667,-0.0022390041080819264
-499.5833333333333,-0.0046479739044013434
-499.5,-0.006067541657348394
-499.4166666666667,-0.0060788819072310745
-499.3333333333333,-0.004534419250695198
-499.25,-0.0016275567156404179
-499.1666666666667,0.002085928463450934
-499.0833333333333,0.005722602587796606
-499.0,0.008162923248455047
-498.9166666666667,0.008192770176820402
-498.8333333333333,0.004680939585905434
-498.75,-0.0032273224752468973
-498.6666666666667,-0.015924543409883033
-498.5833333333333,-0.03318807140371919
-498.5,-0.054083390341210666
-498.4166666666667,-0.07694264201786948
-498.3333333333333,-0.09943024876350219
-498.25,-0.11869857474197289
-498.1666666666667,-0.1316265760902571
-498.0833333333333,-0.1351244001021508
-498.0,-0.12647798627894688
-497.9166666666667,-0.10370092232279234
-497.8333333333333,-0.06585697165931484
-497.75,-0.013316405736359192
-497.6666666666667,0.05208720400891366
-497.5833333333333,0.12702587942510676
-497.5,0.20678758817190615
-497.4166666666667,0.285531141832066
-497.3333333333333,0.3566748501412455
-497.25,0.41339437998213663
-497.1666666666667,0.44919297325701224
-497.0833333333333,0.4584976241859367
-497.0,0.43722907003272604
-496.9166666666667,0.38329225660382804
-496.8333333333333,0.2969376446511206
-496.75,0.1809522179884565
-496.6666666666667,0.04065177428288773
-496.5833333333333,-0.11633795839155928
-496.5,-0.28050595577248905
-496.4166666666667,-0.4410626108783468
-496.3333333333333,-0.586687879035677
-496.25,-0.7063660812511593
-496.1666666666667,-0.7902426878433251
-496.0833333333333,-0.8304337493894296
-496.0,-0.821719822556662
-495.9166666666667,-0.7620633311857882
-495.8333333333333,-0.6529008577092186
-495.75,-0.4991789282265706
-495.6666666666667,-0.30912206538302894
-495.5833333333333,-0.0937435585215752
-495.5,0.13386929959926572
-495.4166666666667,0.359444675767598
-495.3333333333333,0.5685243315178675
-495.25,0.7474944598775594
-495.1666666666667,0.8845694794743808
-495.0833333333333,0.9706518310000253
-495.0,1.0
-494.9166666666667,0.9706518310000133
-494.8333333333333,0.8845694794742337
-494.75,0.7474944598773509
-494.6666666666667,0.5685243315176116
-494.5833333333333,0.35944467576731093
-494.5,0.13386929959900884
-494.4166666666667,-0.09374355852182986
-494.3333333333333,-0.30912206538307935
-494.25,-0.49917892822664073
-494.1666666666667,-0.6529008577092725
-494.0833333333333,-0.7620633311859091
-494.0,-0.8217198225567264
-493.9166666666667,-0.8304337493894394
-493.8333333333333,-0.7902426878432828
-493.75,-0.7063660812511309
-493.6666666666667,-0.5866878790356403
-493.5833333333333,-0.44106261087830567
-493.5,-0.2805059557724631
-493.4166666666667,-0.11633795839137727
-493.3333333333333,0.04065177428306603
-493.25,0.18095221798861347
-493.1666666666667,0.2969376446512491
-493.0833333333333,0.383292256603843
-493.0,0.43722907003276046
-492.9166666666667,0.4584976241860385
-492.8333333333333,0.4491929732570369
-492.75,0.41339437998211787
-492.6666666666667,0.3566748501412104
-492.5833333333333,0.285531141832021
-492.5,0.20678758817185686
-492.4166666666667,0.12702587942503427
-492.3333333333333,0.052087204008877966
-492.25,-0.013316405736368744
-492.1666666666667,-0.06585697165928832
-492.0833333333333,-0.1037009223228211
-492.0,-0.12647798627897291
-491.9166666666667,-0.13512440010221008
-491.8333333333333,-0.13162657609030942
-491.75,-0.11869857474201811
-491.6666666666667,-0.0994302487635406
-491.5833333333333,-0.0769426420179242
-491.5,-0.0540833903412738
-491.4166666666667,-0.03318807140375329
-491.3333333333333,-0.015924543409892078
-491.25,-0.0032273224752471935
-491.1666666666667,0.004680939585871848
-491.0833333333333,0.008192770176800793
-491.0,0.008162923248437863
-490.9166666666667,0.005722602587823251
-490.8333333333333,0.002085928463487636
-490.75,-0.0016275567155186212
-490.6666666666667,-0.004534419250624593
-490.5833333333333,-0.006078881907149311
-490.5,-0.0060675416572611215
-490.4166666666667,-0.0046479739043149325
-490.3333333333333,-0.0022390041080365152
-490.25,0.0005738112988484776
-490.1666666666667,0.003160127870349455
-490.0833333333333,0.004965318445834693
-490.0,0.005611631108960767
-489.9166666666667,0.004965318445810795
-489.8333333333333,0.003160127870303577
-489.75,0.0005738112988052306
-489.6666666666667,-0.0022390041080903827
-489.5833333333333,-0.004647973904400508
-489.5,-0.006067541657348095
-489.4166666666667,-0.006078881907231399
-489.3333333333333,-0.004534419250696105
-489.25,-0.0016275567155779774
-489.1666666666667,0.002085928463435978
-489.0833333333333,0.0057226025877813395
-489.0,0.00816292324843973
-488.9166666666667,0.008192770176805239
-488.8333333333333,0.004680939585864759
-488.75,-0.003227322475242614
-488.6666666666667,-0.01592454340987679
-488.5833333333333,-0.033188071403728134
-488.5,-0.054083390341216106
-488.4166666666667,-0.07694264201787054
-488.3333333333333,-0.09943024876349799
-488.25,-0.11869857474196605
-488.1666666666667,-0.13162657609025352
-488.0833333333333,-0.13512440010215165
-488.0,-0.12647798627895326
-487.9166666666667,-0.1037009223228048
-487.8333333333333,-0.06585697165927352
-487.75,-0.013316405736314688
-487.6666666666667,0.05208720400892631
-487.5833333333333,0.12702587942507454
-487.5,0.2067875881718731
-487.4166666666667,0.2855311418320347
-487.3333333333333,0.35667485014121864
-487.25,0.4133943799821021
-487.1666666666667,0.44919297325700264
-487.0833333333333,0.4584976241859852
-487.0,0.4372290700326888
-486.9166666666667,0.3832922566037756
-486.8333333333333,0.29693764465116257
-486.75,0.18095221798850142
-486.6666666666667,0.04065177428294952
-486.5833333333333,-0.11633795839149245
-486.5,-0.2805059557725705
-486.4166666666667,-0.4410626108784199
-486.3333333333333,-0.5866878790357368
-486.25,-0.7063660812512016
-486.1666666666667,-0.7902426878433464
-486.0833333333333,-0.8304337493894228
-486.0,-0.8217198225566761
-485.9166666666667,-0.762063331185823
-485.8333333333333,-0.6529008577091469
-485.75,-0.49917892822648074
-485.6666666666667,-0.3091220653829259
-485.5833333333333,-0.09374355852146483
-485.5,0.1338692995991714
-485.4166666666667,0.3594446757675075
-485.3333333333333,0.5685243315177868
-485.25,0.7474944598774934
-485.1666666666667,0.8845694794743103
-485.0833333333333,0.9706518310000529
-485.0,1.0
-484.9166666666667,0.9706518309999858
-484.8333333333333,0.8845694794742802
-484.75,0.7474944598774167
-484.6666666666667,0.5685243315177322
-484.5833333333333,0.35944467576744465
-484.5,0.13386929959910315
-484.4166666666667,-0.0937435585217377
-484.3333333333333,-0.3091220653831824
-484.25,-0.4991789282267306
-484.1666666666667,-0.6529008577093443
-484.0833333333333,-0.7620633311858711
-484.0,-0.8217198225567124
-483.9166666666667,-0.8304337493894463
-483.8333333333333,-0.7902426878433089
-483.75,-0.7063660812510886
-483.6666666666667,-0.5866878790355803
-483.5833333333333,-0.44106261087823256
-483.5,-0.2805059557723816
-483.4166666666667,-0.11633795839135272
-483.3333333333333,0.04065177428300429
-483.25,0.1809522179885602
-483.1666666666667,0.2969376446512073
-483.0833333333333,0.3832922566038953
-483.0,0.4372290700327977
-482.9166666666667,0.4584976241859899
-482.8333333333333,0.4491929732569825
-482.75,0.41339437998213735
-482.6666666666667,0.3566748501412371
-482.5833333333333,0.28553114183205236
-482.5,0.2067875881718764
-482.4166666666667,0.1270258794250665
-482.3333333333333,0.052087204008865316
-482.25,-0.013316405736413196
-482.1666666666667,-0.06585697165932958
-482.0833333333333,-0.10370092232280868
-482.0,-0.12647798627900653
-481.9166666666667,-0.13512440010220916
-481.8333333333333,-0.13162657609031292
-481.75,-0.11869857474202504
-481.6666666666667,-0.09943024876354942
-481.5833333333333,-0.07694264201792311
-481.5,-0.05408339034126836
-481.4166666666667,-0.03318807140374434
-481.3333333333333,-0.015924543409898306
-481.25,-0.0032273224752513733
-481.1666666666667,0.0046809395858694765
-481.0833333333333,0.008192770176800106
-481.0,0.00816292324845318
-480.9166666666667,0.005722602587838518
-480.8333333333333,0.0020859284635025657
-480.75,-0.001627556715580958
-480.6666666666667,-0.004534419250610959
-480.5833333333333,-0.006078881907148987
-480.5,-0.006067541657261452
-480.4166666666667,-0.004647973904339844
-480.3333333333333,-0.002239004108028085
-480.25,0.0005738112988077059
-480.1666666666667,0.0031601278703539647
-480.0833333333333,0.004965318445836948
-480.0,0.005611631108960767
-479.9166666666667,0.004965318445819582
-479.8333333333333,0.0031601278703201137
-479.75,0.000573811298806384
-479.6666666666667,-0.002239004108089281
-479.5833333333333,-0.0046479739044105696
-479.5,-0.006067541657359584
-479.4166666666667,-0.006078881907244048
-479.3333333333333,-0.00453441925069017
-479.25,-0.0016275567155794547
-479.1666666666667,0.0020859284634344227
-479.0833333333333,0.005722602587780017
-479.0,0.008162923248439133
-478.9166666666667,0.008192770176805874
-478.8333333333333,0.004680939585893251
-478.75,-0.0032273224752559977
-478.6666666666667,-0.01592454340990507
-478.5833333333333,-0.03318807140372019
-478.5,-0.054083390341206954
-478.4166666666667,-0.07694264201786108
-478.3333333333333,-0.09943024876348917
-478.25,-0.11869857474195578
-478.1666666666667,-0.1316265760903169
-478.0833333333333,-0.13512440010220822
-478.0,-0.12647798627892287
-477.9166666666667,-0.10370092232276835
-477.8333333333333,-0.06585697165929223
-477.75,-0.01331640573633922
-477.6666666666667,0.05208720400889712
-477.5833333333333,0.12702587942510163
-477.5,0.20678758817191248
-477.4166666666667,0.2855311418320668
-477.3333333333333,0.35667485014124045
-477.25,0.4133943799821263
-477.1666666666667,0.449192973256993
-477.0833333333333,0.4584976241859875
-477.0,0.43722907003270417
-476.9166666666667,0.3832922566038046
-476.8333333333333,0.29693764465109684
-476.75,0.1809522179884337
-476.6666666666667,0.04065177428286696
-476.5833333333333,-0.11633795839142569
-476.5,-0.28050595577250287
-476.4166666666667,-0.4410626108783561
-476.3333333333333,-0.5866878790356815
-476.25,-0.706366081251159
-476.1666666666667,-0.7902426878433203
-476.0833333333333,-0.8304337493894207
-476.0,-0.8217198225566971
-475.9166666666667,-0.762063331185773
-475.8333333333333,-0.6529008577092014
-475.75,-0.4991789282265522
-475.6666666666667,-0.3091220653830102
-475.5833333333333,-0.09374355852155697
-475.5,0.13386929959920596
-475.4166666666667,0.35944467576761313
-475.3333333333333,0.5685243315178803
-475.25,0.7474944598775694
-475.1666666666667,0.8845694794743877
-475.0833333333333,0.9706518310000288
-475.0,1.0
-474.9166666666667,0.9706518310000097
-474.8333333333333,0.8845694794742269
-474.75,0.7474944598773411
-474.6666666666667,0.5685243315175987
-474.5833333333333,0.3594446757672958
-474.5,0.1338692995989918
-474.4166666666667,-0.09374355852164558
-474.3333333333333,-0.3091220653830981
-474.25,-0.49917892822665916
-474.1666666666667,-0.6529008577092897
-474.0833333333333,-0.7620633311859243
-474.0,-0.8217198225567389
-473.9166666666667,-0.8304337493894155
-473.8333333333333,-0.7902426878433348
-473.75,-0.7063660812511311
-473.6666666666667,-0.5866878790356358
-473.5833333333333,-0.4410626108782964
-473.5,-0.28050595577244936
-473.4166666666667,-0.11633795839141962
-473.3333333333333,0.04065177428301691
-473.25,0.18095221798863623
-473.1666666666667,0.2969376446512729
-473.0833333333333,0.3832922566038664
-473.0,0.43722907003278233
-472.9166666666667,0.45849762418598766
-472.8333333333333,0.44919297325699215
-472.75,0.41339437998212825
-472.6666666666667,0.3566748501412153
-472.5833333333333,0.28553114183202033
-472.5,0.20678758817185053
-472.4166666666667,0.12702587942502266
-472.3333333333333,0.0520872040088945
-472.25,-0.01331640573638883
-472.1666666666667,-0.06585697165931093
-472.0833333333333,-0.10370092232284503
-472.0,-0.12647798627899698
-471.9166666666667,-0.13512440010223287
-471.8333333333333,-0.13162657609032988
-471.75,-0.11869857474195852
-471.6666666666667,-0.09943024876355817
-471.5833333333333,-0.07694264201793265
-471.5,-0.05408339034127751
-471.4166666666667,-0.033188071403752274
-471.3333333333333,-0.01592454340988676
-471.25,-0.0032273224752380415
-471.1666666666667,0.004680939585884037
-471.0833333333333,0.008192770176799485
-471.0,0.008162923248453855
-470.9166666666667,0.005722602587839788
-470.8333333333333,0.002085928463504121
-470.75,-0.0016275567155795583
-470.6666666666667,-0.004534419250610038
-470.5833333333333,-0.006078881907136351
-470.5,-0.006067541657249963
-470.4166666666667,-0.004647973904305682
-470.3333333333333,-0.0022390041080292316
-470.25,0.0005738112988064618
-470.1666666666667,0.003160127870353032
-470.0833333333333,0.004965318445836403
-470.0,0.005611631108960767
-469.9166666666667,0.004965318445809033
-469.8333333333333,0.0031601278703
-469.75,0.0005738112987998652
-469.6666666666667,-0.0022390041080377074
-469.5833333333333,-0.0046479739044097594
-469.5,-0.006067541657359267
-469.4166666666667,-0.006078881907244358
-469.3333333333333,-0.004534419250710672
-469.25,-0.0016275567155938143
-469.1666666666667,0.0020859284634893727
-469.0833333333333,0.005722602587824677
-469.0,0.008162923248423711
-468.9166666666667,0.008192770176806495
-468.8333333333333,0.004680939585895564
-468.75,-0.0032273224752517133
-468.6666666666667,-0.01592454340989887
-468.5833333333333,-0.033188071403761905
-468.5,-0.05408339034121248
-468.4166666666667,-0.07694264201786209
-468.3333333333333,-0.09943024876348036
-468.25,-0.11869857474194889
-468.1666666666667,-0.1316265760903133
-468.0833333333333,-0.1351244001022091
-468.0,-0.12647798627892923
-467.9166666666667,-0.10370092232278089
-467.8333333333333,-0.06585697165925092
-467.75,-0.013316405736333907
-467.6666666666667,0.05208720400894258
-467.5833333333333,0.12702587942506938
-467.5,0.20678758817187937
-467.4166666666667,0.2855311418320354
-467.3333333333333,0.35667485014121364
-467.25,0.4133943799821068
-467.1666666666667,0.4491929732569875
-467.0833333333333,0.45849762418596623
-467.0,0.43722907003274364
-466.9166666666667,0.38329225660375227
-466.8333333333333,0.2969376446511388
-466.75,0.18095221798848693
-466.6666666666667,0.04065177428292881
-466.5833333333333,-0.11633795839151011
-466.5,-0.2805059557725368
-466.4166666666667,-0.44106261087842924
-466.3333333333333,-0.5866878790357415
-466.25,-0.7063660812512014
-466.1666666666667,-0.7902426878432944
-466.0833333333333,-0.8304337493894138
-466.0,-0.8217198225567112
-465.9166666666667,-0.7620633311858079
-465.8333333333333,-0.6529008577091295
-465.75,-0.49917892822646237
-465.6666666666667,-0.30912206538287457
-465.5833333333333,-0.09374355852164913
-465.5,0.1338692995991117
-465.4166666666667,0.3594446757675227
-465.3333333333333,0.5685243315177995
-465.25,0.7474944598775034
-465.1666666666667,0.8845694794743413
-465.0833333333333,0.9706518310000687
-465.0,1.0
-464.9166666666667,0.970651830999999
-464.8333333333333,0.8845694794742734
-464.75,0.7474944598774068
-464.6666666666667,0.5685243315176794
-464.5833333333333,0.35944467576738626
-464.5,0.13386929959908608
-464.4166666666667,-0.09374355852167573
-464.3333333333333,-0.3091220653831209
-464.25,-0.4991789282267489
-464.1666666666667,-0.6529008577093615
-464.0833333333333,-0.7620633311858892
-464.0,-0.8217198225567248
-463.9166666666667,-0.8304337493894223
-463.8333333333333,-0.7902426878432968
-463.75,-0.7063660812510888
-463.6666666666667,-0.5866878790355758
-463.5833333333333,-0.4410626108782231
-463.5,-0.2805059557723523
-463.4166666666667,-0.1163379583914865
-463.3333333333333,0.04065177428295512
-463.25,0.18095221798858302
-463.1666666666667,0.29693764465123107
-463.0833333333333,0.3832922566039188
-463.0,0.43722907003279554
-462.9166666666667,0.4584976241860089
-462.8333333333333,0.4491929732570017
-462.75,0.4133943799821477
-462.6666666666667,0.3566748501412422
-462.5833333333333,0.2855311418320516
-462.5,0.2067875881718836
-462.4166666666667,0.12702587942505492
-462.3333333333333,0.05208720400884904
-462.25,-0.013316405736385786
-462.1666666666667,-0.06585697165935224
-462.0833333333333,-0.10370092232283257
-462.0,-0.1264779862789906
-461.9166666666667,-0.13512440010223198
-461.8333333333333,-0.13162657609033335
-461.75,-0.11869857474196539
-461.6666666666667,-0.09943024876356248
-461.5833333333333,-0.07694264201793158
-461.5,-0.05408339034127209
-461.4166666666667,-0.03318807140377672
-461.3333333333333,-0.015924543409892987
-461.25,-0.003227322475242222
-461.1666666666667,0.004680939585881769
-461.0833333333333,0.008192770176814634
-461.0,0.008162923248469121
-460.9166666666667,0.0057226025878313385
-460.8333333333333,0.0020859284635055208
-460.75,-0.001627556715565173
-460.6666666666667,-0.00453441925060908
-460.5833333333333,-0.00607888190713604
-460.5,-0.006067541657250293
-460.4166666666667,-0.004647973904306517
-460.3333333333333,-0.002239004107996735
-460.25,0.0005738112988130324
-460.1666666666667,0.0031601278703246756
-460.0833333333333,0.004965318445835859
-460.0,0.005611631108960767
-459.9166666666667,0.004965318445809473
-459.8333333333333,0.0031601278703008813
-459.75,0.0005738112988010057
-459.6666666666667,-0.002239004108036632
-459.5833333333333,-0.004647973904349979
-459.5,-0.006067541657370743
-459.4166666666667,-0.006078881907257033
-459.3333333333333,-0.004534419250711631
-459.25,-0.0016275567155952398
-459.1666666666667,0.0020859284634877915
-459.0833333333333,0.005722602587823329
-459.0,0.00816292324842314
-458.9166666666667,0.008192770176791372
-458.8333333333333,0.00468093958588105
-458.75,-0.0032273224752218535
-458.6666666666667,-0.015924543409910397
-458.5833333333333,-0.033188071403753974
-458.5,-0.05408339034120325
-458.4166666666667,-0.07694264201785263
-458.3333333333333,-0.09943024876347611
-458.25,-0.11869857474195117
-458.1666666666667,-0.13162657609029643
-458.0833333333333,-0.1351244001021854
-458.0,-0.12647798627897555
-457.9166666666667,-0.10370092232279329
-457.8333333333333,-0.06585697165926961
-457.75,-0.013316405736358427
-457.6666666666667,0.052087204008913424
-457.5833333333333,0.1270258794251132
-457.5,0.2067875881719188
-457.4166666666667,0.2855311418320674
-457.3333333333333,0.3566748501411868
-457.25,0.4133943799820874
-457.1666666666667,0.4491929732569778
-457.0833333333333,0.4584976241859684
-457.0,0.43722907003275907
-456.9166666666667,0.3832922566037812
-456.8333333333333,0.2969376446510732
-456.75,0.18095221798841093
-456.6666666666667,0.04065177428284628
-456.5833333333333,-0.11633795839144323
-456.5,-0.28050595577246923
-456.4166666666667,-0.4410626108783653
-456.3333333333333,-0.5866878790356861
-456.25,-0.7063660812511587
-456.1666666666667,-0.7902426878433367
-456.0833333333333,-0.8304337493894269
-456.0,-0.8217198225566847
-455.9166666666667,-0.7620633311858177
-455.8333333333333,-0.6529008577091842
-455.75,-0.4991789282265338
-455.6666666666667,-0.30912206538295883
-455.5833333333333,-0.09374355852149945
-455.5,0.13386929959922308
-455.4166666666667,0.3594446757675585
-455.3333333333333,0.5685243315178333
-455.25,0.7474944598775793
-455.1666666666667,0.8845694794742948
-455.0833333333333,0.9706518310000446
-455.0,1.0
-454.9166666666667,0.9706518310000231
-454.8333333333333,0.8845694794742528
-454.75,0.747494459877331
-454.6666666666667,0.5685243315175859
-454.5833333333333,0.35944467576747674
-454.5,0.13386929959918045
-454.4166666666667,-0.09374355852158356
-454.3333333333333,-0.30912206538303655
-454.25,-0.49917892822667753
-454.1666666666667,-0.652900857709307
-454.0833333333333,-0.7620633311859394
-454.0,-0.8217198225567445
-453.9166666666667,-0.8304337493894245
-453.8333333333333,-0.7902426878433226
-453.75,-0.7063660812511312
-453.6666666666667,-0.5866878790356311
-453.5833333333333,-0.4410626108782871
-453.5,-0.28050595577241993
-453.4166666666667,-0.11633795839140197
-453.3333333333333,0.04065177428303767
-453.25,0.1809522179885823
-453.1666666666667,0.2969376446512967
-453.0833333333333,0.3832922566038898
-453.0,0.4372290700327801
-452.9166666666667,0.4584976241860067
-452.8333333333333,0.4491929732570073
-452.75,0.41339437998209116
-452.6666666666667,0.35667485014122047
-452.5833333333333,0.2855311418320197
-452.5,0.20678758817184423
-452.4166666666667,0.12702587942508703
-452.3333333333333,0.0520872040088782
-452.25,-0.013316405736361421
-452.1666666666667,-0.06585697165933353
-452.0833333333333,-0.10370092232286901
-452.0,-0.126477986279021
-451.9166666666667,-0.13512440010222232
-451.8333333333333,-0.131626576090337
-451.75,-0.11869857474197223
-451.6666666666667,-0.09943024876357129
-451.5833333333333,-0.07694264201794107
-451.5,-0.054083390341281214
-451.4166666666667,-0.03318807140378462
-451.3333333333333,-0.015924543409921426
-451.25,-0.0032273224752289416
-451.1666666666667,0.0046809395858795335
-451.0833333333333,0.008192770176813961
-451.0,0.008162923248469744
-450.9166666666667,0.00572260258783266
-450.8333333333333,0.0020859284635071015
-450.75,-0.001627556715563825
-450.6666666666667,-0.004534419250675706
-450.5833333333333,-0.006078881907203574
-450.5,-0.006067541657238818
-450.4166666666667,-0.004647973904296443
-450.3333333333333,-0.002239004107997888
-450.25,0.0005738112988118919
-450.1666666666667,0.0031601278703237944
-450.0833333333333,0.004965318445821396
-450.0,0.005611631108960767
-449.9166666666667,0.004965318445807244
-449.8333333333333,0.0031601278702965007
-449.75,0.0005738112987733752
-449.6666666666667,-0.002239004108035472
-449.5833333333333,-0.00464797390434917
-449.5,-0.0060675416573704125
-449.4166666666667,-0.006078881907257357
-449.3333333333333,-0.004534419250725278
-449.25,-0.0016275567156066185
-449.1666666666667,0.0020859284634728876
-449.0833333333333,0.005722602587808011
-449.0,0.00816292324842257
-448.9166666666667,0.00819277017679207
-448.8333333333333,0.004680939585883376
-448.75,-0.0032273224752176212
-448.6666666666667,-0.015924543409904183
-448.5833333333333,-0.03318807140376288
-448.5,-0.05408339034125615
-448.4166666666667,-0.07694264201785367
-448.3333333333333,-0.0994302487634673
-448.25,-0.11869857474194433
-448.1666666666667,-0.13162657609029285
-448.0833333333333,-0.1351244001021863
-448.0,-0.1264779862789819
-447.9166666666667,-0.1037009223227568
-447.8333333333333,-0.06585697165922831
-447.75,-0.013316405736313975
-447.6666666666667,0.052087204008926226
-447.5833333333333,0.12702587942508103
-447.5,0.2067875881718857
-447.4166666666667,0.285531141832036
-447.3333333333333,0.35667485014120864
-447.25,0.41339437998209644
-447.1666666666667,0.44919297325699337
-447.0833333333333,0.4584976241859712
-447.0,0.4372290700327218
-446.9166666666667,0.3832922566038102
-446.8333333333333,0.29693764465111505
-446.75,0.18095221798846411
-446.6666666666667,0.040651774282908046
-446.5833333333333,-0.11633795839153603
-446.5,-0.28050595577255055
-446.4166666666667,-0.44106261087840565
-446.3333333333333,-0.5866878790357293
-446.25,-0.7063660812511162
-446.1666666666667,-0.7902426878433106
-446.0833333333333,-0.8304337493894203
-446.0,-0.8217198225566987
-445.9166666666667,-0.7620633311858528
-445.8333333333333,-0.6529008577091823
-445.75,-0.49917892822644394
-445.6666666666667,-0.30912206538285586
-445.5833333333333,-0.09374355852159162
-445.5,0.13386929959912872
-445.4166666666667,0.3594446757674681
-445.3333333333333,0.5685243315177524
-445.25,0.7474944598775135
-445.1666666666667,0.884569479474348
-445.0833333333333,0.9706518310000721
-445.0,1.0
-444.9166666666667,0.9706518309999956
-444.8333333333333,0.8845694794742993
-444.75,0.7474944598773969
-444.6666666666667,0.5685243315176668
-444.5833333333333,0.359444675767371
-444.5,0.1338692995990261
-444.4166666666667,-0.09374355852169397
-444.3333333333333,-0.30912206538313963
-444.25,-0.4991789282266907
-444.1666666666667,-0.6529008577093788
-444.0833333333333,-0.7620633311859045
-444.0,-0.8217198225567305
-443.9166666666667,-0.8304337493894309
-443.8333333333333,-0.7902426878433014
-443.75,-0.7063660812510888
-443.6666666666667,-0.5866878790355712
-443.5833333333333,-0.44106261087821397
-443.5,-0.28050595577248755
-443.4166666666667,-0.1163379583914688
-443.3333333333333,0.040651774282975825
-443.25,0.18095221798852906
-443.1666666666667,0.2969376446512548
-443.0833333333333,0.3832922566039423
-443.0,0.43722907003281736
-442.9166666666667,0.458497624186004
-442.8333333333333,0.4491929732570169
-442.75,0.4133943799821107
-442.6666666666667,0.3566748501412472
-442.5833333333333,0.2855311418320509
-442.5,0.20678758817187734
-442.4166666666667,0.12702587942506696
-442.3333333333333,0.05208720400886547
-442.25,-0.013316405736405834
-442.1666666666667,-0.06585697165931487
-442.0833333333333,-0.10370092232285653
-442.0,-0.12647798627901463
-441.9166666666667,-0.1351244001022214
-441.8333333333333,-0.13162657609032988
-441.75,-0.11869857474198248
-441.6666666666667,-0.0994302487635056
-441.5833333333333,-0.07694264201788013
-441.5,-0.0540833903412758
-441.4166666666667,-0.03318807140377572
-441.3333333333333,-0.0159245434099276
-441.25,-0.0032273224752331735
-441.1666666666667,0.004680939585877168
-441.0833333333333,0.008192770176796323
-441.0,0.008162923248485165
-440.9166666666667,0.005722602587847927
-440.8333333333333,0.0020859284635220314
-440.75,-0.0016275567155623477
-440.6666666666667,-0.00453441925067476
-440.5833333333333,-0.0060788819072032756
-440.5,-0.00606754165723911
-440.4166666666667,-0.004647973904297279
-440.3333333333333,-0.002239004107989432
-440.25,0.0005738112988394965
-440.1666666666667,0.0031601278703282266
-440.0833333333333,0.004965318445820826
-440.0,0.005611631108960767
-439.9166666666667,0.004965318445807762
-439.8333333333333,0.003160127870297382
-439.75,0.0005738112987744898
-439.6666666666667,-0.002239004108043902
-439.5833333333333,-0.004647973904359204
-439.5,-0.006067541657305198
-439.4166666666667,-0.006078881907270019
-439.3333333333333,-0.004534419250726224
-439.25,-0.0016275567156079922
-439.1666666666667,0.0020859284634713064
-439.0833333333333,0.00572260258780674
-439.0,0.00816292324845458
-438.9166666666667,0.008192770176776948
-438.8333333333333,0.0046809395858688155
-438.75,-0.0032273224752310055
-438.6666666666667,-0.0159245434098757
-438.5833333333333,-0.03318807140375492
-438.5,-0.054083390341247005
-438.4166666666667,-0.07694264201784416
-438.3333333333333,-0.09943024876346315
-438.25,-0.11869857474193408
-438.1666666666667,-0.13162657609029996
-438.0833333333333,-0.1351244001021959
-438.0,-0.12647798627898826
-437.9166666666667,-0.10370092232276933
-437.8333333333333,-0.065856971659247
-437.75,-0.013316405736338403
-437.6666666666667,0.05208720400889707
-437.5833333333333,0.12702587942510113
-437.5,0.20678758817192508
-437.4166666666667,0.28553114183208483
-437.3333333333333,0.35667485014118183
-437.25,0.413394379982077
-437.1666666666667,0.4491929732569837
-437.0833333333333,0.45849762418597356
-437.0,0.43722907003273725
-436.9166666666667,0.38329225660383803
-436.8333333333333,0.29693764465112965
-436.75,0.1809522179883881
-436.6666666666667,0.04065177428282557
-436.5833333333333,-0.11633795839146921
-436.5,-0.28050595577248294
-436.4166666666667,-0.44106261087834187
-436.3333333333333,-0.586687879035674
-436.25,-0.7063660812511586
-436.1666666666667,-0.7902426878433321
-436.0833333333333,-0.8304337493894183
-436.0,-0.8217198225566792
-435.9166666666667,-0.7620633311858026
-435.83333333333337,-0.6529008577092934
-435.75,-0.49917892822651544
-435.6666666666667,-0.3091220653829402
-435.58333333333337,-0.09374355852168378
-435.5,0.13386929959928304
-435.4166666666667,0.3594446757675737
-435.33333333333337,0.5685243315176716
-435.25,0.7474944598774477
-435.1666666666667,0.8845694794743015
-435.08333333333337,0.9706518309999965
-435.0,1.0
-434.9166666666667,0.9706518310000195
-434.83333333333337,0.8845694794743458
-434.75,0.7474944598773684
-434.6666666666667,0.5685243315175731
-434.58333333333337,0.3594446757674615
-434.5,0.13386929959912042
-434.4166666666667,-0.09374355852160182
-434.33333333333337,-0.3091220653828679
-434.25,-0.49917892822661913
-434.1666666666667,-0.6529008577093242
-434.08333333333337,-0.7620633311858696
-434.0,-0.8217198225567567
-433.9166666666667,-0.8304337493894179
-433.83333333333337,-0.7902426878433275
-433.75,-0.7063660812511314
-433.6666666666667,-0.5866878790356266
-433.58333333333337,-0.4410626108784147
-433.5,-0.2805059557724062
-433.4166666666667,-0.11633795839137605
-433.33333333333337,0.04065177428291406
-433.25,0.1809522179886051
-433.1666666666667,0.2969376446512402
-433.08333333333337,0.38329225660383187
-433.0,0.4372290700328019
-432.9166666666667,0.45849762418600165
-432.83333333333337,0.4491929732570265
-432.75,0.41339437998210155
-432.6666666666667,0.3566748501411926
-432.58333333333337,0.28553114183208234
-432.5,0.20678758817191037
-432.4166666666667,0.12702587942509921
-432.33333333333337,0.05208720400893657
-432.25,-0.013316405736381405
-432.1666666666667,-0.06585697165929617
-432.08333333333337,-0.10370092232284406
-432.0,-0.12647798627904502
-431.9166666666667,-0.13512440010224516
-431.83333333333337,-0.13162657609033349
-431.75,-0.11869857474198932
-431.6666666666667,-0.09943024876351438
-431.58333333333337,-0.07694264201796015
-431.5,-0.05408339034128495
-431.4166666666667,-0.033188071403783666
-431.33333333333337,-0.015924543409933836
-431.25,-0.0032273224752630337
-431.1666666666667,0.004680939585891729
-431.08333333333337,0.008192770176795636
-431.0,0.008162923248485684
-430.9166666666667,0.005722602587849249
-430.83333333333337,0.00208592846351029
-430.75,-0.0016275567155509948
-430.6666666666667,-0.00453441925066114
-430.58333333333337,-0.006078881907202952
-430.5,-0.006067541657304349
-430.4166666666667,-0.0046479739042871926
-430.33333333333337,-0.0022390041080000657
-430.25,0.0005738112988384207
-430.1666666666667,0.0031601278703273453
-430.08333333333337,0.004965318445820334
-430.0,0.005611631108960767
-429.9166666666667,0.004965318445805482
-429.83333333333337,0.003160127870298341
-429.75,0.0005738112987756432
-429.6666666666667,-0.0022390041080427555
-429.58333333333337,-0.004647973904347486
-429.5,-0.006067541657304861
-429.4166666666667,-0.006078881907270317
-429.33333333333337,-0.004534419250727144
-429.25,-0.0016275567156224036
-429.1666666666667,0.002085928463469907
-429.08333333333337,0.005722602587805444
-429.0,0.008162923248454062
-428.9166666666667,0.008192770176777582
-428.83333333333337,0.004680939585887957
-428.75,-0.003227322475226721
-428.6666666666667,-0.015924543409869575
-428.58333333333337,-0.03318807140374698
-428.5,-0.054083390341252445
-428.4166666666667,-0.07694264201790517
-428.33333333333337,-0.09943024876345434
-428.25,-0.1186985747419273
-428.1666666666667,-0.13162657609029638
-428.08333333333337,-0.13512440010218807
-428.0,-0.1264779862789579
-427.9166666666667,-0.1037009223228027
-427.83333333333337,-0.0658569716592656
-427.75,-0.013316405736293939
-427.6666666666667,0.05208720400894253
-427.58333333333337,0.1270258794250166
-427.5,0.20678758817189202
-427.4166666666667,0.28553114183205347
-427.33333333333337,0.356674850141155
-427.25,0.41339437998208606
-427.1666666666667,0.4491929732569782
-427.08333333333337,0.4584976241859758
-427.0,0.4372290700327527
-426.9166666666667,0.383292256603867
-426.83333333333337,0.29693764465119893
-426.75,0.18095221798844133
-426.6666666666667,0.04065177428288739
-426.58333333333337,-0.11633795839140239
-426.5,-0.28050595577257986
-426.4166666666667,-0.4410626108784149
-426.33333333333337,-0.5866878790356187
-426.25,-0.7063660812511162
-426.1666666666667,-0.7902426878433061
-426.08333333333337,-0.8304337493894068
-426.0,-0.8217198225566933
-425.9166666666667,-0.7620633311858374
-425.83333333333337,-0.6529008577092914
-425.75,-0.4991789282265024
-425.6666666666667,-0.30912206538283715
-425.58333333333337,-0.09374355852157336
-425.5,0.13386929959918875
-425.4166666666667,0.35944467576748323
-425.33333333333337,0.568524331517591
-425.25,0.7474944598774761
-425.1666666666667,0.8845694794743548
-425.08333333333337,0.9706518310000241
-425.0,1.0
-424.9166666666667,0.9706518309999795
-424.83333333333337,0.8845694794743922
-424.75,0.7474944598774342
-424.6666666666667,0.568524331517654
-424.58333333333337,0.35944467576755196
-424.5,0.1338692995990091
-424.4166666666667,-0.0937435585217515
-424.33333333333337,-0.309122065382971
-424.25,-0.4991789282265478
-424.1666666666667,-0.6529008577092696
-424.08333333333337,-0.7620633311858345
-424.0,-0.8217198225567428
-423.9166666666667,-0.8304337493894247
-423.83333333333337,-0.7902426878433534
-423.75,-0.7063660812510891
-423.6666666666667,-0.5866878790355833
-423.58333333333337,-0.4410626108783414
-423.5,-0.28050595577247384
-423.4166666666667,-0.11633795839144292
-423.33333333333337,0.040651774282852216
-423.25,0.1809522179885519
-423.1666666666667,0.2969376446511982
-423.08333333333337,0.3832922566038843
-423.0,0.4372290700328392
-422.9166666666667,0.458497624186023
-422.83333333333337,0.4491929732570109
-422.75,0.4133943799821211
-422.6666666666667,0.35667485014121936
-422.58333333333337,0.28553114183211364
-422.5,0.206787588171871
-422.4166666666667,0.1270258794250554
-422.33333333333337,0.05208720400892376
-422.25,-0.013316405736386615
-422.1666666666667,-0.06585697165933747
-422.08333333333337,-0.10370092232283165
-422.0,-0.12647798627903864
-421.9166666666667,-0.13512440010224425
-421.83333333333337,-0.13162657609033707
-421.75,-0.1186985747419871
-421.6666666666667,-0.09943024876351862
-421.58333333333337,-0.07694264201789908
-421.5,-0.05408339034129407
-421.4166666666667,-0.03318807140379166
-421.33333333333337,-0.01592454340994005
-421.25,-0.0032273224752673176
-421.1666666666667,0.004680939585889356
-421.08333333333337,0.008192770176795053
-421.0,0.008162923248453621
-420.9166666666667,0.005722602587864515
-420.83333333333337,0.0020859284635252194
-420.75,-0.0016275567155495433
-420.6666666666667,-0.004534419250660207
-420.58333333333337,-0.006078881907202641
-420.5,-0.0060675416573046535
-420.4166666666667,-0.004647973904288002
-420.33333333333337,-0.002239004107991642
-420.25,0.0005738112988448878
-420.1666666666667,0.0031601278703473554
-420.08333333333337,0.00496531844582264
-420.0,0.005611631108960767
-419.9166666666667,0.004965318445806078
-419.83333333333337,0.003160127870299274
-419.75,0.0005738112987691504
-419.6666666666667,-0.0022390041080752846
-419.58333333333337,-0.00464797390435756
-419.5,-0.006067541657316344
-419.4166666666667,-0.006078881907202758
-419.33333333333337,-0.00453441925072809
-419.25,-0.0016275567156238291
-419.1666666666667,0.0020859284634683
-419.08333333333337,0.00572260258780407
-419.0,0.008162923248438692
-418.9166666666667,0.008192770176795221
-418.83333333333337,0.004680939585873448
-418.75,-0.0032273224752225414
-418.6666666666667,-0.015924543409863334
-418.58333333333337,-0.03318807140373904
-418.5,-0.05408339034124335
-418.4166666666667,-0.07694264201789566
-418.33333333333337,-0.09943024876344553
-418.25,-0.11869857474191703
-418.1666666666667,-0.1316265760902795
-418.08333333333337,-0.1351244001021977
-418.0,-0.12647798627896426
-417.9166666666667,-0.10370092232281522
-417.83333333333337,-0.06585697165928435
-417.75,-0.01331640573631842
-417.6666666666667,0.05208720400891332
-417.58333333333337,0.12702587942503663
-417.5,0.2067875881719179
-417.4166666666667,0.28553114183208544
-417.33333333333337,0.3566748501412097
-417.25,0.4133943799820665
-417.1666666666667,0.4491929732569686
-417.08333333333337,0.45849762418597795
-417.0,0.4372290700327395
-416.9166666666667,0.38329225660381455
-416.83333333333337,0.2969376446512135
-416.75,0.18095221798844205
-416.6666666666667,0.04065177428280484
-416.58333333333337,-0.11633795839133548
-416.5,-0.2805059557725122
-416.4166666666667,-0.4410626108783512
-416.33333333333337,-0.5866878790355632
-416.25,-0.7063660812511586
-416.1666666666667,-0.7902426878433273
-416.08333333333337,-0.8304337493894046
-416.0,-0.8217198225567073
-415.9166666666667,-0.7620633311858724
-415.83333333333337,-0.652900857709346
-415.75,-0.4991789282265737
-415.6666666666667,-0.3091220653829214
-415.58333333333337,-0.09374355852166553
-415.5,0.13386929959930008
-415.4166666666667,0.3594446757676321
-415.33333333333337,0.5685243315176846
-415.25,0.7474944598774103
-415.1666666666667,0.8845694794743084
-415.08333333333337,0.9706518310000001
-415.0,1.0
-414.9166666666667,0.9706518310000035
-414.83333333333337,0.8845694794743391
-414.75,0.7474944598773583
-414.6666666666667,0.5685243315176203
-414.58333333333337,0.35944467576744626
-414.5,0.1338692995991034
-414.4166666666667,-0.09374355852165935
-414.33333333333337,-0.3091220653828867
-414.25,-0.4991789282266376
-414.1666666666667,-0.6529008577092715
-414.08333333333337,-0.7620633311858845
-414.0,-0.8217198225567692
-413.9166666666667,-0.8304337493894269
-413.83333333333337,-0.7902426878433795
-413.75,-0.7063660812511317
-413.6666666666667,-0.5866878790356388
-413.58333333333337,-0.44106261087840537
-413.5,-0.28050595577239246
-413.4166666666667,-0.1163379583913584
-413.33333333333337,0.04065177428293472
-413.25,0.1809522179886196
-413.1666666666667,0.29693764465115635
-413.08333333333337,0.3832922566038553
-413.0,0.43722907003282385
-412.9166666666667,0.4584976241860207
-412.83333333333337,0.44919297325702057
-412.75,0.4133943799820968
-412.6666666666667,0.3566748501411976
-412.58333333333337,0.2855311418320649
-412.5,0.20678758817190404
-412.4166666666667,0.1270258794250876
-412.33333333333337,0.052087204008952954
-412.25,-0.01331640573636212
-412.1666666666667,-0.06585697165931878
-412.08333333333337,-0.1037009223227982
-412.0,-0.12647798627899234
-411.9166666666667,-0.135124400102268
-411.83333333333337,-0.13162657609035394
-411.75,-0.11869857474199397
-411.6666666666667,-0.09943024876352738
-411.58333333333337,-0.07694264201790867
-411.5,-0.0540833903412412
-411.4166666666667,-0.03318807140378272
-411.33333333333337,-0.015924543409928466
-411.25,-0.0032273224752539338
-411.1666666666667,0.0046809395858609165
-411.08333333333337,0.008192770176794314
-411.0,0.00816292324845427
-410.9166666666667,0.005722602587865837
-410.83333333333337,0.0020859284635268006
-410.75,-0.001627556715535132
-410.6666666666667,-0.004534419250639652
-410.58333333333337,-0.006078881907189966
-410.5,-0.006067541657293165
-410.4166666666667,-0.00464797390428881
-410.33333333333337,-0.0022390041079927885
-410.25,0.0005738112988437991
-410.1666666666667,0.003160127870346422
-410.08333333333337,0.00496531844582207
-410.0,0.005611631108960767
-409.9166666666667,0.004965318445820541
-409.83333333333337,0.00316012787029479
-409.75,0.0005738112987702519
-409.6666666666667,-0.002239004108074099
-409.58333333333337,-0.004647973904356751
-409.5,-0.006067541657316052
-409.4166666666667,-0.006078881907203055
-409.33333333333337,-0.004534419250741698
-409.25,-0.0016275567156382148
-409.1666666666667,0.00208592846345337
-409.08333333333337,0.005722602587812572
-409.0,0.008162923248438095
-408.9166666666667,0.008192770176795856
-408.83333333333337,0.004680939585875768
-408.75,-0.003227322475235873
-408.6666666666667,-0.015924543409874817
-408.58333333333337,-0.033188071403714645
-408.5,-0.05408339034122484
-408.4166666666667,-0.07694264201789672
-408.33333333333337,-0.09943024876351116
-408.25,-0.11869857474191009
-408.1666666666667,-0.13162657609027592
-408.08333333333337,-0.13512440010219864
-408.0,-0.1264779862789738
-407.9166666666667,-0.10370092232277876
-407.83333333333337,-0.06585697165930292
-407.75,-0.013316405736321335
-407.6666666666667,0.05208720400888406
-407.58333333333337,0.12702587942500443
-407.5,0.2067875881718848
-407.4166666666667,0.28553114183205414
-407.33333333333337,0.3566748501411664
-407.25,0.4133943799820993
-407.1666666666667,0.449192973256993
-407.08333333333337,0.4584976241859567
-407.0,0.4372290700327549
-406.9166666666667,0.3832922566038436
-406.83333333333337,0.29693764465121536
-406.75,0.18095221798845684
-406.6666666666667,0.040651774282901565
-406.58333333333337,-0.11633795839141992
-406.5,-0.2805059557725937
-406.4166666666667,-0.4410626108784454
-406.33333333333337,-0.5866878790356231
-406.25,-0.706366081251116
-406.1666666666667,-0.7902426878433096
-406.08333333333337,-0.8304337493893978
-406.0,-0.8217198225566809
-405.9166666666667,-0.7620633311858193
-405.83333333333337,-0.6529008577092742
-405.75,-0.49917892822648396
-405.6666666666667,-0.3091220653828585
-405.58333333333337,-0.09374355852159524
-405.5,0.1338692995992058
-405.4166666666667,0.3594446757675417
-405.33333333333337,0.5685243315176036
-405.25,0.747494459877486
-405.1666666666667,0.8845694794743453
-405.08333333333337,0.9706518310000193
-405.0,1.0
-404.9166666666667,0.9706518310000276
-404.83333333333337,0.8845694794743854
-404.75,0.7474944598774241
-404.6666666666667,0.568524331517671
-404.58333333333337,0.35944467576757166
-404.5,0.1338692995990304
-404.4166666666667,-0.09374355852176974
-404.33333333333337,-0.30912206538302234
-404.25,-0.4991789282265662
-404.1666666666667,-0.6529008577092519
-404.08333333333337,-0.7620633311858198
-404.0,-0.8217198225567314
-403.9166666666667,-0.8304337493894337
-403.83333333333337,-0.7902426878433372
-403.75,-0.706366081251065
-403.6666666666667,-0.5866878790355788
-403.58333333333337,-0.44106261087834864
-403.5,-0.2805059557724839
-403.4166666666667,-0.11633795839142524
-403.33333333333337,0.04065177428287295
-403.25,0.18095221798856648
-403.1666666666667,0.29693764465122197
-403.08333333333337,0.38329225660386756
-403.0,0.4372290700328227
-402.9166666666667,0.45849762418600704
-402.83333333333337,0.44919297325702606
-402.75,0.41339437998211637
-402.6666666666667,0.35667485014122446
-402.58333333333337,0.2855311418321046
-402.5,0.20678758817186468
-402.4166666666667,0.12702587942505214
-402.33333333333337,0.05208720400890749
-402.25,-0.013316405736406587
-402.1666666666667,-0.06585697165930009
-402.08333333333337,-0.10370092232282073
-402.0,-0.12647798627902435
-401.9166666666667,-0.13512440010222693
-401.83333333333337,-0.13162657609035752
-401.75,-0.11869857474200417
-401.6666666666667,-0.09943024876353158
-401.58333333333337,-0.07694264201790758
-401.5,-0.05408339034127404
-401.4166666666667,-0.03318807140377424
-401.33333333333337,-0.015924543409934717
-401.25,-0.003227322475258166
-401.1666666666667,0.004680939585858603
-401.08333333333337,0.00819277017680949
-401.0,0.008162923248469562
-400.9166666666667,0.00572260258785114
-400.83333333333337,0.0020859284635067906
-400.75,-0.0016275567155337842
-400.6666666666667,-0.004534419250638745
-400.58333333333337,-0.006078881907189655
-400.5,-0.006067541657293509
-400.4166666666667,-0.0046479739043136905
-400.33333333333337,-0.0022390041080142956
-400.25,0.0005738112988266014
-400.1666666666667,0.0031601278703508803
-400.08333333333337,0.00496531844583262
-400.0,0.005611631108960767
-399.9166666666667,0.004965318445812661
-399.83333333333337,0.0031601278703121045
-399.75,0.0005738112987874107
-399.6666666666667,-0.002239004108082555
-399.58333333333337,-0.004647973904390926
-399.5,-0.006067541657348568
-399.4166666666667,-0.006078881907243503
-399.33333333333337,-0.004534419250702559
-399.25,-0.0016275567156012532
-399.1666666666667,0.002085928463451763
-399.08333333333337,0.0057226025878112765
-399.0,0.008162923248455358
-398.9166666666667,0.008192770176780745
-398.83333333333337,0.004680939585869658
-398.75,-0.0032273224752316413
-398.6666666666667,-0.01592454340986859
-398.58333333333337,-0.03318807140370667
-398.5,-0.05408339034121561
-398.4166666666667,-0.07694264201788724
-398.33333333333337,-0.09943024876346745
-398.25,-0.11869857474193826
-398.1666666666667,-0.13162657609029915
-398.08333333333337,-0.13512440010217494
-398.0,-0.1264779862789802
-397.9166666666667,-0.10370092232279125
-397.83333333333337,-0.0658569716592917
-397.75,-0.013316405736322139
-397.6666666666667,0.05208720400891311
-397.58333333333337,0.1270258794250483
-397.5,0.2067875881719242
-397.4166666666667,0.2855311418320831
-397.33333333333337,0.3566748501412046
-397.25,0.4133943799820799
-397.1666666666667,0.4491929732569833
-397.08333333333337,0.45849762418595896
-397.0,0.43722907003271766
-396.9166666666667,0.3832922566038122
-396.83333333333337,0.2969376446511897
-396.75,0.1809522179884192
-396.6666666666667,0.040651774282963356
-396.58333333333337,-0.11633795839135314
-396.5,-0.28050595577252596
-396.4166666666667,-0.4410626108783816
-396.33333333333337,-0.5866878790355678
-396.25,-0.7063660812511583
-396.1666666666667,-0.790242687843331
-396.08333333333337,-0.8304337493894121
-396.0,-0.8217198225566948
-395.9166666666667,-0.7620633311858542
-395.83333333333337,-0.6529008577093287
-395.75,-0.49917892822655535
-395.6666666666667,-0.30912206538294285
-395.58333333333337,-0.09374355852168736
-395.5,0.1338692995992788
-395.4166666666667,0.35944467576764727
-395.33333333333337,0.5685243315177373
-395.25,0.7474944598774202
-395.1666666666667,0.8845694794742988
-395.08333333333337,0.9706518309999953
-395.0,1.0
-394.9166666666667,0.9706518310000002
-394.83333333333337,0.8845694794743081
-394.75,0.747494459877315
-394.6666666666667,0.5685243315176074
-394.58333333333337,0.3594446757674661
-394.5,0.1338692995991247
-394.4166666666667,-0.09374355852167757
-394.33333333333337,-0.309122065382938
-394.25,-0.4991789282266798
-394.1666666666667,-0.6529008577092889
-394.08333333333337,-0.76206333118587
-394.0,-0.8217198225567578
-393.9166666666667,-0.8304337493894404
-393.83333333333337,-0.7902426878433632
-393.75,-0.7063660812511077
-393.6666666666667,-0.5866878790356341
-393.58333333333337,-0.4410626108784125
-393.5,-0.2805059557724025
-393.4166666666667,-0.11633795839137079
-393.33333333333337,0.04065177428295548
-393.25,0.1809522179885132
-393.1666666666667,0.2969376446511801
-393.08333333333337,0.38329225660383864
-393.0,0.4372290700328073
-392.9166666666667,0.4584976241860048
-392.83333333333337,0.4491929732570358
-392.75,0.41339437998210715
-392.6666666666667,0.35667485014119565
-392.58333333333337,0.28553114183206424
-392.5,0.2067875881718977
-392.4166666666667,0.12702587942508434
-392.33333333333337,0.05208720400893662
-392.25,-0.013316405736382118
-392.1666666666667,-0.06585697165929844
-392.08333333333337,-0.10370092232282213
-392.0,-0.12647798627901632
-391.9166666666667,-0.1351244001022507
-391.83333333333337,-0.13162657609033426
-391.75,-0.11869857474201104
-391.6666666666667,-0.0994302487635404
-391.58333333333337,-0.07694264201791705
-391.5,-0.054083390341244875
-391.4166666666667,-0.03318807140376531
-391.33333333333337,-0.015924543409914792
-391.25,-0.003227322475244834
-391.1666666666667,0.004680939585856335
-391.08333333333337,0.008192770176808868
-391.0,0.00816292324847021
-390.9166666666667,0.005722602587852514
-390.83333333333337,0.002085928463508424
-390.75,-0.001627556715557734
-390.6666666666667,-0.004534419250625072
-390.58333333333337,-0.006078881907161843
-390.5,-0.006067541657293826
-390.4166666666667,-0.004647973904314526
-390.33333333333337,-0.0022390041080154618
-390.25,0.0005738112988254091
-390.1666666666667,0.003160127870349999
-390.08333333333337,0.004965318445832127
-390.0,0.005611631108960767
-389.9166666666667,0.004965318445818778
-389.83333333333337,0.0031601278703076723
-389.75,0.000573811298788603
-389.6666666666667,-0.0022390041080814793
-389.58333333333337,-0.004647973904390091
-389.5,-0.0060675416573482705
-389.4166666666667,-0.006078881907216054
-389.33333333333337,-0.004534419250716141
-389.25,-0.0016275567156156126
-389.1666666666667,0.002085928463471825
-389.08333333333337,0.005722602587795984
-389.0,0.008162923248454789
-388.9166666666667,0.008192770176781366
-388.83333333333337,0.004680939585871978
-388.75,-0.003227322475244973
-388.6666666666667,-0.015924543409888553
-388.58333333333337,-0.0331880714037156
-388.5,-0.05408339034122114
-388.4166666666667,-0.07694264201787765
-388.33333333333337,-0.0994302487634587
-388.25,-0.11869857474193142
-388.1666666666667,-0.13162657609029557
-388.08333333333337,-0.1351244001021758
-388.0,-0.12647798627894977
-387.9166666666667,-0.10370092232279798
-387.83333333333337,-0.06585697165928031
-387.75,-0.013316405736346557
-387.6666666666667,0.052087204008884
-387.58333333333337,0.127025879425016
-387.5,0.20678758817189113
-387.4166666666667,0.28553114183205186
-387.33333333333337,0.3566748501411778
-387.25,0.41339437998211265
-387.1666666666667,0.4491929732569778
-387.08333333333337,0.4584976241859726
-387.0,0.43722907003273304
-386.9166666666667,0.3832922566038412
-386.83333333333337,0.29693764465123174
-386.75,0.1809522179884724
-386.6666666666667,0.04065177428288086
-386.58333333333337,-0.11633795839140765
-386.5,-0.2805059557725837
-386.4166666666667,-0.4410626108784547
-386.33333333333337,-0.5866878790356518
-386.25,-0.7063660812511158
-386.1666666666667,-0.7902426878433048
-386.08333333333337,-0.8304337493894055
-386.0,-0.8217198225566922
-385.9166666666667,-0.7620633311858042
-385.83333333333337,-0.6529008577092436
-385.75,-0.4991789282264417
-385.6666666666667,-0.30912206538302717
-385.58333333333337,-0.09374355852177954
-385.5,0.13386929959918445
-385.4166666666667,0.35944467576755684
-385.33333333333337,0.5685243315176565
-385.25,0.7474944598775294
-385.1666666666667,0.8845694794743356
-385.08333333333337,0.9706518310000226
-385.0,1.0
-384.9166666666667,0.9706518310000243
-384.83333333333337,0.8845694794743546
-384.75,0.7474944598773808
-384.6666666666667,0.5685243315176883
-384.58333333333337,0.35944467576755645
-384.5,0.13386929959901336
-384.4166666666667,-0.09374355852174789
-384.33333333333337,-0.30912206538304104
-384.25,-0.49917892822660825
-384.1666666666667,-0.6529008577092341
-384.08333333333337,-0.7620633311858349
-384.0,-0.8217198225567437
-383.9166666666667,-0.830433749389426
-383.83333333333337,-0.7902426878433418
-383.75,-0.7063660812510654
-383.6666666666667,-0.5866878790355502
-383.58333333333337,-0.4410626108783558
-383.5,-0.28050595577247006
-383.4166666666667,-0.11633795839143755
-383.33333333333337,0.04065177428289366
-383.25,0.18095221798858924
-383.1666666666667,0.29693764465123007
-383.08333333333337,0.3832922566038509
-383.0,0.43722907003280614
-382.9166666666667,0.45849762418600254
-382.83333333333337,0.4491929732570454
-382.75,0.4133943799821268
-382.6666666666667,0.3566748501412226
-382.58333333333337,0.2855311418320956
-382.5,0.20678758817185836
-382.4166666666667,0.12702587942504057
-382.33333333333337,0.05208720400890767
-382.25,-0.013316405736357688
-382.1666666666667,-0.0658569716592798
-382.08333333333337,-0.10370092232280971
-382.0,-0.12647798627901002
-381.9166666666667,-0.13512440010224977
-381.83333333333337,-0.1316265760903379
-381.75,-0.11869857474198292
-381.6666666666667,-0.09943024876354464
-381.58333333333337,-0.0769426420179285
-381.5,-0.054083390341254055
-381.4166666666667,-0.03318807140377326
-381.33333333333337,-0.015924543409921076
-381.25,-0.0032273224752490657
-381.1666666666667,0.004680939585870791
-381.08333333333337,0.008192770176784672
-381.0,0.008162923248452818
-380.9166666666667,0.005722602587837793
-380.83333333333337,0.0020859284635233017
-380.75,-0.0016275567155563603
-380.6666666666667,-0.004534419250624152
-380.58333333333337,-0.006078881907161532
-380.5,-0.006067541657261278
-380.4166666666667,-0.004647973904339391
-380.33333333333337,-0.0022390041080070184
-380.25,0.0005738112988319538
-380.1666666666667,0.003160127870338076
-380.08333333333337,0.004965318445831608
-380.0,0.005611631108960767
-379.9166666666667,0.004965318445819271
-379.83333333333337,0.003160127870308605
-379.75,0.0005738112987820584
-379.6666666666667,-0.002239004108059869
-379.58333333333337,-0.0046479739043652
-379.5,-0.006067541657347953
-379.4166666666667,-0.006078881907216352
-379.33333333333337,-0.004534419250717113
-379.25,-0.0016275567156170123
-379.1666666666667,0.0020859284634701923
-379.08333333333337,0.005722602587824573
-379.0,0.008162923248463108
-378.9166666666667,0.008192770176805498
-378.83333333333337,0.004680939585865867
-378.75,-0.003227322475240689
-378.6666666666667,-0.015924543409882308
-378.58333333333337,-0.033188071403724054
-378.5,-0.05408339034123573
-378.4166666666667,-0.07694264201786624
-378.33333333333337,-0.09943024876348938
-378.25,-0.11869857474195948
-378.1666666666667,-0.13162657609027875
-378.08333333333337,-0.1351244001021922
-378.0,-0.12647798627899454
-377.9166666666667,-0.10370092232281047
-377.83333333333337,-0.06585697165929905
-377.75,-0.013316405736325834
-377.6666666666667,0.052087204008929494
-377.58333333333337,0.12702587942505153
-377.5,0.20678758817193052
-377.4166666666667,0.28553114183209216
-377.33333333333337,0.3566748501411511
-377.25,0.4133943799820932
-377.1666666666667,0.44919297325696833
-377.08333333333337,0.45849762418597484
-377.0,0.43722907003273415
-376.9166666666667,0.383292256603829
-376.83333333333337,0.29693764465118166
-376.75,0.18095221798852568
-376.6666666666667,0.0406517742829427
-376.58333333333337,-0.11633795839134077
-376.5,-0.280505955772516
-376.4166666666667,-0.4410626108783744
-376.33333333333337,-0.5866878790355965
-376.25,-0.7063660812511822
-376.1666666666667,-0.7902426878433346
-376.08333333333337,-0.8304337493894033
-376.0,-0.8217198225567062
-375.9166666666667,-0.762063331185869
-375.83333333333337,-0.6529008577092981
-375.75,-0.49917892822651316
-375.6666666666667,-0.3091220653829643
-375.58333333333337,-0.09374355852166916
-375.5,0.13386929959929578
-375.4166666666667,0.3594446757676276
-375.33333333333337,0.5685243315177201
-375.25,0.7474944598774635
-375.1666666666667,0.8845694794742892
-375.08333333333337,0.9706518309999987
-375.0,1.0
-374.9166666666667,0.9706518310000052
-374.83333333333337,0.8845694794743176
-374.75,0.7474944598773287
-374.6666666666667,0.5685243315175547
-374.58333333333337,0.35944467576764694
-374.5,0.13386929959910765
-374.4166666666667,-0.09374355852165571
-374.33333333333337,-0.30912206538291664
-374.25,-0.49917892822665977
-374.1666666666667,-0.6529008577093195
-374.08333333333337,-0.7620633311858551
-374.0,-0.8217198225567297
-373.9166666666667,-0.8304337493894328
-373.83333333333337,-0.7902426878433595
-373.75,-0.706366081251108
-373.6666666666667,-0.5866878790356056
-373.58333333333337,-0.4410626108784195
-373.5,-0.28050595577241244
-373.4166666666667,-0.11633795839135314
-373.33333333333337,0.040651774282941276
-373.25,0.18095221798849762
-373.1666666666667,0.29693764465118816
-373.08333333333337,0.3832922566038219
-373.0,0.43722907003279077
-372.9166666666667,0.45849762418602374
-372.83333333333337,0.4491929732570209
-372.75,0.4133943799820939
-372.6666666666667,0.35667485014118444
-372.58333333333337,0.2855311418320665
-372.5,0.20678758817189144
-372.4166666666667,0.1270258794250727
-372.33333333333337,0.05208720400893678
-372.25,-0.013316405736378397
-372.1666666666667,-0.0658569716592911
-372.08333333333337,-0.10370092232280292
-372.0,-0.12647798627900045
-371.9166666666667,-0.13512440010223337
-371.83333333333337,-0.13162657609034145
-371.75,-0.1186985747419897
-371.6666666666667,-0.09943024876351851
-371.58333333333337,-0.07694264201793805
-371.5,-0.05408339034127256
-371.4166666666667,-0.03318807140374791
-371.33333333333337,-0.01592454340990947
-371.25,-0.003227322475253298
-371.1666666666667,0.0046809395858601255
-371.08333333333337,0.008192770176784036
-371.0,0.008162923248453467
-370.9166666666667,0.005722602587839062
-370.83333333333337,0.0020859284635249085
-370.75,-0.0016275567155419489
-370.6666666666667,-0.004534419250650629
-370.58333333333337,-0.006078881907188942
-370.5,-0.006067541657261595
-370.4166666666667,-0.0046479739043401875
-370.33333333333337,-0.0022390041080081785
-370.25,0.0005738112988308392
-370.1666666666667,0.0031601278703371686
-370.08333333333337,0.004965318445825492
-370.0,0.005611631108960767
-369.9166666666667,0.004965318445808721
-369.83333333333337,0.0031601278703205543
-369.75,0.0005738112987832247
-369.6666666666667,-0.0022390041080587414
-369.58333333333337,-0.004647973904364377
-369.5,-0.0060675416573210544
-369.4166666666667,-0.006078881907244203
-369.33333333333337,-0.00453441925069061
-369.25,-0.0016275567155930625
-369.1666666666667,0.002085928463455314
-369.08333333333337,0.005722602587823303
-369.0,0.008162923248462486
-368.9166666666667,0.008192770176806237
-368.83333333333337,0.004680939585868129
-368.75,-0.003227322475254073
-368.6666666666667,-0.015924543409893833
-368.58333333333337,-0.03318807140373294
-368.5,-0.05408339034122653
-368.4166666666667,-0.07694264201785671
-368.33333333333337,-0.09943024876348057
-368.25,-0.1186985747419527
-368.1666666666667,-0.13162657609027517
-368.08333333333337,-0.1351244001021931
-368.0,-0.12647798627896412
-367.9166666666667,-0.103700922322809
-367.83333333333337,-0.06585697165930068
-367.75,-0.013316405736350262
-367.6666666666667,0.05208720400890031
-367.58333333333337,0.12702587942501928
-367.5,0.2067875881718974
-367.4166666666667,0.28553114183206085
-367.33333333333337,0.35667485014117967
-367.25,0.4133943799821175
-367.1666666666667,0.4491929732569927
-367.08333333333337,0.4584976241859536
-367.0,0.4372290700327496
-366.9166666666667,0.38329225660385796
-366.83333333333337,0.2969376446512236
-366.75,0.18095221798845793
-366.6666666666667,0.04065177428289511
-366.58333333333337,-0.1163379583914253
-366.5,-0.2805059557725974
-366.4166666666667,-0.4410626108784476
-366.33333333333337,-0.5866878790355411
-366.25,-0.7063660812511398
-366.1666666666667,-0.7902426878433085
-366.08333333333337,-0.8304337493893965
-366.0,-0.8217198225566799
-365.9166666666667,-0.7620633311858188
-365.83333333333337,-0.6529008577092611
-365.75,-0.4991789282265847
-365.6666666666667,-0.30912206538304854
-365.58333333333337,-0.09374355852176132
-365.5,0.13386929959920152
-365.4166666666667,0.35944467576753714
-365.33333333333337,0.5685243315176393
-365.25,0.7474944598775157
-365.1666666666667,0.8845694794743665
-365.08333333333337,0.9706518310000176
-365.0,1.0
-364.9166666666667,0.970651831000029
-364.83333333333337,0.8845694794743642
-364.75,0.7474944598773946
-364.6666666666667,0.5685243315176356
-364.58333333333337,0.35944467576757627
-364.5,0.13386929959903465
-364.4166666666667,-0.09374355852176611
-364.33333333333337,-0.3091220653830197
-364.25,-0.4991789282265883
-364.1666666666667,-0.652900857709265
-364.08333333333337,-0.7620633311858201
-364.0,-0.8217198225567326
-363.9166666666667,-0.8304337493894349
-363.83333333333337,-0.7902426878433383
-363.75,-0.7063660812510655
-363.6666666666667,-0.586687879035554
-363.58333333333337,-0.4410626108784834
-363.5,-0.28050595577248005
-363.4166666666667,-0.11633795839142001
-363.33333333333337,0.04065177428287943
-363.25,0.1809522179885737
-363.1666666666667,0.29693764465121375
-363.08333333333337,0.3832922566038532
-363.0,0.4372290700327753
-362.9166666666667,0.4584976241860215
-362.83333333333337,0.44919297325703056
-362.75,0.4133943799821134
-362.6666666666667,0.3566748501412112
-362.58333333333337,0.2855311418320979
-362.5,0.20678758817186557
-362.4166666666667,0.1270258794250373
-362.33333333333337,0.05208720400889134
-362.25,-0.013316405736353981
-362.1666666666667,-0.06585697165927239
-362.08333333333337,-0.1037009223227905
-362.0,-0.12647798627899404
-361.9166666666667,-0.13512440010223248
-361.83333333333337,-0.1316265760903583
-361.75,-0.118698574742
-361.6666666666667,-0.09943024876352266
-361.58333333333337,-0.07694264201790701
-361.5,-0.05408339034128166
-361.4166666666667,-0.03318807140375587
-361.33333333333337,-0.015924543409915712
-361.25,-0.003227322475239914
-361.1666666666667,0.004680939585874635
-361.08333333333337,0.00819277017678278
-361.0,0.008162923248445145
-360.9166666666667,0.0057226025878305865
-360.83333333333337,0.0020859284635264376
-360.75,-0.0016275567155405492
-360.6666666666667,-0.004534419250649709
-360.58333333333337,-0.006078881907188657
-360.5,-0.006067541657288467
-360.4166666666667,-0.004647973904306052
-360.33333333333337,-0.0022390041080297437
-360.25,0.0005738112988296988
-360.1666666666667,0.0031601278703362098
-360.08333333333337,0.004965318445824921
-360.0,0.005611631108960767
-359.9166666666667,0.004965318445809266
-359.83333333333337,0.003160127870321513
-359.75,0.0005738112988003706
-359.6666666666667,-0.0022390041080671977
-359.58333333333337,-0.004647973904374437
-359.5,-0.006067541657320763
-359.4166666666667,-0.006078881907244514
-359.33333333333337,-0.0045344192506915305
-359.25,-0.0016275567155944104
-359.1666666666667,0.002085928463453707
-359.08333333333337,0.005722602587808036
-359.0,0.00816292324844722
-358.9166666666667,0.008192770176807454
-358.83333333333337,0.0046809395858966206
-358.75,-0.0032273224752498407
-358.6666666666667,-0.015924543409887672
-358.58333333333337,-0.033188071403725
-358.5,-0.05408339034123194
-358.4166666666667,-0.07694264201788772
-358.33333333333337,-0.09943024876347632
-358.25,-0.1186985747419549
-358.1666666666667,-0.13162657609029843
-358.08333333333337,-0.13512440010219393
-358.0,-0.12647798627897047
-357.9166666666667,-0.10370092232282142
-357.83333333333337,-0.06585697165931939
-357.75,-0.013316405736345065
-357.6666666666667,0.05208720400892934
-357.58333333333337,0.12702587942506316
-357.5,0.20678758817186438
-357.4166666666667,0.28553114183202954
-357.33333333333337,0.3566748501411529
-357.25,0.41339437998209805
-357.1666666666667,0.4491929732569831
-357.08333333333337,0.4584976241859558
-357.0,0.43722907003271233
-356.9166666666667,0.3832922566038055
-356.83333333333337,0.296937644651198
-356.75,0.1809522179885111
-356.6666666666667,0.04065177428295688
-356.58333333333337,-0.11633795839135845
-356.5,-0.2805059557725297
-356.4166666666667,-0.44106261087838383
-356.33333333333337,-0.5866878790355926
-356.25,-0.706366081251182
-356.1666666666667,-0.790242687843351
-356.08333333333337,-0.8304337493894107
-356.0,-0.8217198225566938
-355.9166666666667,-0.7620633311858538
-355.83333333333337,-0.6529008577093157
-355.75,-0.4991789282265333
-355.6666666666667,-0.3091220653829128
-355.58333333333337,-0.09374355852169103
-355.5,0.1338692995992745
-355.4166666666667,0.3594446757676428
-355.33333333333337,0.5685243315175585
-355.25,0.7474944598774499
-355.1666666666667,0.8845694794743201
-355.08333333333337,0.9706518309999937
-355.0,1.0
-354.9166666666667,0.9706518310000015
-354.83333333333337,0.8845694794743109
-354.75,0.7474944598774603
-354.6666666666667,0.5685243315177162
-354.58333333333337,0.35944467576766664
-354.5,0.13386929959912897
-354.4166666666667,-0.09374355852167393
-354.33333333333337,-0.3091220653829353
-354.25,-0.49917892822667814
-354.1666666666667,-0.6529008577093017
-354.08333333333337,-0.7620633311858734
-354.0,-0.8217198225567184
-353.9166666666667,-0.8304337493894418
-353.83333333333337,-0.7902426878433642
-353.75,-0.7063660812511081
-353.6666666666667,-0.5866878790356094
-353.58333333333337,-0.4410626108783892
-353.5,-0.280505955772383
-353.4166666666667,-0.11633795839136553
-353.33333333333337,0.04065177428296193
-353.25,0.1809522179885205
-353.1666666666667,0.29693764465117184
-353.08333333333337,0.38329225660382427
-353.0,0.43722907003278855
-352.9166666666667,0.45849762418600803
-352.83333333333337,0.44919297325703605
-352.75,0.4133943799821043
-352.6666666666667,0.3566748501411894
-352.58333333333337,0.2855311418321292
-352.5,0.20678758817189866
-352.4166666666667,0.1270258794250695
-352.33333333333337,0.0520872040089205
-352.25,-0.013316405736398381
-352.1666666666667,-0.0658569716593137
-352.08333333333337,-0.10370092232279202
-352.0,-0.1264779862789861
-351.9166666666667,-0.13512440010223156
-351.83333333333337,-0.1316265760903619
-351.75,-0.11869857474200687
-351.6666666666667,-0.09943024876353147
-351.58333333333337,-0.07694264201791652
-351.5,-0.05408339034125252
-351.4166666666667,-0.03318807140378029
-351.33333333333337,-0.015924543409895832
-351.25,-0.003227322475244146
-351.1666666666667,0.004680939585872321
-351.08333333333337,0.008192770176782197
-351.0,0.008162923248445768
-350.9166666666667,0.0057226025878319604
-350.83333333333337,0.0020859284635064796
-350.75,-0.0016275567155645508
-350.6666666666667,-0.004534419250636075
-350.58333333333337,-0.006078881907175995
-350.5,-0.006067541657288784
-350.4166666666667,-0.004647973904306861
-350.33333333333337,-0.0022390041080308388
-350.25,0.0005738112988125659
-350.1666666666667,0.003160127870340694
-350.08333333333337,0.004965318445827228
-350.0,0.005611631108960767
-349.9166666666667,0.004965318445815383
-349.83333333333337,0.0031601278703224465
-349.75,0.0005738112988014722
-349.6666666666667,-0.0022390041080660376
-349.58333333333337,-0.004647973904373628
-349.5,-0.006067541657332239
-349.4166666666667,-0.006078881907217065
-349.33333333333337,-0.004534419250712045
-349.25,-0.001627556715605867
-349.1666666666667,0.0020859284634521
-349.08333333333337,0.005722602587806714
-349.0,0.008162923248446571
-348.9166666666667,0.00819277017680809
-348.83333333333337,0.004680939585898934
-348.75,-0.003227322475219981
-348.6666666666667,-0.015924543409907527
-348.58333333333337,-0.03318807140373394
-348.5,-0.054083390341222844
-348.4166666666667,-0.07694264201787829
-348.33333333333337,-0.09943024876346751
-348.25,-0.11869857474194806
-348.1666666666667,-0.1316265760902948
-348.08333333333337,-0.13512440010217028
-348.0,-0.1264779862789401
-347.9166666666667,-0.10370092232278498
-347.83333333333337,-0.065856971659308
-347.75,-0.013316405736369547
-347.6666666666667,0.05208720400890015
-347.58333333333337,0.1270258794250309
-347.5,0.20678758817190374
-347.4166666666667,0.2855311418320615
-347.33333333333337,0.35667485014119105
-347.25,0.41339437998213086
-347.1666666666667,0.4491929732569986
-347.08333333333337,0.45849762418595796
-347.0,0.43722907003272776
-346.9166666666667,0.3832922566038345
-346.83333333333337,0.29693764465123995
-346.75,0.18095221798847344
-346.6666666666667,0.040651774282874406
-346.58333333333337,-0.11633795839141296
-346.5,-0.28050595577258747
-346.4166666666667,-0.44106261087831994
-346.33333333333337,-0.5866878790355373
-346.25,-0.7063660812511395
-346.1666666666667,-0.790242687843325
-346.08333333333337,-0.8304337493894042
-346.0,-0.8217198225566911
-345.9166666666667,-0.7620633311858038
-345.83333333333337,-0.6529008577092439
-345.75,-0.49917892822660465
-345.6666666666667,-0.30912206538299725
-345.58333333333337,-0.09374355852178318
-345.5,0.13386929959918017
-345.4166666666667,0.3594446757675523
-345.33333333333337,0.568524331517652
-345.25,0.7474944598775257
-345.1666666666667,0.8845694794743569
-345.08333333333337,0.9706518310000338
-345.0,1.0
-344.9166666666667,0.9706518310000255
-344.83333333333337,0.8845694794743574
-344.75,0.7474944598773846
-344.6666666666667,0.5685243315176527
-344.58333333333337,0.35944467576751776
-344.5,0.13386929959897467
-344.4166666666667,-0.09374355852174424
-344.33333333333337,-0.3091220653830384
-344.25,-0.4991789282266067
-344.1666666666667,-0.6529008577092472
-344.08333333333337,-0.7620633311858385
-344.0,-0.8217198225567379
-343.9166666666667,-0.8304337493894274
-343.83333333333337,-0.790242687843343
-343.75,-0.7063660812510658
-343.6666666666667,-0.5866878790356647
-343.58333333333337,-0.441062610878453
-343.5,-0.2805059557724507
-343.4166666666667,-0.1163379583914324
-343.33333333333337,0.04065177428290019
-343.25,0.18095221798859645
-343.1666666666667,0.29693764465123745
-343.08333333333337,0.3832922566038366
-343.0,0.4372290700327731
-342.9166666666667,0.45849762418600565
-342.83333333333337,0.4491929732570457
-342.75,0.41339437998212386
-342.6666666666667,0.35667485014121614
-342.58333333333337,0.28553114183208883
-342.5,0.2067875881718593
-342.4166666666667,0.12702587942504942
-342.33333333333337,0.05208720400889147
-342.25,-0.013316405736374017
-342.1666666666667,-0.06585697165929506
-342.08333333333337,-0.1037009223227795
-342.0,-0.12647798627897971
-341.9166666666667,-0.13512440010222196
-341.83333333333337,-0.13162657609033865
-341.75,-0.11869857474197874
-341.6666666666667,-0.09943024876353573
-341.58333333333337,-0.07694264201791547
-341.5,-0.054083390341261674
-341.4166666666667,-0.03318807140378825
-341.33333333333337,-0.01592454340990198
-341.25,-0.003227322475230866
-341.1666666666667,0.00468093958588683
-341.08333333333337,0.008192770176797216
-341.0,0.008162923248461086
-340.9166666666667,0.00572260258783323
-340.83333333333337,0.0020859284635079828
-340.75,-0.0016275567155631253
-340.6666666666667,-0.004534419250635155
-340.58333333333337,-0.006078881907175671
-340.5,-0.006067541657277302
-340.4166666666667,-0.004647973904331713
-340.33333333333337,-0.0022390041079983418
-340.25,0.0005738112988113995
-340.1666666666667,0.003160127870339709
-340.08333333333337,0.004965318445826736
-340.0,0.005611631108960767
-339.9166666666667,0.004965318445815901
-339.83333333333337,0.0031601278703023068
-339.75,0.0005738112987738937
-339.6666666666667,-0.002239004108044505
-339.58333333333337,-0.004647973904383715
-339.5,-0.006067541657331909
-339.4166666666667,-0.006078881907217363
-339.33333333333337,-0.004534419250713031
-339.25,-0.0016275567156072664
-339.1666666666667,0.00208592846347211
-339.08333333333337,0.005722602587791448
-339.0,0.008162923248431202
-338.9166666666667,0.008192770176792966
-338.83333333333337,0.004680939585892778
-338.75,-0.0032273224752156454
-338.6666666666667,-0.015924543409901338
-338.58333333333337,-0.03318807140372603
-338.5,-0.05408339034122829
-338.4166666666667,-0.07694264201787938
-338.33333333333337,-0.09943024876349825
-338.25,-0.11869857474197618
-338.1666666666667,-0.13162657609029127
-338.08333333333337,-0.13512440010217117
-338.0,-0.12647798627894646
-337.9166666666667,-0.1037009223227975
-337.83333333333337,-0.06585697165932675
-337.75,-0.013316405736348772
-337.6666666666667,0.05208720400891293
-337.58333333333337,0.1270258794250664
-337.5,0.2067875881718707
-337.4166666666667,0.2855311418320302
-337.33333333333337,0.35667485014116423
-337.25,0.4133943799821113
-337.1666666666667,0.449192973256989
-337.08333333333337,0.4584976241859717
-337.0,0.43722907003272893
-336.9166666666667,0.38329225660378213
-336.83333333333337,0.2969376446511742
-336.75,0.1809522179885267
-336.6666666666667,0.040651774282936225
-336.58333333333337,-0.11633795839134609
-336.5,-0.28050595577251974
-336.4166666666667,-0.4410626108783931
-336.33333333333337,-0.5866878790355973
-336.25,-0.7063660812511819
-336.1666666666667,-0.7902426878433546
-336.08333333333337,-0.8304337493894173
-336.0,-0.8217198225567052
-335.9166666666667,-0.7620633311858387
-335.83333333333337,-0.6529008577092985
-335.75,-0.49917892822651483
-335.6666666666667,-0.3091220653829343
-335.58333333333337,-0.0937435585216335
-335.5,0.13386929959933447
-335.4166666666667,0.35944467576746186
-335.33333333333337,0.5685243315175713
-335.25,0.7474944598774599
-335.1666666666667,0.8845694794743104
-335.08333333333337,0.9706518310000097
-335.0,1.0
-334.9166666666667,0.9706518310000064
-334.83333333333337,0.884569479474304
-334.75,0.7474944598774503
-334.6666666666667,0.5685243315177334
-334.58333333333337,0.3594446757676083
-334.5,0.13386929959906899
-334.4166666666667,-0.09374355852165207
-334.33333333333337,-0.3091220653829541
-334.25,-0.49917892822669657
-334.1666666666667,-0.6529008577093189
-334.08333333333337,-0.7620633311858586
-334.0,-0.8217198225567239
-333.9166666666667,-0.830433749389434
-333.83333333333337,-0.7902426878433689
-333.75,-0.7063660812511082
-333.6666666666667,-0.5866878790356047
-333.58333333333337,-0.44106261087839627
-333.5,-0.280505955772393
-333.4166666666667,-0.11633795839133963
-333.33333333333337,0.04065177428294776
-333.25,0.18095221798854327
-333.1666666666667,0.2969376446511956
-333.08333333333337,0.3832922566038075
-333.0,0.43722907003277206
-332.9166666666667,0.4584976241860029
-332.83333333333337,0.4491929732570212
-332.75,0.41339437998209105
-332.6666666666667,0.3566748501412429
-332.58333333333337,0.2855311418321201
-332.5,0.20678758817189233
-332.4166666666667,0.12702587942508162
-332.33333333333337,0.05208720400892068
-332.25,-0.013316405736394714
-332.1666666666667,-0.06585697165933631
-332.08333333333337,-0.10370092232281598
-332.0,-0.12647798627897336
-331.9166666666667,-0.135124400102221
-331.83333333333337,-0.13162657609034223
-331.75,-0.11869857474198559
-331.6666666666667,-0.09943024876354449
-331.58333333333337,-0.07694264201792497
-331.5,-0.05408339034125623
-331.4166666666667,-0.033188071403762946
-331.33333333333337,-0.015924543409930474
-331.25,-0.003227322475235098
-331.1666666666667,0.00468093958588451
-331.08333333333337,0.008192770176796621
-331.0,0.008162923248461657
-330.9166666666667,0.005722602587818534
-330.83333333333337,0.0020859284635094603
-330.75,-0.0016275567155517206
-330.6666666666667,-0.004534419250661632
-330.58333333333337,-0.006078881907163035
-330.5,-0.0060675416572776196
-330.4166666666667,-0.0046479739043325495
-330.33333333333337,-0.0022390041079994954
-330.25,0.000573811298838978
-330.1666666666667,0.003160127870327786
-330.08333333333337,0.004965318445829017
-330.0,0.005611631108960767
-329.9166666666667,0.004965318445816394
-329.83333333333337,0.0031601278703032917
-329.75,0.0005738112987750341
-329.6666666666667,-0.0022390041080434034
-329.58333333333337,-0.00464797390438288
-329.5,-0.006067541657343398
-329.4166666666667,-0.006078881907230025
-329.33333333333337,-0.0045344192506865146
-329.25,-0.0016275567156086921
-329.1666666666667,0.002085928463470555
-329.08333333333337,0.005722602587790152
-329.0,0.008162923248430631
-328.9166666666667,0.008192770176793639
-328.83333333333337,0.004680939585895091
-328.75,-0.003227322475229081
-328.6666666666667,-0.015924543409872913
-328.58333333333337,-0.03318807140375139
-328.5,-0.05408339034121919
-328.4166666666667,-0.0769426420178698
-328.33333333333337,-0.09943024876348949
-328.25,-0.11869857474196933
-328.1666666666667,-0.13162657609029832
-328.08333333333337,-0.1351244001021876
-328.0,-0.12647798627895437
-327.9166666666667,-0.103700922322761
-327.83333333333337,-0.06585697165928545
-327.75,-0.013316405736373292
-327.6666666666667,0.05208720400888372
-327.58333333333337,0.12702587942503415
-327.5,0.20678758817191006
-327.4166666666667,0.2855311418320622
-327.33333333333337,0.35667485014118605
-327.25,0.4133943799821204
-327.1666666666667,0.44919297325697943
-327.08333333333337,0.4584976241859739
-327.0,0.43722907003274425
-326.9166666666667,0.3832922566038111
-326.83333333333337,0.2969376446512162
-326.75,0.18095221798845065
-326.6666666666667,0.04065177428288861
-326.58333333333337,-0.11633795839143883
-326.5,-0.28050595577245213
-326.4166666666667,-0.4410626108783292
-326.33333333333337,-0.5866878790355419
-326.25,-0.7063660812511393
-326.1666666666667,-0.7902426878433285
-326.08333333333337,-0.8304337493894104
-326.0,-0.8217198225566855
-325.9166666666667,-0.7620633311858596
-325.83333333333337,-0.6529008577092831
-325.75,-0.4991789282264937
-325.6666666666667,-0.30912206538294124
-325.58333333333337,-0.09374355852164402
-325.5,0.13386929959924015
-325.4166666666667,0.3594446757675326
-325.33333333333337,0.5685243315176649
-325.25,0.7474944598774815
-325.1666666666667,0.8845694794743019
-325.08333333333337,0.9706518310000052
-325.0,1.0
-324.9166666666667,0.9706518310000305
-324.83333333333337,0.8845694794743505
-324.75,0.7474944598773745
-324.6666666666667,0.5685243315176399
-324.58333333333337,0.3594446757675376
-324.5,0.13386929959908195
-324.4166666666667,-0.09374355852168084
-324.33333333333337,-0.3091220653829396
-324.25,-0.4991789282266251
-324.1666666666667,-0.6529008577092644
-324.08333333333337,-0.7620633311858237
-324.0,-0.8217198225567267
-323.9166666666667,-0.830433749389421
-323.83333333333337,-0.7902426878433524
-323.75,-0.7063660812510962
-323.6666666666667,-0.5866878790355904
-323.58333333333337,-0.44106261087840226
-323.5,-0.2805059557724607
-323.4166666666667,-0.11633795839140643
-323.33333333333337,0.04065177428288599
-323.25,0.1809522179885122
-323.1666666666667,0.29693764465119965
-323.08333333333337,0.38329225660382976
-323.0,0.43722907003279493
-322.9166666666667,0.45849762418602447
-322.83333333333337,0.4491929732570182
-322.75,0.4133943799821105
-322.6666666666667,0.35667485014122113
-322.58333333333337,0.28553114183208816
-322.5,0.20678758817188242
-322.4166666666667,0.12702587942506396
-322.33333333333337,0.05208720400892882
-322.25,-0.01331640573638511
-322.1666666666667,-0.06585697165931771
-322.08333333333337,-0.10370092232280358
-322.0,-0.12647798627900375
-321.9166666666667,-0.13512440010220464
-321.83333333333337,-0.13162657609033518
-321.75,-0.11869857474198789
-321.6666666666667,-0.09943024876351608
-321.58333333333337,-0.07694264201793545
-321.5,-0.05408339034126541
-321.4166666666667,-0.033188071403770926
-321.33333333333337,-0.015924543409936653
-321.25,-0.003227322475264958
-321.1666666666667,0.00468093958589062
-321.08333333333337,0.008192770176784218
-321.0,0.00816292324845331
-320.9166666666667,0.005722602587838751
-320.83333333333337,0.002085928463524442
-320.75,-0.001627556715550347
-320.6666666666667,-0.004534419250660711
-320.58333333333337,-0.006078881907162699
-320.5,-0.006067541657261485
-320.4166666666667,-0.004647973904339981
-320.33333333333337,-0.002239004108007848
-320.25,0.0005738112988311244
-320.1666666666667,0.0031601278703373504
-320.08333333333337,0.004965318445825621
-320.0,0.005611631108960767
-319.9166666666667,0.004965318445814113
-319.83333333333337,0.003160127870315111
-319.75,0.0005738112987828878
-319.6666666666667,-0.002239004108059143
-319.58333333333337,-0.00464797390436461
-319.5,-0.0060675416573211455
-319.4166666666667,-0.0060788819072303485
-319.33333333333337,-0.004534419250687474
-319.25,-0.0016275567155846905
-319.1666666666667,0.0020859284634691553
-319.08333333333337,0.005722602587804796
-319.0,0.008162923248462694
-318.9166666666667,0.008192770176806016
-318.83333333333337,0.004680939585867448
-318.75,-0.003227322475224797
-318.6666666666667,-0.015924543409866678
-318.58333333333337,-0.03318807140374344
-318.5,-0.05408339034124832
-318.4166666666667,-0.0769426420178709
-318.33333333333337,-0.09943024876348296
-318.25,-0.11869857474195451
-318.1666666666667,-0.13162657609027612
-318.08333333333337,-0.13512440010219282
-318.0,-0.12647798627896079
-317.9166666666667,-0.10370092232277346
-317.83333333333337,-0.06585697165930413
-317.75,-0.013316405736343614
-317.6666666666667,0.05208720400890821
-317.58333333333337,0.12702587942502808
-317.5,0.20678758817190648
-317.4166666666667,0.28553114183206946
-317.33333333333337,0.356674850141187
-317.25,0.4133943799821009
-317.1666666666667,0.44919297325700386
-317.08333333333337,0.4584976241859767
-317.0,0.43722907003274536
-316.9166666666667,0.38329225660384997
-316.83333333333337,0.29693764465121214
-316.75,0.18095221798844338
-316.6666666666667,0.04065177428295045
-316.58333333333337,-0.11633795839137206
-316.5,-0.2805059557725491
-316.4166666666667,-0.4410626108783859
-316.33333333333337,-0.5866878790356018
-316.25,-0.7063660812511512
-316.1666666666667,-0.7902426878433155
-316.08333333333337,-0.8304337493893985
-316.0,-0.8217198225566996
-315.9166666666667,-0.7620633311858533
-315.83333333333337,-0.6529008577092813
-315.75,-0.4991789282264965
-315.6666666666667,-0.30912206538291553
-315.58333333333337,-0.09374355852173619
-315.5,0.13386929959922722
-315.4166666666667,0.3594446757675618
-315.33333333333337,0.5685243315176612
-315.25,0.7474944598774698
-315.1666666666667,0.8845694794743174
-315.08333333333337,0.9706518310000047
-315.0,1.0
-314.9166666666667,0.9706518310000224
-314.83333333333337,0.8845694794743516
-314.75,0.7474944598773766
-314.6666666666667,0.5685243315176135
-314.58333333333337,0.3594446757675515
-314.5,0.1338692995990903
-314.4166666666667,-0.09374355852170961
-314.33333333333337,-0.30912206538293263
-314.25,-0.49917892822660775
-314.1666666666667,-0.6529008577092797
-314.08333333333337,-0.7620633311858297
-314.0,-0.8217198225567364
-313.9166666666667,-0.8304337493894278
-313.83333333333337,-0.7902426878433654
-313.75,-0.7063660812511084
-313.6666666666667,-0.5866878790356003
-313.58333333333337,-0.44106261087838694
-313.5,-0.28050595577246157
-313.4166666666667,-0.11633795839140182
-313.33333333333337,0.040651774282896305
-313.25,0.18095221798852767
-313.1666666666667,0.2969376446512193
-313.08333333333337,0.383292256603831
-313.0,0.4372290700327939
-312.9166666666667,0.45849762418598694
-312.83333333333337,0.44919297325702795
-312.75,0.4133943799821081
-312.6666666666667,0.3566748501412038
-312.58333333333337,0.2855311418320893
-312.5,0.206787588171886
-312.4166666666667,0.12702587942507845
-312.33333333333337,0.05208720400893704
-312.25,-0.013316405736360695
-312.1666666666667,-0.06585697165927754
-312.08333333333337,-0.10370092232279388
-312.0,-0.12647798627899579
-311.9166666666667,-0.1351244001022327
-311.83333333333337,-0.1316265760903573
-311.75,-0.11869857474199015
-311.6666666666667,-0.09943024876352256
-311.58333333333337,-0.07694264201793342
-311.5,-0.054083390341279194
-311.4166666666667,-0.03318807140375372
-311.33333333333337,-0.01592454340991398
-311.25,-0.003227322475238812
-311.1666666666667,0.004680939585888301
-311.08333333333337,0.008192770176811123
-311.0,0.008162923248477597
-310.9166666666667,0.005722602587835148
-310.83333333333337,0.0020859284634910055
-310.75,-0.001627556715540964
-310.6666666666667,-0.004534419250649968
-310.58333333333337,-0.006078881907188735
-310.5,-0.006067541657266448
-310.4166666666667,-0.004647973904323323
-310.33333333333337,-0.002239004108022149
-310.25,0.0005738112988206657
-310.1666666666667,0.0031601278703468887
-310.08333333333337,0.004965318445825076
-310.0,0.005611631108960767
-309.9166666666667,0.004965318445809084
-309.83333333333337,0.0031601278703212022
-309.75,0.0005738112987933723
-309.6666666666667,-0.002239004108074779
-309.58333333333337,-0.004647973904357165
-309.5,-0.006067541657320847
-309.4166666666667,-0.006078881907244423
-309.33333333333337,-0.004534419250691297
-309.25,-0.0016275567155940474
-309.1666666666667,0.002085928463454148
-309.08333333333337,0.005722602587808347
-309.0,0.008162923248438382
-308.9166666666667,0.00819277017677906
-308.83333333333337,0.004680939585882851
-308.75,-0.0032273224752509947
-308.6666666666667,-0.015924543409889327
-308.58333333333337,-0.0331880714037272
-308.5,-0.05408339034123446
-308.4166666666667,-0.07694264201786134
-308.33333333333337,-0.09943024876347642
-308.25,-0.11869857474195221
-308.1666666666667,-0.13162657609031797
-308.08333333333337,-0.13512440010219814
-308.0,-0.12647798627896875
-307.9166666666667,-0.10370092232281798
-307.83333333333337,-0.06585697165931424
-307.75,-0.013316405736353268
-307.6666666666667,0.05208720400888364
-307.58333333333337,0.12702587942502205
-307.5,0.20678758817190285
-307.4166666666667,0.2855311418320711
-307.33333333333337,0.3566748501411602
-307.25,0.41339437998210343
-307.1666666666667,0.44919297325698565
-307.08333333333337,0.4584976241859552
-307.0,0.43722907003274647
-306.9166666666667,0.38329225660382776
-306.83333333333337,0.2969376446511925
-306.75,0.18095221798849664
-306.6666666666667,0.040651774282940006
-306.58333333333337,-0.11633795839137667
-306.5,-0.28050595577254817
-306.4166666666667,-0.4410626108784011
-306.33333333333337,-0.5866878790356078
-306.25,-0.7063660812511391
-306.1666666666667,-0.7902426878433237
-306.08333333333337,-0.8304337493894179
-306.0,-0.82171982255669
-305.9166666666667,-0.7620633311858444
-305.83333333333337,-0.6529008577093008
-305.75,-0.4991789282265138
-305.6666666666667,-0.30912206538299986
-305.58333333333337,-0.09374355852174751
-305.5,0.13386929959921884
-305.4166666666667,0.359444675767591
-305.33333333333337,0.5685243315176478
-305.25,0.7474944598774679
-305.1666666666667,0.8845694794743327
-305.08333333333337,0.9706518310000002
-305.0,1.0
-304.9166666666667,0.9706518310000145
-304.83333333333337,0.8845694794743602
-304.75,0.7474944598773883
-304.6666666666667,0.5685243315176269
-304.58333333333337,0.359444675767642
-304.5,0.13386929959910324
-304.4166666666667,-0.09374355852169909
-304.33333333333337,-0.30912206538295833
-304.25,-0.49917892822660515
-304.1666666666667,-0.6529008577092816
-304.08333333333337,-0.7620633311858388
-304.0,-0.821719822556739
-303.9166666666667,-0.8304337493894398
-303.83333333333337,-0.7902426878433572
-303.75,-0.7063660812510963
-303.6666666666667,-0.5866878790355943
-303.58333333333337,-0.44106261087837173
-303.5,-0.2805059557724469
-303.4166666666667,-0.11633795839141879
-303.33333333333337,0.040651774282906644
-303.25,0.18095221798853492
-303.1666666666667,0.2969376446511832
-303.08333333333337,0.3832922566038321
-303.0,0.4372290700327927
-302.9166666666667,0.4584976241859847
-302.83333333333337,0.44919297325702495
-302.75,0.41339437998210565
-302.6666666666667,0.3566748501412097
-302.58333333333337,0.2855311418320875
-302.5,0.20678758817188964
-302.4166666666667,0.12702587942506066
-302.33333333333337,0.05208720400891262
-302.25,-0.013316405736350923
-302.1666666666667,-0.06585697165931037
-302.08333333333337,-0.10370092232282745
-302.0,-0.1264779862790278
-301.9166666666667,-0.13512440010222745
-301.83333333333337,-0.13162657609036094
-301.75,-0.11869857474200503
-301.6666666666667,-0.09943024876352909
-301.58333333333337,-0.07694264201791395
-301.5,-0.054083390341269036
-301.4166666666667,-0.03318807140376991
-301.33333333333337,-0.015924543409922956
-301.25,-0.0032273224752558585
-301.1666666666667,0.004680939585872949
-301.08333333333337,0.008192770176782273
-301.0,0.00816292324844556
-300.9166666666667,0.005722602587831546
-300.83333333333337,0.002085928463506013
-300.75,-0.001627556715572871
-300.6666666666667,-0.004534419250639224
-300.58333333333337,-0.006078881907189837
-300.5,-0.006067541657288707
-300.4166666666667,-0.00464797390430668
-300.33333333333337,-0.002239004108030515
-300.25,0.0005738112988128251
-300.1666666666667,0.0031601278703408753
-300.08333333333337,0.004965318445821863
-300.0,0.005611631108960767
-299.9166666666667,0.00496531844581235
-299.83333333333337,0.003160127870311638
-299.75,0.000573811298801213
-299.6666666666667,-0.002239004108066394
-299.58333333333337,-0.004647973904373861
-299.5,-0.00606754165731589
-299.4166666666667,-0.006078881907243348
-299.33333333333337,-0.004534419250702015
-299.25,-0.0016275567156004238
-299.1666666666667,0.002085928463487584
-299.08333333333337,0.0057226025878070776
-299.0,0.008162923248446754
-298.9166666666667,0.008192770176807999
-298.83333333333337,0.004680939585898254
-298.75,-0.003227322475233949
-298.6666666666667,-0.015924543409880403
-298.58333333333337,-0.033188071403710946
-298.5,-0.054083390341220644
-298.4166666666667,-0.07694264201788088
-298.33333333333337,-0.09943024876347
-298.25,-0.11869857474194992
-298.1666666666667,-0.13162657609029582
-298.08333333333337,-0.13512440010217003
-298.0,-0.1264779862789767
-297.9166666666667,-0.10370092232278448
-297.83333333333337,-0.06585697165928148
-297.75,-0.013316405736362872
-297.6666666666667,0.05208720400890811
-297.58333333333337,0.1270258794250398
-297.5,0.2067875881719128
-297.4166666666667,0.28553114183207007
-297.33333333333337,0.35667485014115424
-297.25,0.4133943799820905
-297.1666666666667,0.4491929732569887
-297.08333333333337,0.45849762418599266
-297.0,0.43722907003272354
-296.9166666666667,0.3832922566038266
-296.83333333333337,0.2969376446512285
-296.75,0.18095221798848105
-296.6666666666667,0.04065177428292969
-296.58333333333337,-0.11633795839135964
-296.5,-0.2805059557725392
-296.4166666666667,-0.4410626108784164
-296.33333333333337,-0.586687879035598
-296.25,-0.7063660812511511
-296.1666666666667,-0.790242687843332
-296.08333333333337,-0.830433749389406
-296.0,-0.8217198225567109
-295.9166666666667,-0.7620633311858352
-295.83333333333337,-0.6529008577092991
-295.75,-0.4991789282265165
-295.6666666666667,-0.3091220653829742
-295.58333333333337,-0.09374355852175804
-295.5,0.1338692995992059
-295.4166666666667,0.35944467576757705
-295.33333333333337,0.5685243315176741
-295.25,0.7474944598774562
-295.1666666666667,0.8845694794743242
-295.08333333333337,0.9706518310000083
-295.0,1.0
-294.9166666666667,0.9706518310000191
-294.83333333333337,0.8845694794743447
-294.75,0.7474944598773665
-294.6666666666667,0.5685243315176306
-294.58333333333337,0.3594446757676128
-294.5,0.13386929959907323
-294.4166666666667,-0.09374355852168773
-294.33333333333337,-0.30912206538298403
-294.25,-0.4991789282266262
-294.1666666666667,-0.6529008577092621
-294.08333333333337,-0.762063331185848
-294.0,-0.821719822556725
-293.9166666666667,-0.8304337493894203
-293.83333333333337,-0.790242687843349
-293.75,-0.7063660812510845
-293.6666666666667,-0.5866878790356039
-293.58333333333337,-0.44106261087837767
-293.5,-0.28050595577243226
-293.4166666666667,-0.11633795839141413
-293.33333333333337,0.04065177428291702
-293.25,0.18095221798854227
-293.1666666666667,0.29693764465120287
-293.08333333333337,0.3832922566038544
-293.0,0.4372290700328157
-292.9166666666667,0.45849762418600626
-292.83333333333337,0.4491929732570431
-292.75,0.4133943799821185
-292.6666666666667,0.3566748501412088
-292.58333333333337,0.2855311418320802
-292.5,0.20678758817187967
-292.4166666666667,0.12702587942506677
-292.33333333333337,0.05208720400893722
-292.25,-0.013316405736380614
-292.1666666666667,-0.06585697165930014
-292.08333333333337,-0.10370092232278298
-292.0,-0.12647798627898146
-291.9166666666667,-0.13512440010222215
-291.83333333333337,-0.13162657609031903
-291.75,-0.11869857474196892
-291.6666666666667,-0.09943024876353562
-291.58333333333337,-0.07694264201791191
-291.5,-0.05408339034125921
-291.4166666666667,-0.03318807140378605
-291.33333333333337,-0.01592454340990035
-291.25,-0.003227322475260142
-291.1666666666667,0.004680939585857599
-291.08333333333337,0.008192770176809269
-291.0,0.008162923248469874
-290.9166666666667,0.005722602587851789
-290.83333333333337,0.0020859284635075166
-290.75,-0.00162755671556354
-290.6666666666667,-0.004534419250635401
-290.58333333333337,-0.006078881907175775
-290.5,-0.006067541657293664
-290.4166666666667,-0.004647973904314073
-290.33333333333337,-0.002239004108014885
-290.25,0.0005738112988260052
-290.1666666666667,0.00316012787034002
-290.08333333333337,0.004965318445826891
-290.0,0.005611631108960767
-289.9166666666667,0.004965318445815745
-289.83333333333337,0.0031601278703020735
-289.75,0.000573811298787981
-289.6666666666667,-0.0022390041080521186
-289.58333333333337,-0.004647973904390544
-289.5,-0.006067541657332019
-289.4166666666667,-0.006078881907217272
-289.33333333333337,-0.004534419250712745
-289.25,-0.0016275567156068518
-289.1666666666667,0.0020859284634726027
-289.08333333333337,0.005722602587810681
-289.0,0.008162923248455125
-288.9166666666667,0.008192770176781055
-288.83333333333337,0.004680939585870662
-288.75,-0.0032273224752169026
-288.6666666666667,-0.015924543409903038
-288.58333333333337,-0.03318807140372816
-288.5,-0.05408339034121155
-288.4166666666667,-0.07694264201788291
-288.33333333333337,-0.09943024876346342
-288.25,-0.11869857474193515
-288.1666666666667,-0.13162657609029751
-288.08333333333337,-0.13512440010221544
-288.0,-0.12647798627894466
-287.9166666666667,-0.10370092232279406
-287.83333333333337,-0.0658569716593216
-287.75,-0.013316405736333234
-287.6666666666667,0.05208720400889997
-287.58333333333337,0.12702587942502525
-287.5,0.20678758817190918
-287.4166666666667,0.28553114183203876
-287.33333333333337,0.35667485014117156
-287.25,0.41339437998211664
-287.1666666666667,0.4491929732569916
-287.08333333333337,0.45849762418597106
-287.0,0.43722907003276296
-286.9166666666667,0.38329225660382543
-286.83333333333337,0.2969376446512088
-286.75,0.18095221798851216
-286.6666666666667,0.040651774282919294
-286.58333333333337,-0.11633795839136434
-286.5,-0.28050595577253823
-286.4166666666667,-0.44106261087841053
-286.33333333333337,-0.5866878790355426
-286.25,-0.706366081251139
-286.1666666666667,-0.7902426878433191
-286.08333333333337,-0.8304337493894092
-286.0,-0.8217198225567014
-285.9166666666667,-0.7620633311858291
-285.83333333333337,-0.6529008577092836
-285.75,-0.4991789282265878
-285.6666666666667,-0.30912206538298115
-285.58333333333337,-0.09374355852172928
-285.5,0.1338692995992359
-285.4166666666667,0.3594446757675713
-285.33333333333337,0.5685243315177004
-285.25,0.7474944598774778
-285.1666666666667,0.8845694794743232
-285.08333333333337,0.9706518310000164
-285.0,1.0
-284.9166666666667,0.9706518310000195
-284.83333333333337,0.8845694794743292
-284.75,0.747494459877345
-284.6666666666667,0.5685243315177113
-284.58333333333337,0.3594446757675836
-284.5,0.13386929959904328
-284.4166666666667,-0.09374355852167722
-284.33333333333337,-0.30912206538297704
-284.25,-0.49917892822664733
-284.1666666666667,-0.652900857709264
-284.08333333333337,-0.7620633311858541
-284.0,-0.8217198225567277
-283.9166666666667,-0.8304337493894323
-283.83333333333337,-0.7902426878433618
-283.75,-0.7063660812510967
-283.6666666666667,-0.5866878790355896
-283.58333333333337,-0.4410626108784415
-283.5,-0.2805059557724332
-283.4166666666667,-0.11633795839140117
-283.33333333333337,0.04065177428289244
-283.25,0.1809522179885578
-283.1666666666667,0.2969376446512069
-283.08333333333337,0.38329225660381544
-283.0,0.4372290700328003
-282.9166666666667,0.45849762418600376
-282.83333333333337,0.44919297325701013
-282.75,0.4133943799820924
-282.6666666666667,0.356674850141208
-282.58333333333337,0.2855311418320785
-282.5,0.20678758817188336
-282.4166666666667,0.12702587942507285
-282.33333333333337,0.052087204008912674
-282.25,-0.013316405736347256
-282.1666666666667,-0.06585697165929003
-282.08333333333337,-0.10370092232281654
-282.0,-0.12647798627901347
-281.9166666666667,-0.1351244001022213
-281.83333333333337,-0.13162657609034126
-281.75,-0.11869857474198378
-281.6666666666667,-0.0994302487635421
-281.58333333333337,-0.0769426420179224
-281.5,-0.05408339034124905
-281.4166666666667,-0.03318807140376893
-281.33333333333337,-0.015924543409917637
-281.25,-0.0032273224752339446
-281.1666666666667,0.004680939585885138
-281.08333333333337,0.008192770176796853
-281.0,0.008162923248461502
-280.9166666666667,0.005722602587818171
-280.83333333333337,0.0020859284635090973
-280.75,-0.0016275567155571119
-280.6666666666667,-0.004534419250664768
-280.58333333333337,-0.006078881907161674
-280.5,-0.0060675416572775415
-280.4166666666667,-0.004647973904332316
-280.33333333333337,-0.0022390041079991844
-280.25,0.0005738112988249555
-280.1666666666667,0.0031601278703331254
-280.08333333333337,0.004965318445831842
-280.0,0.005611631108960767
-279.9166666666667,0.004965318445819012
-279.83333333333337,0.003160127870308087
-279.75,0.0005738112987746972
-279.6666666666667,-0.0022390041080437143
-279.58333333333337,-0.004647973904383099
-279.5,-0.006067541657348114
-279.4166666666667,-0.006078881907216184
-279.33333333333337,-0.004534419250716582
-279.25,-0.001627556715616209
-279.1666666666667,0.00208592846347097
-279.08333333333337,0.005722602587790488
-279.0,0.008162923248430813
-278.9166666666667,0.008192770176793407
-278.83333333333337,0.004680939585894463
-278.75,-0.003227322475243049
-278.6666666666667,-0.015924543409885722
-278.58333333333337,-0.03318807140372834
-278.5,-0.05408339034122165
-278.4166666666667,-0.07694264201787243
-278.33333333333337,-0.09943024876349187
-278.25,-0.11869857474197121
-278.1666666666667,-0.1316265760902993
-278.08333333333337,-0.13512440010221627
-278.0,-0.12647798627899104
-277.9166666666667,-0.10370092232280365
-277.83333333333337,-0.06585697165928882
-277.75,-0.013316405736366579
-277.6666666666667,0.05208720400889175
-277.58333333333337,0.12702587942504293
-277.5,0.2067875881718761
-277.4166666666667,0.28553114183203765
-277.33333333333337,0.3566748501411656
-277.25,0.4133943799821038
-277.1666666666667,0.44919297325697344
-277.08333333333337,0.4584976241859736
-277.0,0.43722907003274003
-276.9166666666667,0.3832922566038031
-276.83333333333337,0.2969376446512047
-276.75,0.18095221798849656
-276.6666666666667,0.04065177428290893
-276.58333333333337,-0.11633795839137727
-276.5,-0.28050595577255294
-276.4166666666667,-0.44106261087834664
-276.33333333333337,-0.586687879035557
-276.25,-0.706366081251151
-276.1666666666667,-0.7902426878433356
-276.08333333333337,-0.8304337493894122
-276.0,-0.8217198225566986
-275.9166666666667,-0.7620633311858499
-275.83333333333337,-0.6529008577092683
-275.75,-0.4991789282265668
-275.6666666666667,-0.3091220653829956
-275.58333333333337,-0.09374355852170053
-275.5,0.13386929959926586
-275.4166666666667,0.3594446757675573
-275.33333333333337,0.5685243315176197
-275.25,0.7474944598774994
-275.1666666666667,0.8845694794743146
-275.08333333333337,0.9706518310000118
-275.0,1.0
-274.9166666666667,0.9706518310000241
-274.83333333333337,0.884569479474338
-274.75,0.7474944598774107
-274.6666666666667,0.568524331517725
-274.58333333333337,0.3594446757675976
-274.5,0.13386929959905622
-274.4166666666667,-0.09374355852170597
-274.33333333333337,-0.30912206538296266
-274.25,-0.49917892822664456
-274.1666666666667,-0.6529008577092794
-274.08333333333337,-0.7620633311858332
-274.0,-0.8217198225567375
-273.9166666666667,-0.8304337493894292
-273.83333333333337,-0.7902426878433453
-273.75,-0.7063660812510847
-273.6666666666667,-0.586687879035645
-273.58333333333337,-0.4410626108784427
-273.5,-0.28050595577244225
-273.4166666666667,-0.11633795839138823
-273.33333333333337,0.040651774282902786
-273.25,0.1809522179885267
-273.1666666666667,0.2969376446512111
-273.08333333333337,0.3832922566038378
-273.0,0.4372290700327608
-272.9166666666667,0.45849762418600126
-272.83333333333337,0.4491929732570282
-272.75,0.4133943799821052
-272.6666666666667,0.3566748501412139
-272.58333333333337,0.2855311418321098
-272.5,0.2067875881718734
-272.4166666666667,0.12702587942505517
-272.33333333333337,0.05208720400892089
-272.25,-0.01331640573637696
-272.1666666666667,-0.06585697165932275
-272.08333333333337,-0.10370092232280691
-272.0,-0.1264779862790071
-271.9166666666667,-0.13512440010224933
-271.83333333333337,-0.13162657609033948
-271.75,-0.11869857474198608
-271.6666666666667,-0.0994302487635137
-271.58333333333337,-0.07694264201792661
-271.5,-0.05408339034126287
-271.4166666666667,-0.033188071403768726
-271.33333333333337,-0.01592454340991496
-271.25,-0.0032273224752509904
-271.1666666666667,0.004680939585861389
-271.08333333333337,0.008192770176804021
-271.0,0.008162923248469511
-270.9166666666667,0.005722602587819493
-270.83333333333337,0.002085928463517366
-270.75,-0.0016275567155492323
-270.6666666666667,-0.004534419250657537
-270.58333333333337,-0.0060788819072029
-270.5,-0.0060675416572719435
-270.4166666666667,-0.004647973904327742
-270.33333333333337,-0.002239004108037539
-270.25,0.0005738112988275863
-270.1666666666667,0.003160127870334914
-270.08333333333337,0.0049653184458202295
-270.0,0.005611631108960767
-269.9166666666667,0.004965318445813983
-269.83333333333337,0.003160127870325401
-269.75,0.0005738112988062674
-269.6666666666667,-0.002239004108059396
-269.58333333333337,-0.004647973904364856
-269.5,-0.006067541657304816
-269.4166666666667,-0.006078881907230284
-269.33333333333337,-0.0045344192506872145
-269.25,-0.0016275567155842757
-269.1666666666667,0.002085928463469544
-269.08333333333337,0.005722602587824054
-269.0,0.008162923248462874
-268.9166666666667,0.0081927701767862
-268.83333333333337,0.004680939585888365
-268.75,-0.003227322475226003
-268.6666666666667,-0.01592454340988841
-268.58333333333337,-0.03318807140372885
-268.5,-0.0540833903412315
-268.4166666666667,-0.07694264201786816
-268.33333333333337,-0.09943024876348534
-268.25,-0.11869857474196267
-268.1666666666667,-0.1316265760903172
-268.08333333333337,-0.13512440010220492
-268.0,-0.12647798627897905
-267.9166666666667,-0.10370092232280502
-267.83333333333337,-0.065856971659299
-267.75,-0.013316405736356625
-267.6666666666667,0.052087204008899816
-267.58333333333337,0.12702587942503688
-267.5,0.20678758817187926
-267.4166666666667,0.2855311418320478
-267.33333333333337,0.35667485014116657
-267.25,0.41339437998210626
-267.1666666666667,0.44919297325700636
-267.08333333333337,0.45849762418597584
-267.0,0.43722907003274114
-266.9166666666667,0.38329225660384214
-266.83333333333337,0.2969376446511929
-266.75,0.18095221798848932
-266.6666666666667,0.040651774282933525
-266.58333333333337,-0.11633795839138611
-266.5,-0.2805059557725598
-266.4166666666667,-0.44106261087834536
-266.33333333333337,-0.5866878790355593
-266.25,-0.7063660812511507
-266.1666666666667,-0.7902426878433333
-266.08333333333337,-0.8304337493894167
-266.0,-0.8217198225566923
-265.9166666666667,-0.7620633311858422
-265.83333333333337,-0.6529008577093014
-265.75,-0.49917892822655757
-265.6666666666667,-0.30912206538298626
-265.58333333333337,-0.09374355852175113
-265.5,0.13386929959921456
-265.4166666666667,0.3594446757675865
-265.33333333333337,0.5685243315175762
-265.25,0.747494459877464
-265.1666666666667,0.8845694794743301
-265.08333333333337,0.9706518310000114
-265.0,1.0
-264.9166666666667,0.970651831000016
-264.83333333333337,0.8845694794743388
-264.75,0.7474944598774461
-264.6666666666667,0.5685243315176984
-264.58333333333337,0.3594446757676033
-264.5,0.13386929959906452
-264.4166666666667,-0.09374355852171509
-264.33333333333337,-0.309122065382972
-264.25,-0.49917892822662735
-264.1666666666667,-0.652900857709288
-264.08333333333337,-0.7620633311858408
-264.0,-0.8217198225567165
-263.9166666666667,-0.8304337493894335
-263.83333333333337,-0.7902426878433476
-263.75,-0.7063660812510847
-263.6666666666667,-0.5866878790356428
-263.58333333333337,-0.44106261087843807
-263.5,-0.2805059557724353
-263.4166666666667,-0.11633795839141359
-263.33333333333337,0.04065177428291315
-263.25,0.1809522179885381
-263.1666666666667,0.2969376446511906
-263.08333333333337,0.3832922566038388
-263.0,0.4372290700327717
-262.9166666666667,0.4584976241859879
-262.83333333333337,0.44919297325702534
-262.75,0.4133943799821028
-262.6666666666667,0.35667485014119643
-262.58333333333337,0.2855311418321109
-262.5,0.20678758817187703
-262.4166666666667,0.12702587942506957
-262.33333333333337,0.05208720400891272
-262.25,-0.013316405736367304
-262.1666666666667,-0.06585697165928261
-262.08333333333337,-0.10370092232281887
-262.0,-0.1264779862789991
-261.9166666666667,-0.13512440010220397
-261.83333333333337,-0.13162657609034972
-261.75,-0.11869857474199455
-261.6666666666667,-0.09943024876352018
-261.58333333333337,-0.07694264201790081
-261.5,-0.054083390341264734
-261.4166666666667,-0.03318807140376822
-261.33333333333337,-0.01592454340990395
-261.25,-0.0032273224752463886
-261.1666666666667,0.004680939585867487
-261.08333333333337,0.008192770176794923
-261.0,0.008162923248453777
-260.9166666666667,0.005722602587827839
-260.83333333333337,0.0020859284634906685
-260.75,-0.001627556715579662
-260.6666666666667,-0.004534419250650241
-260.58333333333337,-0.006078881907188825
-260.5,-0.0060675416573047255
-260.4166666666667,-0.004647973904323065
-260.33333333333337,-0.0022390041080218833
-260.25,0.0005738112988065784
-260.1666666666667,0.0031601278703366244
-260.08333333333337,0.004965318445825206
-260.0,0.005611631108960767
-259.9166666666667,0.0049653184458131015
-259.83333333333337,0.003160127870315889
-259.75,0.0005738112987930613
-259.6666666666667,-0.002239004108063044
-259.58333333333337,-0.004647973904369481
-259.5,-0.006067541657320938
-259.4166666666667,-0.006078881907236751
-259.33333333333337,-0.004534419250694498
-259.25,-0.0016275567155857014
-259.1666666666667,0.0020859284634612498
-259.08333333333337,0.005722602587815709
-259.0,0.008162923248454865
-258.9166666666667,0.008192770176795363
-258.83333333333337,0.004680939585882215
-258.75,-0.0032273224752305007
-258.6666666666667,-0.015924543409899433
-258.58333333333337,-0.033188071403729404
-258.5,-0.05408339034122971
-258.4166666666667,-0.0769426420178939
-258.33333333333337,-0.09943024876347886
-258.25,-0.11869857474195407
-258.1666666666667,-0.1316265760903136
-258.08333333333337,-0.1351244001021935
-258.0,-0.126477986278967
-257.9166666666667,-0.10370092232281465
-257.83333333333337,-0.06585697165928771
-257.75,-0.013316405736346607
-257.6666666666667,0.0520872040088916
-257.58333333333337,0.12702587942504268
-257.5,0.20678758817188242
-257.4166666666667,0.28553114183204653
-257.33333333333337,0.3566748501411641
-257.25,0.4133943799821011
-257.1666666666667,0.44919297325699886
-257.08333333333337,0.45849762418596635
-257.0,0.43722907003273026
-256.9166666666667,0.3832922566038303
-256.83333333333337,0.2969376446512211
-256.75,0.1809522179884779
-256.6666666666667,0.040651774282923235
-256.58333333333337,-0.1163379583913649
-256.5,-0.2805059557724921
-256.4166666666667,-0.44106261087835
-256.33333333333337,-0.5866878790355532
-256.25,-0.7063660812511507
-256.1666666666667,-0.790242687843331
-256.08333333333337,-0.8304337493894198
-256.0,-0.82171982255671
-255.91666666666669,-0.7620633311858347
-255.83333333333334,-0.6529008577092228
-255.75,-0.49917892822658666
-255.66666666666669,-0.3091220653829769
-255.58333333333334,-0.09374355852162111
-255.5,0.13386929959924457
-255.41666666666669,0.359444675767496
-255.33333333333334,0.5685243315176898
-255.25,0.7474944598774859
-255.16666666666669,0.8845694794743334
-255.08333333333334,0.9706518310000131
-255.0,1.0
-254.91666666666669,0.9706518310000143
-254.83333333333334,0.8845694794742855
-254.75,0.7474944598774245
-254.66666666666669,0.5685243315176921
-254.58333333333334,0.3594446757674977
-254.5,0.13386929959905602
-254.41666666666669,-0.09374355852168412
-254.33333333333334,-0.30912206538298137
-254.25,-0.49917892822663656
-254.16666666666669,-0.6529008577092617
-254.08333333333334,-0.7620633311858909
-254.0,-0.8217198225567227
-253.91666666666669,-0.8304337493894214
-253.83333333333334,-0.7902426878433265
-253.75,-0.7063660812511272
-253.66666666666669,-0.5866878790356488
-253.58333333333334,-0.4410626108783649
-253.5,-0.28050595577242843
-253.41666666666669,-0.11633795839140054
-253.33333333333334,0.04065177428292352
-253.25,0.1809522179885495
-253.16666666666669,0.2969376446511947
-253.08333333333334,0.3832922566038512
-253.0,0.43722907003278266
-252.91666666666669,0.45849762418598533
-252.83333333333334,0.44919297325700086
-252.75,0.413394379982108
-252.66666666666669,0.3566748501412233
-252.58333333333334,0.2855311418320706
-252.5,0.20678758817187387
-252.41666666666669,0.1270258794250638
-252.33333333333334,0.052087204008920966
-252.25,-0.01331640573637731
-252.16666666666669,-0.06585697165929394
-252.08333333333334,-0.10370092232279877
-252.0,-0.12647798627901116
-251.91666666666669,-0.13512440010221544
-251.83333333333334,-0.13162657609031447
-251.75,-0.1186985747419648
-251.66666666666669,-0.09943024876352671
-251.58333333333334,-0.07694264201791132
-251.5,-0.054083390341242855
-251.41666666666669,-0.03318807140376775
-251.33333333333334,-0.01592454340991236
-251.25,-0.0032273224752418905
-251.16666666666669,0.004680939585873636
-251.08333333333334,0.0081927701767904
-251.0,0.008162923248454348
-250.91666666666669,0.005722602587836159
-250.83333333333334,0.0020859284634988334
-250.75,-0.0016275567155732858
-250.66666666666669,-0.0045344192506429435
-250.58333333333334,-0.006078881907182333
-250.5,-0.006067541657288623
-250.41666666666669,-0.004647973904318439
-250.33333333333334,-0.0022390041080133753
-250.25,0.0005738112988198622
-250.16666666666669,0.003160127870338413
-250.08333333333334,0.004965318445827488
-250.0,0.005611631108960767
-249.91666666666669,0.00496531844581362
-249.83333333333334,0.0031601278703114045
-249.75,0.0005738112987903138
-249.66666666666669,-0.002239004108036677
-249.58333333333334,-0.0046479739043740675
-249.5,-0.006067541657326517
-249.41666666666669,-0.00607888190720312
-249.33333333333334,-0.004534419250708132
-249.25,-0.001627556715593581
-249.16666666666669,0.002085928463487947
-249.08333333333334,0.00572260258780039
-249.0,0.008162923248446856
-248.91666666666669,0.008192770176807767
-248.83333333333334,0.004680939585876228
-248.75,-0.003227322475235051
-248.66666666666669,-0.015924543409882093
-248.58333333333334,-0.03318807140375469
-248.5,-0.054083390341227874
-248.41666666666669,-0.07694264201788342
-248.33333333333334,-0.09943024876350955
-248.25,-0.11869857474194723
-248.16666666666669,-0.1316265760903154
-248.08333333333334,-0.13512440010220986
-248.0,-0.12647798627895496
-247.91666666666669,-0.10370092232280269
-247.83333333333334,-0.06585697165930635
-247.75,-0.013316405736336589
-247.66666666666669,0.05208720400889974
-247.58333333333334,0.1270258794250663
-247.5,0.20678758817188558
-247.41666666666669,0.285531141832047
-247.33333333333334,0.35667485014120565
-247.25,0.4133943799821196
-247.16666666666669,0.44919297325698926
-247.08333333333334,0.45849762418599205
-247.0,0.4372290700327577
-246.91666666666669,0.3832922566038186
-246.83333333333334,0.296937644651217
-246.75,0.18095221798850492
-246.66666666666669,0.04065177428291281
-246.58333333333334,-0.11633795839145353
-246.5,-0.2805059557724754
-246.41666666666669,-0.4410626108783547
-246.33333333333334,-0.5866878790356251
-246.25,-0.7063660812511627
-246.16666666666669,-0.7902426878433285
-246.08333333333334,-0.8304337493894154
-246.0,-0.8217198225567072
-245.91666666666669,-0.762063331185827
-245.83333333333334,-0.6529008577092141
-245.75,-0.49917892822656573
-245.66666666666669,-0.30912206538296755
-245.58333333333334,-0.093743558521612
-245.5,0.13386929959915025
-245.41666666666669,0.3594446757675036
-245.33333333333334,0.5685243315176962
-245.25,0.7474944598774906
-245.16666666666669,0.8845694794743204
-245.08333333333334,0.970651831000015
-245.0,1.0
-244.91666666666669,0.970651831000021
-244.83333333333334,0.8845694794742821
-244.75,0.7474944598774195
-244.66666666666669,0.5685243315177156
-244.58333333333334,0.35944467576749006
-244.5,0.13386929959904753
-244.41666666666669,-0.09374355852159195
-244.33333333333334,-0.3091220653829907
-244.25,-0.49917892822664567
-244.16666666666669,-0.6529008577092702
-244.08333333333334,-0.7620633311858559
-244.0,-0.8217198225567289
-243.91666666666669,-0.830433749389426
-243.83333333333337,-0.7902426878433524
-243.75,-0.7063660812511273
-243.66666666666669,-0.5866878790356466
-243.58333333333337,-0.44106261087842874
-243.5,-0.28050595577242154
-243.41666666666669,-0.11633795839139179
-243.33333333333337,0.04065177428286167
-243.25,0.18095221798856095
-243.16666666666669,0.29693764465120653
-243.08333333333337,0.38329225660382227
-243.0,0.43722907003279354
-242.91666666666669,0.4584976241859949
-242.83333333333337,0.44919297325701035
-242.75,0.4133943799821274
-242.66666666666669,0.3566748501412258
-242.58333333333337,0.28553114183210193
-242.5,0.2067875881718707
-242.41666666666669,0.127025879425058
-242.33333333333337,0.05208720400891288
-242.25,-0.013316405736363637
-242.16666666666669,-0.06585697165930524
-242.08333333333337,-0.10370092232280795
-242.0,-0.12647798627898482
-241.91666666666669,-0.1351244001022268
-241.83333333333337,-0.13162657609033004
-241.75,-0.11869857474197336
-241.66666666666669,-0.09943024876353553
-241.58333333333337,-0.0769426420179146
-241.5,-0.054083390341244694
-241.41666666666669,-0.03318807140376728
-241.33333333333337,-0.015924543409918564
-241.25,-0.0032273224752372887
-241.16666666666669,0.004680939585879676
-241.08333333333337,0.008192770176789725
-241.0,0.008162923248462331
-240.91666666666669,0.005722602587844376
-240.83333333333337,0.0020859284635003886
-240.75,-0.0016275567155653802
-240.66666666666669,-0.0045344192506758104
-240.58333333333337,-0.006078881907182022
-240.5,-0.006067541657283037
-240.41666666666669,-0.004647973904348779
-240.33333333333337,-0.002239004108014548
-240.25,0.000573811298822532
-240.16666666666669,0.0031601278703237944
-240.08333333333337,0.004965318445827047
-240.0,0.005611631108960767
-239.91666666666669,0.004965318445821111
-239.83333333333337,0.0031601278703122858
-239.75,0.0005738112987876182
-239.66666666666669,-0.0022390041080403316
-239.58333333333337,-0.004647973904378694
-239.5,-0.006067541657332084
-239.41666666666669,-0.006078881907209613
-239.33333333333337,-0.004534419250709039
-239.25,-0.0016275567156014865
-239.16666666666669,0.0020859284634796786
-239.08333333333337,0.00572260258779912
-239.0,0.008162923248438925
-238.91666666666669,0.008192770176788728
-238.83333333333337,0.004680939585878386
-238.75,-0.0032273224752396522
-238.66666666666669,-0.01592454340988469
-238.58333333333337,-0.033188071403746744
-238.5,-0.05408339034122601
-238.41666666666669,-0.0769426420178792
-238.33333333333337,-0.09943024876350079
-238.25,-0.11869857474193872
-238.16666666666669,-0.13162657609030512
-238.08333333333337,-0.1351244001022108
-238.0,-0.12647798627898132
-237.91666666666669,-0.10370092232279068
-237.83333333333337,-0.06585697165932505
-237.75,-0.013316405736350314
-237.66666666666669,0.05208720400890785
-237.58333333333337,0.12702587942504592
-237.5,0.20678758817188875
-237.41666666666669,0.28553114183204725
-237.33333333333337,0.3566748501411754
-237.25,0.4133943799821143
-237.16666666666669,0.44919297325698165
-237.08333333333337,0.4584976241859822
-237.0,0.4372290700327468
-236.91666666666669,0.383292256603807
-236.83333333333337,0.2969376446512052
-236.75,0.18095221798849356
-236.66666666666669,0.040651774282902474
-236.58333333333337,-0.11633795839138665
-236.5,-0.2805059557724822
-236.41666666666669,-0.44106261087835935
-236.33333333333337,-0.5866878790355698
-236.25,-0.7063660812511626
-236.16666666666669,-0.7902426878433346
-236.08333333333337,-0.8304337493894087
-236.0,-0.821719822556701
-235.91666666666669,-0.7620633311858497
-235.83333333333337,-0.6529008577092688
-235.75,-0.4991789282265565
-235.66666666666669,-0.30912206538299825
-235.58333333333337,-0.09374355852170414
-235.5,0.13386929959915883
-235.41666666666669,0.3594446757674763
-235.33333333333337,0.5685243315176154
-235.25,0.7474944598774959
-235.16666666666669,0.8845694794743238
-235.08333333333337,0.9706518309999909
-235.0,1.0
-234.91666666666669,0.9706518310000191
-234.83333333333337,0.8845694794743286
-234.75,0.7474944598774146
-234.66666666666669,0.5685243315177092
-234.58333333333337,0.35944467576758055
-234.5,0.133869299599039
-234.41666666666669,-0.09374355852160107
-234.33333333333337,-0.3091220653829064
-234.25,-0.49917892822665483
-234.16666666666669,-0.6529008577092856
-234.08333333333337,-0.7620633311858337
-234.0,-0.8217198225567351
-233.91666666666669,-0.8304337493894228
-233.83333333333337,-0.7902426878433464
-233.75,-0.7063660812511274
-233.66666666666669,-0.5866878790356322
-233.58333333333337,-0.44106261087844045
-233.5,-0.2805059557724385
-233.41666666666669,-0.116337958391383
-233.33333333333337,0.04065177428283716
-233.25,0.18095221798853395
-233.16666666666669,0.29693764465121847
-233.08333333333337,0.38329225660383387
-233.0,0.4372290700327661
-232.91666666666669,0.4584976241860044
-232.83333333333337,0.44919297325701807
-232.75,0.413394379982109
-232.66666666666669,0.3566748501412283
-232.58333333333337,0.28553114183210154
-232.5,0.20678758817186754
-232.41666666666669,0.12702587942505217
-232.33333333333337,0.05208720400892104
-232.25,-0.013316405736373617
-232.16666666666669,-0.06585697165931646
-232.08333333333337,-0.10370092232279828
-232.0,-0.1264779862789968
-231.91666666666669,-0.13512440010223822
-231.83333333333337,-0.13162657609032824
-231.75,-0.11869857474197561
-231.66666666666669,-0.099430248763542
-231.58333333333337,-0.07694264201792506
-231.5,-0.05408339034125848
-231.41666666666669,-0.03318807140375032
-231.33333333333337,-0.015924543409915927
-231.25,-0.0032273224752543345
-231.16666666666669,0.004680939585877479
-231.08333333333337,0.008192770176796944
-231.0,0.00816292324845396
-230.91666666666669,0.005722602587822733
-230.83333333333337,0.0020859284635086567
-230.75,-0.0016275567155575267
-230.66666666666669,-0.0045344192506685
-230.58333333333337,-0.006078881907175542
-230.5,-0.006067541657277444
-230.41666666666669,-0.004647973904344127
-230.33333333333337,-0.0022390041080109324
-230.25,0.0005738112988252147
-230.16666666666669,0.003160127870325583
-230.08333333333337,0.004965318445827902
-230.0,0.005611631108960767
-229.91666666666669,0.0049653184458202295
-229.83333333333337,0.0031601278703105493
-229.75,0.0005738112987849613
-229.66666666666669,-0.0022390041080560456
-229.58333333333337,-0.004647973904348406
-229.5,-0.006067541657337656
-229.41666666666669,-0.0060788819072237
-229.33333333333337,-0.004534419250676212
-229.25,-0.001627556715609366
-229.16666666666669,0.002085928463478201
-229.08333333333337,0.005722602587820867
-229.0,0.008162923248454659
-228.91666666666669,0.008192770176801131
-228.83333333333337,0.004680939585880745
-228.75,-0.003227322475244151
-228.66666666666669,-0.015924543409887408
-228.58333333333337,-0.03318807140374725
-228.5,-0.054083390341247886
-228.41666666666669,-0.076942642017875
-228.33333333333337,-0.09943024876349425
-228.25,-0.11869857474196849
-228.16666666666669,-0.13162657609029493
-228.08333333333337,-0.1351244001021994
-228.0,-0.1264779862789693
-227.91666666666669,-0.10370092232277867
-227.83333333333337,-0.06585697165931371
-227.75,-0.013316405736340296
-227.66666666666669,0.05208720400891602
-227.58333333333337,0.1270258794250398
-227.5,0.2067875881718919
-227.41666666666669,0.28553114183204764
-227.33333333333337,0.3566748501411765
-227.25,0.4133943799820949
-227.16666666666669,0.44919297325697405
-227.08333333333337,0.4584976241859848
-227.0,0.43722907003274786
-226.91666666666669,0.38329225660383537
-226.83333333333337,0.2969376446511933
-226.75,0.18095221798848626
-226.66666666666669,0.040651774282927045
-226.58333333333337,-0.11633795839139542
-226.5,-0.2805059557724968
-226.41666666666669,-0.4410626108783477
-226.33333333333337,-0.5866878790355722
-226.25,-0.7063660812511625
-226.16666666666669,-0.7902426878433085
-226.08333333333337,-0.8304337493894042
-226.0,-0.8217198225566946
-225.91666666666669,-0.762063331185842
-225.83333333333337,-0.6529008577092601
-225.75,-0.4991789282265473
-225.66666666666669,-0.3091220653829889
-225.58333333333337,-0.09374355852169503
-225.5,0.13386929959916732
-225.41666666666669,0.35944467576748385
-225.33333333333337,0.5685243315176217
-225.25,0.7474944598775007
-225.16666666666669,0.8845694794743392
-225.08333333333337,0.9706518309999925
-225.0,1.0
-224.91666666666669,0.9706518310000112
-224.83333333333337,0.8845694794743414
-224.75,0.7474944598774095
-224.66666666666669,0.5685243315176829
-224.58333333333337,0.3594446757676078
-224.5,0.13386929959913332
-224.41666666666669,-0.09374355852162984
-224.33333333333337,-0.3091220653828756
-224.25,-0.4991789282266257
-224.16666666666669,-0.6529008577092943
-224.08333333333337,-0.7620633311858411
-224.0,-0.8217198225567176
-223.91666666666669,-0.8304337493894272
-223.83333333333337,-0.7902426878433488
-223.75,-0.7063660812511275
-223.66666666666669,-0.5866878790356299
-223.58333333333337,-0.4410626108784358
-223.5,-0.28050595577243165
-223.41666666666669,-0.11633795839144974
-223.33333333333337,0.0406517742828475
-223.25,0.1809522179885453
-223.16666666666669,0.29693764465123024
-223.08333333333337,0.3832922566038351
-223.0,0.437229070032777
-222.91666666666669,0.4584976241860138
-222.83333333333337,0.449192973257015
-222.75,0.41339437998211415
-222.66666666666669,0.35667485014123074
-222.58333333333337,0.2855311418321027
-222.5,0.20678758817187112
-222.41666666666669,0.12702587942505475
-222.33333333333337,0.052087204008950255
-222.25,-0.013316405736363935
-222.16666666666669,-0.06585697165929788
-222.08333333333337,-0.10370092232281033
-222.0,-0.12647798627898885
-221.91666666666669,-0.1351244001022095
-221.83333333333337,-0.13162657609033854
-221.75,-0.11869857474198245
-221.66666666666669,-0.09943024876351354
-221.58333333333337,-0.07694264201792923
-221.5,-0.054083390341260376
-221.41666666666669,-0.03318807140374985
-221.33333333333337,-0.01592454340991332
-221.25,-0.0032273224752498364
-221.16666666666669,0.004680939585883473
-221.08333333333337,0.008192770176804254
-221.0,0.008162923248461967
-220.91666666666669,0.005722602587831079
-220.83333333333337,0.0020859284635168993
-220.75,-0.0016275567155496211
-220.66666666666669,-0.004534419250667516
-220.58333333333337,-0.006078881907169049
-220.5,-0.006067541657271846
-220.41666666666669,-0.004647973904327471
-220.33333333333337,-0.0022390041080371827
-220.25,0.0005738112988279881
-220.16666666666669,0.003160127870335173
-220.08333333333337,0.004965318445820386
-220.0,0.005611631108960767
-219.91666666666669,0.004965318445815201
-219.83333333333337,0.003160127870325194
-219.75,0.0005738112988059563
-219.66666666666669,-0.0022390041080596677
-219.58333333333337,-0.004647973904347557
-219.5,-0.006067541657304913
-219.41666666666669,-0.00607888190723018
-219.33333333333337,-0.004534419250683482
-219.25,-0.0016275567155788844
-219.16666666666669,0.002085928463469933
-219.08333333333337,0.00572260258781252
-219.0,0.008162923248454088
-218.91666666666669,0.008192770176793925
-218.83333333333337,0.004680939585874648
-218.75,-0.003227322475248752
-218.66666666666669,-0.015924543409890062
-218.58333333333337,-0.033188071403731034
-218.5,-0.05408339034124602
-218.41666666666669,-0.07694264201787081
-218.33333333333337,-0.09943024876348777
-218.25,-0.11869857474195995
-218.16666666666669,-0.13162657609028466
-218.08333333333337,-0.13512440010220464
-218.0,-0.1264779862789773
-217.91666666666669,-0.10370092232279109
-217.83333333333337,-0.06585697165932393
-217.75,-0.0133164057363499
-217.66666666666669,0.052087204008907775
-217.58333333333337,0.12702587942504567
-217.5,0.20678758817188828
-217.41666666666669,0.2855311418320564
-217.33333333333337,0.3566748501411739
-217.25,0.41339437998209727
-217.16666666666669,0.44919297325699653
-217.08333333333337,0.4584976241859752
-217.0,0.4372290700327369
-216.91666666666669,0.3832922566038237
-216.83333333333337,0.2969376446512353
-216.75,0.1809522179884748
-216.66666666666669,0.04065177428291665
-216.58333333333337,-0.11633795839140436
-216.5,-0.2805059557725037
-216.41666666666669,-0.44106261087835225
-216.33333333333337,-0.5866878790355743
-216.25,-0.70636608125112
-216.16666666666669,-0.7902426878433061
-216.08333333333337,-0.8304337493893997
-216.0,-0.8217198225566885
-215.91666666666669,-0.7620633311858328
-215.83333333333337,-0.6529008577092864
-215.75,-0.4991789282265381
-215.66666666666669,-0.3091220653829632
-215.58333333333337,-0.09374355852172603
-215.5,0.13386929959917584
-215.41666666666669,0.35944467576751304
-215.33333333333337,0.5685243315175982
-215.25,0.7474944598774821
-215.16666666666669,0.8845694794742929
-215.08333333333337,0.970651830999986
-215.0,1.0
-214.91666666666669,0.9706518310000094
-214.83333333333337,0.8845694794743383
-214.75,0.7474944598774282
-214.66666666666669,0.5685243315176765
-214.58333333333337,0.35944467576760025
-214.5,0.1338692995991632
-214.41666666666669,-0.09374355852163896
-214.33333333333337,-0.30912206538288495
-214.25,-0.4991789282266349
-214.16666666666669,-0.6529008577093028
-214.08333333333337,-0.7620633311858063
-214.0,-0.8217198225567237
-213.91666666666669,-0.8304337493894317
-213.83333333333337,-0.7902426878433406
-213.75,-0.7063660812511277
-213.66666666666669,-0.5866878790356276
-213.58333333333337,-0.4410626108784205
-213.5,-0.2805059557724992
-213.41666666666669,-0.11633795839144095
-213.33333333333337,0.040651774282857864
-213.25,0.18095221798855254
-213.16666666666669,0.29693764465120204
-213.08333333333337,0.3832922566038468
-213.0,0.4372290700327759
-212.91666666666669,0.4584976241859885
-212.83333333333337,0.4491929732570226
-212.75,0.41339437998211176
-212.66666666666669,0.35667485014121697
-212.58333333333337,0.28553114183210243
-212.5,0.20678758817186796
-212.41666666666669,0.127025879425087
-212.33333333333337,0.052087204008942116
-212.25,-0.013316405736373965
-212.16666666666669,-0.06585697165930916
-212.08333333333337,-0.1037009223228223
-212.0,-0.1264779862790009
-211.91666666666669,-0.13512440010222093
-211.83333333333337,-0.13162657609034872
-211.75,-0.11869857474199105
-211.66666666666669,-0.09943024876352007
-211.58333333333337,-0.07694264201793354
-211.5,-0.054083390341262194
-211.41666666666669,-0.03318807140376609
-211.33333333333337,-0.01592454340991947
-211.25,-0.0032273224752452866
-211.16666666666669,0.004680939585868116
-211.08333333333337,0.008192770176795155
-211.0,0.008162923248469926
-210.91666666666669,0.005722602587827424
-210.83333333333337,0.002085928463490254
-210.75,-0.0016275567155481436
-210.66666666666669,-0.004534419250656811
-210.58333333333337,-0.006078881907202667
-210.5,-0.006067541657304634
-210.41666666666669,-0.004647973904322858
-210.33333333333337,-0.0022390041080335345
-210.25,0.0005738112988069672
-210.16666666666669,0.0031601278703369358
-210.08333333333337,0.004965318445821215
-210.0,0.005611631108960767
-209.91666666666669,0.004965318445814397
-209.83333333333337,0.0031601278703234314
-209.75,0.0005738112988032736
-209.66666666666669,-0.0022390041080585727
-209.58333333333337,-0.004647973904352221
-209.5,-0.006067541657310486
-209.41666666666669,-0.006078881907236673
-209.33333333333337,-0.004534419250694213
-209.25,-0.00162755671558679
-209.16666666666669,0.0020859284634616644
-209.08333333333337,0.00572260258781602
-209.0,0.00816292324844613
-208.91666666666669,0.008192770176786655
-208.83333333333337,0.004680939585889998
-208.75,-0.0032273224752317063
-208.66666666666669,-0.015924543409901085
-208.58333333333337,-0.033188071403723075
-208.5,-0.05408339034123215
-208.41666666666669,-0.07694264201789651
-208.33333333333337,-0.09943024876348125
-208.25,-0.11869857474195765
-208.16666666666669,-0.13162657609031458
-208.08333333333337,-0.13512440010219323
-208.0,-0.12647798627898366
-207.91666666666669,-0.10370092232281407
-207.83333333333337,-0.0658569716593126
-207.75,-0.013316405736339843
-207.66666666666669,0.05208720400891586
-207.58333333333337,0.1270258794250515
-207.5,0.20678758817189138
-207.41666666666669,0.2855311418320566
-207.33333333333337,0.35667485014117134
-207.25,0.41339437998209205
-207.16666666666669,0.4491929732569889
-207.08333333333337,0.4584976241859657
-207.0,0.43722907003272604
-206.91666666666669,0.3832922566038527
-206.83333333333337,0.2969376446512234
-206.75,0.18095221798846342
-206.66666666666669,0.04065177428290634
-206.58333333333337,-0.1163379583913831
-206.5,-0.28050595577251064
-206.41666666666669,-0.44106261087836757
-206.33333333333337,-0.5866878790355683
-206.25,-0.70636608125112
-206.16666666666669,-0.7902426878433143
-206.08333333333337,-0.8304337493894118
-206.0,-0.8217198225567061
-205.91666666666669,-0.7620633311858253
-205.83333333333337,-0.652900857709341
-205.75,-0.4991789282265673
-205.66666666666669,-0.3091220653829539
-205.58333333333337,-0.0937435585217169
-205.5,0.13386929959914598
-205.41666666666669,0.35944467576752065
-205.33333333333337,0.5685243315176045
-205.25,0.7474944598774871
-205.16666666666669,0.8845694794742962
-205.08333333333337,0.9706518309999878
-205.0,1.0
-204.91666666666669,0.9706518310000077
-204.83333333333337,0.8845694794743227
-204.75,0.7474944598774232
-204.66666666666669,0.56852433151767
-204.58333333333337,0.35944467576757105
-204.5,0.13386929959915464
-204.41666666666669,-0.09374355852164808
-204.33333333333337,-0.30912206538291065
-204.25,-0.49917892822665594
-204.16666666666669,-0.6529008577092765
-204.08333333333337,-0.7620633311858153
-204.0,-0.8217198225567265
-203.91666666666669,-0.8304337493894197
-203.83333333333337,-0.790242687843343
-203.75,-0.7063660812511157
-203.66666666666669,-0.5866878790356296
-203.58333333333337,-0.441062610878416
-203.5,-0.28050595577248455
-203.41666666666669,-0.11633795839144707
-203.33333333333337,0.04065177428286826
-203.25,0.180952217988564
-203.16666666666669,0.2969376446512139
-203.08333333333337,0.38329225660381777
-203.0,0.4372290700327869
-202.91666666666669,0.45849762418599793
-202.83333333333337,0.4491929732570152
-202.75,0.413394379982117
-202.66666666666669,0.3566748501412195
-202.58333333333337,0.2855311418320979
-202.5,0.2067875881718648
-202.41666666666669,0.12702587942508115
-202.33333333333337,0.052087204008942116
-202.25,-0.013316405736372113
-202.16666666666669,-0.06585697165929905
-202.08333333333337,-0.10370092232281679
-202.0,-0.1264779862789937
-201.91666666666669,-0.13512440010221563
-201.83333333333337,-0.1316265760903389
-201.75,-0.11869857474198035
-201.66666666666669,-0.0994302487635266
-201.58333333333337,-0.07694264201792277
-201.5,-0.05408339034125221
-201.41666666666669,-0.03318807140376555
-201.33333333333337,-0.015924543409912634
-201.25,-0.0032273224752407364
-201.16666666666669,0.004680939585874265
-201.08333333333337,0.008192770176802323
-201.0,0.008162923248466037
-200.91666666666669,0.005722602587835719
-200.83333333333337,0.0020859284634984704
-200.75,-0.0016275567155594707
-200.66666666666669,-0.004534419250649528
-200.58333333333337,-0.0060788819071962
-200.5,-0.006067541657299062
-200.41666666666669,-0.0046479739043356885
-200.33333333333337,-0.0022390041080179047
-200.25,0.0005738112988095981
-200.16666666666669,0.0031601278703304817
-200.08333333333337,0.004965318445826295
-200.0,0.005611631108960767
-199.91666666666669,0.00496531844581769
-199.83333333333337,0.0031601278703138154
-199.75,0.0005738112987900417
-199.66666666666669,-0.002239004108047233
-199.58333333333337,-0.004647973904368879
-199.5,-0.006067541657326595
-199.41666666666669,-0.006078881907223091
-199.33333333333337,-0.0045344192507015355
-199.25,-0.001627556715593244
-199.16666666666669,0.002085928463470892
-199.08333333333337,0.005722602587807829
-199.0,0.00816292324845445
-198.91666666666669,0.008192770176787613
-198.83333333333337,0.004680939585883901
-198.75,-0.0032273224752362565
-198.66666666666669,-0.01592454340990383
-198.58333333333337,-0.033188071403723596
-198.5,-0.05408339034123036
-198.41666666666669,-0.07694264201789226
-198.33333333333337,-0.09943024876349218
-198.25,-0.11869857474194905
-198.16666666666669,-0.13162657609030431
-198.08333333333337,-0.1351244001022019
-198.0,-0.12647798627897164
-197.91666666666669,-0.10370092232280209
-197.83333333333337,-0.06585697165931625
-197.75,-0.013316405736341748
-197.66666666666669,0.05208720400890769
-197.58333333333337,0.1270258794250531
-197.5,0.20678758817189455
-197.41666666666669,0.2855311418320555
-197.33333333333337,0.35667485014117706
-197.25,0.4133943799820987
-197.16666666666669,0.44919297325699187
-197.08333333333337,0.4584976241859737
-197.0,0.4372290700327343
-196.91666666666669,0.38329225660385147
-196.83333333333337,0.2969376446512316
-196.75,0.18095221798847122
-196.66666666666669,0.040651774282895944
-196.58333333333337,-0.11633795839139194
-196.5,-0.28050595577250564
-196.41666666666669,-0.4410626108783722
-196.33333333333337,-0.5866878790355706
-196.25,-0.7063660812511198
-196.16666666666669,-0.790242687843312
-196.08333333333337,-0.8304337493894074
-196.0,-0.8217198225566998
-195.91666666666669,-0.7620633311858326
-195.83333333333337,-0.6529008577093325
-195.75,-0.49917892822655796
-195.66666666666669,-0.30912206538296455
-195.58333333333337,-0.09374355852168813
-195.5,0.13386929959915453
-195.41666666666669,0.3594446757675108
-195.33333333333337,0.5685243315176309
-195.25,0.7474944598774212
-195.16666666666669,0.8845694794742914
-195.08333333333337,0.9706518309999956
-195.0,1.0
-194.91666666666669,0.9706518310000102
-194.83333333333337,0.8845694794743193
-194.75,0.7474944598774016
-194.66666666666669,0.5685243315176787
-194.58333333333337,0.35944467576756345
-194.5,0.13386929959912464
-194.41666666666669,-0.09374355852163715
-194.33333333333337,-0.30912206538292
-194.25,-0.49917892822666515
-194.16666666666669,-0.6529008577092393
-194.08333333333337,-0.762063331185823
-194.0,-0.8217198225567327
-193.91666666666669,-0.8304337493894242
-193.83333333333337,-0.7902426878433412
-193.75,-0.7063660812511158
-193.66666666666669,-0.5866878790356315
-193.58333333333337,-0.4410626108784195
-193.5,-0.28050595577247767
-193.41666666666669,-0.11633795839145332
-193.33333333333337,0.04065177428286113
-193.25,0.18095221798855624
-193.16666666666669,0.296937644651218
-193.08333333333337,0.38329225660380944
-193.0,0.4372290700327785
-192.91666666666669,0.4584976241859955
-192.83333333333337,0.4491929732570228
-192.75,0.41339437998211026
-192.66666666666669,0.3566748501412186
-192.58333333333337,0.2855311418320975
-192.5,0.2067875881718979
-192.41666666666669,0.12702587942508728
-192.33333333333337,0.052087204008934004
-192.25,-0.013316405736382169
-192.16666666666669,-0.06585697165931033
-192.08333333333337,-0.10370092232281133
-192.0,-0.12647798627900572
-191.91666666666669,-0.13512440010222698
-191.83333333333337,-0.13162657609032904
-191.75,-0.11869857474198896
-191.66666666666669,-0.09943024876353308
-191.58333333333337,-0.07694264201791197
-191.5,-0.05408339034124218
-191.41666666666669,-0.03318807140377351
-191.33333333333337,-0.015924543409905758
-191.25,-0.0032273224752361867
-191.16666666666669,0.004680939585876112
-191.08333333333337,0.008192770176789908
-191.0,0.008162923248462227
-190.91666666666669,0.005722602587829031
-190.83333333333337,0.0020859284634999996
-190.75,-0.0016275567155707457
-190.66666666666669,-0.004534419250662332
-190.58333333333337,-0.0060788819071821
-190.5,-0.006067541657282953
-190.41666666666669,-0.004647973904331064
-190.33333333333337,-0.0022390041080189997
-190.25,0.0005738112988228948
-190.16666666666669,0.003160127870332244
-190.08333333333337,0.004965318445822977
-190.0,0.005611631108960767
-189.91666666666669,0.004965318445816731
-189.83333333333337,0.003160127870320295
-189.75,0.000573811298791195
-189.66666666666669,-0.002239004108050894
-189.58333333333337,-0.004647973904356009
-189.5,-0.006067541657312987
-189.41666666666669,-0.006078881907209535
-189.33333333333337,-0.004534419250688731
-189.25,-0.001627556715581891
-189.16666666666669,0.002085928463480093
-189.08333333333337,0.005722602587814516
-189.0,0.008162923248458288
-188.91666666666669,0.008192770176788598
-188.83333333333337,0.004680939585882008
-188.75,-0.0032273224752408063
-188.66666666666669,-0.015924543409897574
-188.58333333333337,-0.03318807140373228
-188.5,-0.054083390341240344
-188.41666666666669,-0.07694264201788181
-188.33333333333337,-0.0994302487634857
-188.25,-0.11869857474195972
-188.16666666666669,-0.13162657609030612
-188.08333333333337,-0.1351244001021905
-188.0,-0.12647798627897877
-187.91666666666669,-0.10370092232281168
-187.83333333333337,-0.06585697165930503
-187.75,-0.013316405736331782
-187.66666666666669,0.05208720400890757
-187.58333333333337,0.12702587942502083
-187.5,0.2067875881718977
-187.41666666666669,0.2855311418320601
-187.33333333333337,0.3566748501411828
-187.25,0.4133943799820935
-187.16666666666669,0.44919297325699925
-187.08333333333337,0.45849762418598167
-187.0,0.43722907003274974
-186.91666666666669,0.3832922566038598
-186.83333333333337,0.29693764465123973
-186.75,0.18095221798847894
-186.66666666666669,0.04065177428290312
-186.58333333333337,-0.1163379583914049
-186.5,-0.2805059557725006
-186.41666666666669,-0.44106261087836857
-186.33333333333337,-0.586687879035585
-186.25,-0.7063660812511197
-186.16666666666669,-0.790242687843314
-186.08333333333337,-0.8304337493894104
-186.0,-0.8217198225566971
-185.91666666666669,-0.7620633311858676
-185.83333333333337,-0.6529008577093172
-185.75,-0.4991789282265369
-185.66666666666669,-0.3091220653829552
-185.58333333333337,-0.09374355852169908
-185.5,0.13386929959918453
-185.41666666666669,0.3594446757675183
-185.33333333333337,0.5685243315176224
-185.25,0.747494459877443
-185.16666666666669,0.8845694794742948
-185.08333333333337,0.9706518309999932
-185.0,1.0
-184.91666666666669,0.9706518310000126
-184.83333333333337,0.884569479474374
-184.75,0.7474944598774085
-184.66666666666669,0.5685243315176873
-184.58333333333337,0.35944467576757333
-184.5,0.1338692995991353
-184.41666666666669,-0.09374355852162622
-184.33333333333337,-0.3091220653829093
-184.25,-0.49917892822657456
-184.16666666666669,-0.6529008577092306
-184.08333333333337,-0.7620633311858155
-184.0,-0.8217198225567272
-183.91666666666669,-0.8304337493894212
-183.83333333333337,-0.7902426878433436
-183.75,-0.7063660812511159
-183.66666666666669,-0.5866878790356173
-183.58333333333337,-0.44106261087841486
-183.5,-0.2805059557724826
-183.41666666666669,-0.11633795839144041
-183.33333333333337,0.04065177428287147
-183.25,0.18095221798856764
-183.16666666666669,0.29693764465117606
-183.08333333333337,0.38329225660382116
-183.0,0.43722907003278944
-182.91666666666669,0.4584976241859876
-182.83333333333337,0.4491929732570154
-182.75,0.4133943799821154
-182.66666666666669,0.35667485014121286
-182.58333333333337,0.28553114183209305
-182.5,0.20678758817189477
-182.41666666666669,0.12702587942508564
-182.33333333333337,0.05208720400893405
-182.25,-0.013316405736380264
-182.16666666666669,-0.06585697165930667
-182.08333333333337,-0.10370092232279891
-182.0,-0.12647798627899856
-181.91666666666669,-0.13512440010221843
-181.83333333333337,-0.13162657609032732
-181.75,-0.11869857474197833
-181.66666666666669,-0.09943024876352215
-181.58333333333337,-0.07694264201792249
-181.5,-0.054083390341251356
-181.41666666666669,-0.033188071403764834
-181.33333333333337,-0.015924543409923046
-181.25,-0.0032273224752532325
-181.16666666666669,0.0046809395858822545
-181.08333333333337,0.008192770176788986
-181.0,0.008162923248453855
-180.91666666666669,0.005722602587837352
-180.83333333333337,0.0020859284634907205
-180.75,-0.0016275567155643693
-180.66666666666669,-0.004534419250655035
-180.58333333333337,-0.006078881907195681
-180.5,-0.006067541657296534
-180.41666666666669,-0.004647973904331925
-180.33333333333337,-0.002239004108030385
-180.25,0.0005738112988136545
-180.16666666666669,0.003160127870325816
-180.08333333333337,0.0049653184458237805
-180.0,0.005611631108960767
-179.91666666666669,0.004965318445820152
-179.83333333333337,0.003160127870318455
-179.75,0.0005738112988003058
-179.66666666666669,-0.002239004108039535
-179.58333333333337,-0.004647973904360634
-179.5,-0.006067541657318586
-179.41666666666669,-0.006078881907223597
-179.33333333333337,-0.004534419250689677
-179.25,-0.0016275567155898225
-179.16666666666669,0.0020859284634786417
-179.08333333333337,0.005722602587806196
-179.0,0.00816292324845033
-178.91666666666669,0.00819277017680095
-178.83333333333337,0.0046809395858759106
-178.75,-0.0032273224752365224
-178.66666666666669,-0.01592454340988026
-178.58333333333337,-0.03318807140373278
-178.5,-0.05408339034123848
-178.41666666666669,-0.07694264201789255
-178.33333333333337,-0.09943024876349664
-178.25,-0.11869857474195114
-178.16666666666669,-0.13162657609031594
-178.08333333333337,-0.13512440010219912
-178.0,-0.12647798627896678
-177.91666666666669,-0.10370092232281719
-177.83333333333337,-0.06585697165930857
-177.75,-0.013316405736333635
-177.66666666666669,0.05208720400887846
-177.58333333333337,0.12702587942502244
-177.5,0.20678758817190088
-177.41666666666669,0.28553114183206035
-177.33333333333337,0.3566748501411837
-177.25,0.41339437998210016
-177.16666666666669,0.44919297325699165
-177.08333333333337,0.45849762418598417
-177.0,0.437229070032758
-176.91666666666669,0.38329225660384814
-176.83333333333337,0.29693764465123573
-176.75,0.1809522179884717
-176.66666666666669,0.040651774282892676
-176.58333333333337,-0.11633795839133808
-176.5,-0.28050595577251536
-176.41666666666669,-0.44106261087837323
-176.33333333333337,-0.5866878790355831
-176.25,-0.7063660812511317
-176.16666666666669,-0.7902426878433114
-176.08333333333337,-0.8304337493894144
-176.0,-0.8217198225567027
-175.91666666666669,-0.76206333118586
-175.83333333333337,-0.6529008577093259
-175.75,-0.49917892822654697
-175.66666666666669,-0.3091220653829659
-175.58333333333337,-0.09374355852168993
-175.5,0.13386929959917387
-175.41666666666669,0.35944467576750855
-175.33333333333337,0.5685243315176289
-175.25,0.7474944598774361
-175.16666666666669,0.88456947947429
-175.08333333333337,0.9706518309999951
-175.0,1.0
-174.91666666666669,0.9706518310000365
-174.83333333333337,0.8845694794743705
-174.75,0.7474944598774035
-174.66666666666669,0.5685243315176608
-174.58333333333337,0.3594446757675657
-174.5,0.13386929959912675
-174.41666666666669,-0.09374355852165497
-174.33333333333337,-0.30912206538291864
-174.25,-0.4991789282265838
-174.16666666666669,-0.6529008577092459
-174.08333333333337,-0.7620633311858231
-174.0,-0.8217198225567333
-173.91666666666669,-0.8304337493894174
-173.83333333333337,-0.7902426878433695
-173.75,-0.706366081251116
-173.66666666666669,-0.586687879035619
-173.58333333333337,-0.4410626108784185
-173.5,-0.2805059557724758
-173.41666666666669,-0.1163379583914465
-173.33333333333337,0.04065177428286432
-173.25,0.18095221798855987
-173.16666666666669,0.29693764465116784
-173.08333333333337,0.38329225660381283
-173.0,0.4372290700327812
-172.91666666666669,0.45849762418599704
-172.83333333333337,0.44919297325701246
-172.75,0.4133943799821087
-172.66666666666669,0.3566748501412154
-172.58333333333337,0.28553114183209416
-172.5,0.2067875881718916
-172.41666666666669,0.12702587942507984
-172.33333333333337,0.05208720400894222
-172.25,-0.013316405736370596
-172.16666666666669,-0.06585697165931795
-172.08333333333337,-0.10370092232278923
-172.0,-0.1264779862789906
-171.91666666666669,-0.13512440010222976
-171.83333333333337,-0.13162657609031744
-171.75,-0.11869857474198064
-171.66666666666669,-0.09943024876352863
-171.58333333333337,-0.0769426420179117
-171.5,-0.05408339034126514
-171.41666666666669,-0.033188071403764355
-171.33333333333337,-0.015924543409916316
-171.25,-0.0032273224752486307
-171.16666666666669,0.004680939585884153
-171.08333333333337,0.0081927701767883
-171.0,0.008162923248449916
-170.91666666666669,0.005722602587830691
-170.83333333333337,0.0020859284634989887
-170.75,-0.0016275567155756446
-170.66666666666669,-0.004534419250667826
-170.58333333333337,-0.006078881907189189
-170.5,-0.006067541657290962
-170.41666666666669,-0.004647973904344743
-170.33333333333337,-0.002239004108026685
-170.25,0.000573811298816402
-170.16666666666669,0.003160127870335406
-170.08333333333337,0.00496531844582474
-170.0,0.005611631108960767
-169.91666666666669,0.004965318445815071
-169.83333333333337,0.003160127870316718
-169.75,0.000573811298797662
-169.66666666666669,-0.002239004108055216
-169.58333333333337,-0.00464797390436526
-169.5,-0.006067541657324172
-169.41666666666669,-0.006078881907210041
-169.33333333333337,-0.00453441925069696
-169.25,-0.001627556715597728
-169.16666666666669,0.0020859284634878175
-169.08333333333337,0.00572260258781291
-169.0,0.0081629232484424
-168.91666666666669,0.008192770176801869
-168.83333333333337,0.004680939585874019
-168.75,-0.003227322475241124
-168.66666666666669,-0.015924543409887096
-168.58333333333337,-0.033188071403741415
-168.5,-0.05408339034124848
-168.41666666666669,-0.07694264201788838
-168.33333333333337,-0.09943024876349016
-168.25,-0.11869857474196183
-168.16666666666669,-0.13162657609030576
-168.08333333333337,-0.13512440010220444
-168.0,-0.12647798627897394
-167.91666666666669,-0.10370092232280519
-167.83333333333337,-0.0658569716593188
-167.75,-0.013316405736343238
-167.66666666666669,0.052087204008886646
-167.58333333333337,0.12702587942501645
-167.5,0.2067875881718973
-167.41666666666669,0.28553114183206063
-167.33333333333337,0.3566748501411894
-167.25,0.41339437998210254
-167.16666666666669,0.4491929732569841
-167.08333333333337,0.4584976241859921
-167.0,0.43722907003275907
-166.91666666666669,0.38329225660383637
-166.83333333333337,0.29693764465124384
-166.75,0.1809522179884795
-166.66666666666669,0.04065177428289983
-166.58333333333337,-0.11633795839133192
-166.5,-0.2805059557725103
-166.41666666666669,-0.4410626108783696
-166.33333333333337,-0.5866878790355853
-166.25,-0.7063660812511315
-166.16666666666669,-0.7902426878433134
-166.08333333333337,-0.8304337493894098
-166.0,-0.8217198225567167
-165.91666666666669,-0.7620633311858673
-165.83333333333337,-0.6529008577093173
-165.75,-0.49917892822653787
-165.66666666666669,-0.3091220653829402
-165.58333333333337,-0.09374355852168083
-165.5,0.1338692995991824
-165.41666666666669,0.3594446757675378
-165.33333333333337,0.5685243315176352
-165.25,0.7474944598774411
-165.16666666666669,0.8845694794743055
-165.08333333333337,0.9706518309999967
-165.0,1.0
-164.91666666666669,0.9706518310000286
-164.83333333333337,0.8845694794743671
-164.75,0.7474944598773984
-164.66666666666669,0.5685243315176696
-164.58333333333337,0.3594446757675756
-164.5,0.13386929959911825
-164.41666666666669,-0.09374355852164404
-164.33333333333337,-0.309122065382908
-164.25,-0.49917892822659293
-164.16666666666669,-0.6529008577092371
-164.08333333333337,-0.7620633311858158
-164.0,-0.8217198225567276
-163.91666666666669,-0.8304337493894217
-163.83333333333337,-0.7902426878433676
-163.75,-0.706366081251116
-163.66666666666669,-0.5866878790356168
-163.58333333333337,-0.4410626108784032
-163.5,-0.2805059557724808
-163.41666666666669,-0.11633795839143769
-163.33333333333337,0.04065177428287469
-163.25,0.18095221798850658
-163.16666666666669,0.2969376446511798
-163.08333333333337,0.383292256603814
-163.0,0.4372290700327801
-162.91666666666669,0.4584976241859947
-162.83333333333337,0.44919297325702634
-162.75,0.41339437998210643
-162.66666666666669,0.3566748501412179
-162.58333333333337,0.28553114183208966
-162.5,0.20678758817187365
-162.41666666666669,0.12702587942507398
-162.33333333333337,0.052087204008942324
-162.25,-0.013316405736373292
-162.16666666666669,-0.0658569716592886
-162.08333333333337,-0.10370092232280678
-162.0,-0.12647798627898343
-161.91666666666669,-0.13512440010220667
-161.83333333333337,-0.1316265760903304
-161.75,-0.11869857474196996
-161.66666666666669,-0.09943024876351769
-161.58333333333337,-0.07694264201791595
-161.5,-0.05408339034124555
-161.41666666666669,-0.033188071403759754
-161.33333333333337,-0.01592454340991356
-161.25,-0.003227322475237726
-161.16666666666669,0.00468093958587527
-161.08333333333337,0.008192770176789687
-161.0,0.008162923248457873
-160.91666666666669,0.005722602587827062
-160.83333333333337,0.002085928463500544
-160.75,-0.0016275567155677908
-160.66666666666669,-0.004534419250657096
-160.58333333333337,-0.006078881907182709
-160.5,-0.006067541657283056
-160.41666666666669,-0.004647973904331377
-160.33333333333337,-0.002239004108029627
-160.25,0.0005738112988224153
-160.16666666666669,0.003160127870331959
-160.08333333333337,0.00496531844582277
-160.0,0.005611631108960767
-159.91666666666669,0.004965318445818415
-159.83333333333337,0.0031601278703231464
-159.75,0.0005738112987996449
-159.66666666666669,-0.002239004108043831
-159.58333333333337,-0.004647973904352442
-159.5,-0.006067541657312883
-159.41666666666669,-0.006078881907209626
-159.33333333333337,-0.004534419250689055
-159.25,-0.0016275567155864012
-159.16666666666669,0.002085928463479575
-159.08333333333337,0.005722602587813998
-159.0,0.00816292324844626
-158.91666666666669,0.008192770176794715
-158.83333333333337,0.0046809395858894215
-158.75,-0.0032273224752392155
-158.66666666666669,-0.015924543409884192
-158.58333333333337,-0.033188071403725254
-158.5,-0.054083390341237
-158.41666666666669,-0.07694264201787837
-158.33333333333337,-0.09943024876348254
-158.25,-0.11869857474195956
-158.16666666666669,-0.1316265760902955
-158.08333333333337,-0.13512440010219082
-158.0,-0.12647798627898188
-157.91666666666669,-0.10370092232279322
-157.83333333333337,-0.06585697165932249
-157.75,-0.013316405736340672
-157.66666666666669,0.05208720400889704
-157.58333333333337,0.12702587942504298
-157.5,0.2067875881718857
-157.41666666666669,0.28553114183204864
-157.33333333333337,0.35667485014117306
-157.25,0.41339437998210926
-157.16666666666669,0.4491929732569915
-157.08333333333337,0.4584976241859826
-157.0,0.4372290700327482
-156.91666666666669,0.38329225660384475
-156.83333333333337,0.296937644651232
-156.75,0.18095221798849834
-156.66666666666669,0.04065177428292552
-156.58333333333337,-0.11633795839138061
-156.5,-0.28050595577251713
-156.41666666666669,-0.44106261087834536
-156.33333333333337,-0.5866878790355647
-156.25,-0.7063660812511314
-156.16666666666669,-0.7902426878433214
-156.08333333333337,-0.8304337493894055
-156.0,-0.8217198225567023
-155.91666666666669,-0.7620633311858377
-155.83333333333337,-0.6529008577093087
-155.75,-0.49917892822656296
-155.66666666666669,-0.3091220653829858
-155.58333333333337,-0.09374355852173259
-155.5,0.13386929959919092
-155.41666666666669,0.35944467576752787
-155.33333333333337,0.5685243315175931
-155.25,0.7474944598774461
-155.16666666666669,0.8845694794743006
-155.08333333333337,0.9706518309999942
-155.0,1.0
-154.91666666666669,0.9706518310000214
-154.83333333333337,0.884569479474341
-154.75,0.7474944598774323
-154.66666666666669,0.5685243315177166
-154.58333333333337,0.35944467576760625
-154.5,0.1338692995991289
-154.41666666666669,-0.09374355852165316
-154.33333333333337,-0.3091220653829337
-154.25,-0.4991789282266292
-154.16666666666669,-0.6529008577092457
-154.08333333333337,-0.7620633311858248
-154.0,-0.8217198225567219
-153.91666666666669,-0.8304337493894235
-153.83333333333337,-0.7902426878433529
-153.75,-0.706366081251104
-153.66666666666669,-0.5866878790356372
-153.58333333333337,-0.44106261087843807
-153.5,-0.2805059557724661
-153.41666666666669,-0.11633795839142892
-153.33333333333337,0.040651774282867585
-153.25,0.18095221798854824
-153.16666666666669,0.2969376446511946
-153.08333333333337,0.38329225660380567
-153.0,0.4372290700327839
-152.91666666666669,0.4584976241859867
-152.83333333333337,0.449192973257019
-152.75,0.41339437998209977
-152.66666666666669,0.3566748501412121
-152.58333333333337,0.28553114183210443
-152.5,0.20678758817189202
-152.41666666666669,0.12702587942507237
-152.33333333333337,0.05208720400893421
-152.25,-0.013316405736371335
-152.16666666666669,-0.06585697165929981
-152.08333333333337,-0.10370092232279716
-152.0,-0.12647798627899548
-151.91666666666669,-0.13512440010221802
-151.83333333333337,-0.13162657609032863
-151.75,-0.11869857474197854
-151.66666666666669,-0.09943024876352421
-151.58333333333337,-0.07694264201792021
-151.5,-0.05408339034125934
-151.41666666666669,-0.03318807140377182
-151.33333333333337,-0.01592454340991098
-151.25,-0.0032273224752547717
-151.16666666666669,0.00468093958588136
-151.08333333333337,0.008192770176788664
-151.0,0.008162923248465882
-150.91666666666669,0.00572260258783787
-150.83333333333337,0.0020859284634913164
-150.75,-0.0016275567155598595
-150.66666666666669,-0.004534419250669874
-150.58333333333337,-0.006078881907196278
-150.5,-0.006067541657296664
-150.41666666666669,-0.0046479739043442225
-150.33333333333337,-0.0022390041080343898
-150.25,0.0005738112988133045
-150.16666666666669,0.003160127870325505
-150.08333333333337,0.004965318445823625
-150.0,0.005611631108960767
-149.91666666666669,0.004965318445817508
-149.83333333333337,0.0031601278703188695
-149.75,0.0005738112988041809
-149.66666666666669,-0.0022390041080475698
-149.58333333333337,-0.004647973904369085
-149.5,-0.006067541657318456
-149.41666666666669,-0.006078881907223726
-149.33333333333337,-0.004534419250696338
-149.25,-0.0016275567155928292
-149.16666666666669,0.002085928463478072
-149.08333333333337,0.00572260258780573
-149.0,0.00816292324845458
-148.91666666666669,0.008192770176787432
-148.83333333333337,0.004680939585887523
-148.75,-0.003227322475243817
-148.66666666666669,-0.015924543409892414
-148.58333333333337,-0.03318807140373395
-148.5,-0.05408339034123513
-148.41666666666669,-0.0769426420178891
-148.33333333333337,-0.09943024876349348
-148.25,-0.1186985747419702
-148.16666666666669,-0.13162657609030537
-148.08333333333337,-0.13512440010219948
-148.0,-0.12647798627898907
-147.91666666666669,-0.10370092232279872
-147.83333333333337,-0.06585697165931116
-147.75,-0.013316405736342513
-147.66666666666669,0.05208720400890518
-147.58333333333337,0.12702587942502386
-147.5,0.20678758817188886
-147.41666666666669,0.285531141832049
-147.33333333333337,0.35667485014117406
-147.25,0.4133943799821041
-147.16666666666669,0.4491929732569944
-147.08333333333337,0.45849762418598494
-147.0,0.43722907003275646
-146.91666666666669,0.38329225660384353
-146.83333333333337,0.2969376446512201
-146.75,0.18095221798849107
-146.66666666666669,0.04065177428291515
-146.58333333333337,-0.11633795839137442
-146.5,-0.28050595577252413
-146.41666666666669,-0.44106261087835
-146.33333333333337,-0.5866878790355629
-146.25,-0.7063660812511314
-146.16666666666669,-0.7902426878433233
-146.08333333333337,-0.8304337493894092
-146.0,-0.8217198225567078
-145.91666666666669,-0.7620633311858656
-145.83333333333337,-0.6529008577093175
-145.75,-0.4991789282265729
-145.66666666666669,-0.3091220653829965
-145.58333333333337,-0.09374355852172347
-145.5,0.13386929959918023
-145.41666666666669,0.3594446757675355
-145.33333333333337,0.5685243315175995
-145.25,0.7474944598774392
-145.16666666666669,0.8845694794743041
-145.08333333333337,0.9706518310000021
-145.0,1.0
-144.91666666666669,0.9706518310000133
-144.83333333333337,0.8845694794743566
-144.75,0.7474944598774274
-144.66666666666669,0.5685243315176903
-144.58333333333337,0.35944467576759864
-144.5,0.1338692995990989
-144.41666666666669,-0.09374355852166226
-144.33333333333337,-0.3091220653829229
-144.25,-0.499178928226604
-144.16666666666669,-0.6529008577092543
-144.08333333333337,-0.7620633311858175
-144.0,-0.8217198225567282
-143.91666666666669,-0.8304337493894197
-143.83333333333337,-0.790242687843351
-143.75,-0.7063660812511042
-143.66666666666669,-0.5866878790356391
-143.58333333333337,-0.44106261087844156
-143.5,-0.2805059557724711
-143.41666666666669,-0.11633795839143507
-143.33333333333337,0.04065177428287793
-143.25,0.18095221798854047
-143.16666666666669,0.2969376446511834
-143.08333333333337,0.3832922566038173
-143.0,0.4372290700327756
-142.91666666666669,0.45849762418599627
-142.83333333333337,0.44919297325701596
-142.75,0.413394379982105
-142.66666666666669,0.35667485014121114
-142.58333333333337,0.28553114183210554
-142.5,0.20678758817188886
-142.41666666666669,0.12702587942507848
-142.33333333333337,0.0520872040089261
-142.25,-0.013316405736361718
-142.16666666666669,-0.0658569716593112
-142.08333333333337,-0.10370092232280774
-142.0,-0.1264779862789883
-141.91666666666669,-0.13512440010222942
-141.83333333333337,-0.13162657609031883
-141.75,-0.1186985747419871
-141.66666666666669,-0.09943024876351322
-141.58333333333337,-0.0769426420179094
-141.5,-0.05408339034125887
-141.41666666666669,-0.03318807140376316
-141.33333333333337,-0.015924543409904093
-141.25,-0.003227322475250222
-141.16666666666669,0.004680939585883259
-141.08333333333337,0.008192770176796024
-141.0,0.008162923248461993
-140.91666666666669,0.005722602587831156
-140.83333333333337,0.002085928463499611
-140.75,-0.0016275567155711603
-140.66666666666669,-0.004534419250662565
-140.58333333333337,-0.006078881907182216
-140.5,-0.006067541657291072
-140.41666666666669,-0.004647973904336304
-140.33333333333337,-0.0022390041080186758
-140.25,0.0005738112988160002
-140.16666666666669,0.0031601278703351473
-140.08333333333337,0.0049653184458245325
-140.0,0.005611631108960767
-139.91666666666669,0.0049653184458166265
-139.83333333333337,0.003160127870317107
-139.75,0.000573811298790884
-139.66666666666669,-0.0022390041080512114
-139.58333333333337,-0.0046479739043562675
-139.5,-0.006067541657324042
-139.41666666666669,-0.006078881907210157
-139.33333333333337,-0.004534419250682134
-139.25,-0.0016275567155982465
-139.16666666666669,0.002085928463487247
-139.08333333333337,0.005722602587812391
-139.0,0.008162923248458494
-138.91666666666669,0.008192770176788417
-138.83333333333337,0.004680939585881425
-138.75,-0.0032273224752331782
-138.66666666666669,-0.015924543409899215
-138.58333333333337,-0.033188071403734434
-138.5,-0.05408339034124519
-138.41666666666669,-0.07694264201788494
-138.33333333333337,-0.099430248763487
-138.25,-0.11869857474196166
-138.16666666666669,-0.13162657609030448
-138.08333333333337,-0.13512440010220478
-138.0,-0.12647798627897708
-137.91666666666669,-0.10370092232280825
-137.83333333333337,-0.06585697165929982
-137.75,-0.01331640573635214
-137.66666666666669,0.052087204008886466
-137.58333333333337,0.12702587942502963
-137.5,0.20678758817188528
-137.41666666666669,0.2855311418320493
-137.33333333333337,0.3566748501411797
-137.25,0.4133943799820988
-137.16666666666669,0.44919297325700186
-137.08333333333337,0.45849762418599294
-137.0,0.43722907003274547
-136.91666666666669,0.38329225660385197
-136.83333333333337,0.2969376446512283
-136.75,0.18095221798849886
-136.66666666666669,0.04065177428292228
-136.58333333333337,-0.1163379583913433
-136.5,-0.28050595577248566
-136.41666666666669,-0.44106261087834653
-136.33333333333337,-0.5866878790355651
-136.25,-0.7063660812511314
-136.16666666666669,-0.790242687843321
-136.08333333333337,-0.8304337493894124
-136.0,-0.8217198225567101
-135.91666666666669,-0.7620633311858581
-135.83333333333337,-0.6529008577093022
-135.75,-0.4991789282265638
-135.66666666666669,-0.3091220653829791
-135.58333333333337,-0.0937435585217344
-135.5,0.13386929959919952
-135.41666666666669,0.359444675767494
-135.33333333333337,0.568524331517591
-135.25,0.7474944598774526
-135.16666666666669,0.8845694794742993
-135.08333333333337,0.9706518309999999
-135.0,1.0
-134.91666666666669,0.9706518310000319
-134.83333333333337,0.8845694794743614
-134.75,0.7474944598774342
-134.66666666666669,0.568524331517699
-134.58333333333337,0.35944467576759764
-134.5,0.13386929959910956
-134.41666666666669,-0.09374355852166116
-134.33333333333337,-0.30912206538288545
-134.25,-0.49917892822659404
-134.16666666666669,-0.6529008577092488
-134.08333333333337,-0.7620633311858251
-134.0,-0.8217198225567207
-133.91666666666669,-0.830433749389424
-133.83333333333337,-0.79024268784336
-133.75,-0.7063660812511255
-133.66666666666669,-0.5866878790356368
-133.58333333333337,-0.4410626108784316
-133.5,-0.2805059557724642
-133.41666666666669,-0.11633795839142419
-133.33333333333337,0.04065177428287085
-133.25,0.18095221798854982
-133.16666666666669,0.2969376446511914
-133.08333333333337,0.383292256603809
-133.0,0.4372290700327805
-132.91666666666669,0.45849762418598833
-132.83333333333337,0.4491929732570085
-132.75,0.4133943799820984
-132.66666666666669,0.35667485014121936
-132.58333333333337,0.2855311418321011
-132.5,0.2067875881718857
-132.41666666666669,0.1270258794250769
-132.33333333333337,0.05208720400893429
-132.25,-0.013316405736359865
-132.16666666666669,-0.0658569716592968
-132.08333333333337,-0.10370092232279149
-132.0,-0.1264779862789811
-131.91666666666669,-0.13512440010221252
-131.83333333333337,-0.13162657609032902
-131.75,-0.11869857474197333
-131.66666666666669,-0.09943024876351976
-131.58333333333337,-0.07694264201791941
-131.5,-0.05408339034125485
-131.41666666666669,-0.03318807140376268
-131.33333333333337,-0.01592454340991144
-131.25,-0.0032273224752456717
-131.16666666666669,0.004680939585878606
-131.08333333333337,0.008192770176799277
-131.0,0.00816292324845808
-130.91666666666669,0.005722602587833542
-130.83333333333337,0.002085928463490435
-130.75,-0.0016275567155639805
-130.66666666666669,-0.004534419250675344
-130.58333333333337,-0.006078881907195772
-130.5,-0.0060675416573046604
-130.41666666666669,-0.004647973904349148
-130.33333333333337,-0.0022390041080300026
-130.25,0.0005738112988068635
-130.16666666666669,0.003160127870328667
-130.08333333333337,0.004965318445823263
-130.0,0.005611631108960767
-129.91666666666669,0.004965318445818622
-129.83333333333337,0.0031601278703195694
-129.75,0.0005738112988000207
-129.66666666666669,-0.002239004108045885
-129.58333333333337,-0.00464797390436088
-129.5,-0.006067541657315722
-129.41666666666669,-0.006078881907216624
-129.33333333333337,-0.004534419250689418
-129.25,-0.0016275567155862197
-129.16666666666669,0.0020859284634790047
-129.08333333333337,0.005722602587810007
-129.0,0.008162923248450563
-128.91666666666669,0.008192770176790957
-128.83333333333337,0.0046809395858794615
-128.75,-0.003227322475237728
-128.66666666666669,-0.01592454340989197
-128.58333333333337,-0.0331880714037431
-128.5,-0.05408339034123733
-128.41666666666669,-0.07694264201789563
-128.33333333333337,-0.09943024876349793
-128.25,-0.11869857474195394
-128.16666666666669,-0.1316265760903143
-128.08333333333337,-0.13512440010221335
-128.0,-0.12647798627898424
-127.91666666666669,-0.10370092232281382
-127.83333333333337,-0.06585697165931428
-127.75,-0.013316405736353981
-127.66666666666669,0.05208720400888639
-127.58333333333337,0.12702587942502533
-127.5,0.20678758817188844
-127.41666666666669,0.2855311418320531
-127.33333333333337,0.3566748501411771
-127.25,0.4133943799821093
-127.16666666666669,0.4491929732569933
-127.08333333333337,0.4584976241859834
-127.0,0.43722907003275974
-126.91666666666669,0.3832922566038402
-126.83333333333337,0.2969376446512203
-126.75,0.18095221798848746
-126.66666666666669,0.04065177428291196
-126.58333333333337,-0.11633795839135426
-126.5,-0.2805059557724926
-126.41666666666669,-0.4410626108783564
-126.33333333333337,-0.5866878790355632
-126.25,-0.7063660812511372
-126.16666666666669,-0.7902426878433226
-126.08333333333337,-0.8304337493894112
-126.0,-0.8217198225567055
-125.91666666666669,-0.7620633311858653
-125.83333333333337,-0.6529008577093109
-125.75,-0.4991789282265737
-125.66666666666669,-0.3091220653829816
-125.58333333333337,-0.09374355852171545
-125.5,0.1338692995991374
-125.41666666666669,0.359444675767495
-125.33333333333337,0.5685243315176072
-125.25,0.747494459877454
-125.16666666666669,0.8845694794743086
-125.08333333333337,0.9706518310000015
-125.0,1.0
-124.91666666666669,0.9706518310000269
-124.83333333333337,0.8845694794743579
-124.75,0.7474944598774209
-124.66666666666669,0.5685243315176924
-124.58333333333337,0.3594446757675901
-124.5,0.13386929959910102
-124.41666666666669,-0.09374355852161965
-124.33333333333337,-0.30912206538289483
-124.25,-0.49917892822660326
-124.16666666666669,-0.6529008577092574
-124.08333333333337,-0.7620633311858177
-124.0,-0.821719822556727
-123.91666666666669,-0.8304337493894203
-123.83333333333337,-0.7902426878433583
-123.75,-0.7063660812511257
-123.66666666666669,-0.5866878790356388
-123.58333333333337,-0.4410626108784299
-123.5,-0.28050595577246923
-123.41666666666669,-0.11633795839142831
-123.33333333333337,0.04065177428284514
-123.25,0.1809522179885097
-123.16666666666669,0.29693764465117933
-123.08333333333337,0.3832922566038154
-123.0,0.4372290700327663
-122.91666666666669,0.45849762418599177
-122.83333333333337,0.4491929732570161
-122.75,0.4133943799821069
-122.66666666666669,0.3566748501412202
-122.58333333333337,0.2855311418321007
-122.5,0.20678758817188594
-122.41666666666669,0.12702587942507104
-122.33333333333337,0.05208720400892618
-122.25,-0.01331640573637
-122.16666666666669,-0.06585697165929301
-122.08333333333337,-0.10370092232280345
-122.0,-0.12647798627899312
-121.91666666666669,-0.13512440010222387
-121.83333333333337,-0.1316265760903192
-121.75,-0.11869857474198188
-121.66666666666669,-0.09943024876352738
-121.58333333333337,-0.07694264201790862
-121.5,-0.05408339034125672
-121.41666666666669,-0.033188071403753946
-121.33333333333337,-0.01592454340990456
-121.25,-0.003227322475241122
-121.16666666666669,0.00468093958588055
-121.08333333333337,0.008192770176798292
-121.0,0.00816292324845427
-120.91666666666669,0.005722602587826828
-120.83333333333337,0.0020859284634952824
-120.75,-0.0016275567155752816
-120.66666666666669,-0.004534419250666336
-120.58333333333337,-0.00607888190719235
-120.5,-0.006067541657302043
-120.41666666666669,-0.004647973904338494
-120.33333333333337,-0.0022390041080263805
-120.25,0.0005738112988148338
-120.16666666666669,0.0031601278703304557
-120.08333333333337,0.00496531844582417
-120.0,0.005611631108960767
-119.91666666666669,0.004965318445817716
-119.83333333333337,0.0031601278703178325
-119.75,0.0005738112987973121
-119.66666666666669,-0.0022390041080494944
-119.58333333333337,-0.00464797390434801
-119.5,-0.006067541657321314
-119.41666666666669,-0.006078881907220046
-119.33333333333337,-0.00453441925067664
-119.25,-0.0016275567155940734
-119.16666666666669,0.002085928463488206
-119.08333333333337,0.005722602587816719
-119.0,0.008162923248454424
-118.91666666666669,0.008192770176795856
-118.83333333333337,0.004680939585877615
-118.75,-0.003227322475242226
-118.66666666666669,-0.015924543409898774
-118.58333333333337,-0.033188071403735274
-118.5,-0.05408339034124729
-118.41666666666669,-0.07694264201788832
-118.33333333333337,-0.09943024876349031
-118.25,-0.11869857474196457
-118.16666666666669,-0.13162657609031006
-118.08333333333337,-0.135124400102202
-118.0,-0.1264779862789822
-117.91666666666669,-0.1037009223228018
-117.83333333333337,-0.06585697165931802
-117.75,-0.013316405736361213
-117.66666666666669,0.0520872040088945
-117.58333333333337,0.12702587942503113
-117.5,0.2067875881718916
-117.41666666666669,0.2855311418320534
-117.33333333333337,0.3566748501411828
-117.25,0.4133943799821041
-117.16666666666669,0.4491929732569857
-117.08333333333337,0.4584976241859914
-117.0,0.4372290700327489
-116.91666666666669,0.3832922566038486
-116.83333333333337,0.29693764465122857
-116.75,0.18095221798849517
-116.66666666666669,0.04065177428295512
-116.58333333333337,-0.11633795839134799
-116.5,-0.2805059557724876
-116.41666666666669,-0.4410626108783529
-116.33333333333337,-0.5866878790355716
-116.25,-0.7063660812511372
-116.16666666666669,-0.7902426878433255
-116.08333333333337,-0.8304337493894105
-116.0,-0.8217198225567113
-115.91666666666669,-0.7620633311858571
-115.83333333333337,-0.6529008577093024
-115.75,-0.49917892822655857
-115.66666666666669,-0.3091220653829722
-115.58333333333337,-0.09374355852175698
-115.5,0.1338692995991567
-115.41666666666669,0.3594446757675026
-115.33333333333337,0.5685243315176136
-115.25,0.7474944598774589
-115.16666666666669,0.8845694794743121
-115.08333333333337,0.9706518309999903
-115.0,1.0
-114.91666666666669,0.9706518310000252
-114.83333333333337,0.8845694794743627
-114.75,0.7474944598774158
-114.66666666666669,0.5685243315177011
-114.58333333333337,0.3594446757676
-114.5,0.1338692995991117
-114.41666666666669,-0.0937435585216087
-114.33333333333337,-0.3091220653828841
-114.25,-0.4991789282265932
-114.16666666666669,-0.6529008577092485
-114.08333333333337,-0.7620633311858261
-114.0,-0.8217198225567213
-113.91666666666669,-0.8304337493894259
-113.83333333333337,-0.7902426878433554
-113.75,-0.7063660812511257
-113.66666666666669,-0.5866878790356305
-113.58333333333337,-0.4410626108784254
-113.5,-0.2805059557724584
-113.41666666666669,-0.1163379583914195
-113.33333333333337,0.04065177428285543
-113.25,0.18095221798851907
-113.16666666666669,0.29693764465119116
-113.08333333333337,0.3832922566038272
-113.0,0.43722907003277717
-112.91666666666669,0.45849762418600126
-112.83333333333337,0.4491929732570247
-112.75,0.4133943799821121
-112.66666666666669,0.3566748501412227
-112.58333333333337,0.2855311418320962
-112.5,0.20678758817188278
-112.41666666666669,0.12702587942506938
-112.33333333333337,0.052087204008926205
-112.25,-0.013316405736362703
-112.16666666666669,-0.06585697165928936
-112.08333333333337,-0.10370092232279794
-112.0,-0.12647798627898596
-111.91666666666669,-0.13512440010221521
-111.83333333333337,-0.13162657609032338
-111.75,-0.11869857474197125
-111.66666666666669,-0.09943024876351644
-111.58333333333337,-0.07694264201791598
-111.5,-0.05408339034124672
-111.41666666666669,-0.033188071403761815
-111.33333333333337,-0.015924543409911895
-111.25,-0.00322732247524737
-111.16666666666669,0.004680939585871719
-111.08333333333337,0.008192770176795752
-111.0,0.008162923248454036
-110.91666666666669,0.005722602587829187
-110.83333333333337,0.0020859284635035506
-110.75,-0.0016275567155681278
-110.66666666666669,-0.00453441925065904
-110.58333333333337,-0.006078881907185858
-110.5,-0.006067541657291195
-110.41666666666669,-0.004647973904333895
-110.33333333333337,-0.002239004108037714
-110.25,0.0005738112988174776
-110.16666666666669,0.0031601278703239756
-110.08333333333337,0.0049653184458201775
-110.0,0.005611631108960767
-109.91666666666669,0.00496531844582106
-109.83333333333337,0.003160127870324261
-109.75,0.0005738112988064747
-109.66666666666669,-0.0022390041080381806
-109.58333333333337,-0.00464797390435869
-109.5,-0.0060675416573047385
-109.41666666666669,-0.006078881907206477
-109.33333333333337,-0.004534419250685659
-109.25,-0.0016275567155827723
-109.16666666666669,0.0020859284634833332
-109.08333333333337,0.005722602587814309
-109.0,0.00816292324845458
-108.91666666666669,0.00819277017679841
-108.83333333333337,0.004680939585882215
-108.75,-0.00322732247523603
-108.66666666666669,-0.015924543409891412
-108.58333333333337,-0.03318807140373577
-108.5,-0.05408339034123948
-108.41666666666669,-0.07694264201788145
-108.33333333333337,-0.09943024876348379
-108.25,-0.11869857474195909
-108.16666666666669,-0.13162657609029982
-108.08333333333337,-0.13512440010221066
-108.0,-0.12647798627897014
-107.91666666666669,-0.10370092232280731
-107.83333333333337,-0.06585697165932172
-107.75,-0.01331640573635126
-107.66666666666669,0.0520872040088945
-107.58333333333337,0.12702587942503277
-107.5,0.20678758817189477
-107.41666666666669,0.28553114183205797
-107.33333333333337,0.3566748501411682
-107.25,0.41339437998210365
-107.16666666666669,0.44919297325699314
-107.08333333333337,0.4584976241859879
-107.0,0.43722907003275713
-106.91666666666669,0.3832922566038421
-106.83333333333337,0.2969376446512205
-106.75,0.18095221798851618
-106.66666666666669,0.040651774282944725
-106.58333333333337,-0.1163379583913589
-106.5,-0.28050595577249837
-106.41666666666669,-0.4410626108783628
-106.33333333333337,-0.5866878790355738
-106.25,-0.7063660812511431
-106.16666666666669,-0.7902426878433115
-106.08333333333337,-0.8304337493894062
-106.0,-0.8217198225567068
-105.91666666666669,-0.7620633311858496
-105.83333333333337,-0.6529008577093113
-105.75,-0.49917892822654947
-105.66666666666669,-0.30912206538300974
-105.58333333333337,-0.0937435585217679
-105.5,0.1338692995991652
-105.41666666666669,0.3594446757674927
-105.33333333333337,0.5685243315176052
-105.25,0.7474944598774521
-105.16666666666669,0.8845694794743073
-105.08333333333337,0.9706518309999878
-105.0,1.0
-104.91666666666669,0.9706518310000276
-104.83333333333337,0.8845694794743533
-104.75,0.7474944598774226
-104.66666666666669,0.5685243315176847
-104.58333333333337,0.3594446757676306
-104.5,0.1338692995991546
-104.41666666666669,-0.09374355852162763
-104.33333333333337,-0.3091220653829016
-104.25,-0.49917892822660836
-104.16666666666669,-0.6529008577092607
-104.08333333333337,-0.7620633311858337
-104.0,-0.8217198225567156
-103.91666666666669,-0.8304337493894265
-103.83333333333337,-0.7902426878433577
-103.75,-0.7063660812511197
-103.66666666666669,-0.5866878790356281
-103.58333333333337,-0.44106261087842896
-103.5,-0.28050595577245163
-103.41666666666669,-0.11633795839144848
-103.33333333333337,0.04065177428284835
-103.25,0.18095221798853048
-103.16666666666669,0.296937644651183
-103.08333333333337,0.3832922566038189
-103.0,0.43722907003276895
-102.91666666666669,0.45849762418598744
-102.83333333333337,0.44919297325701724
-102.75,0.4133943799821053
-102.66666666666669,0.35667485014121697
-102.58333333333337,0.2855311418320966
-102.5,0.20678758817187962
-102.41666666666669,0.12702587942506957
-102.33333333333337,0.052087204008944836
-102.25,-0.01331640573636085
-102.16666666666669,-0.06585697165928996
-102.08333333333337,-0.10370092232279912
-102.0,-0.126477986278988
-101.91666666666669,-0.1351244001022183
-101.83333333333337,-0.1316265760903303
-101.75,-0.11869857474197579
-101.66666666666669,-0.09943024876352292
-101.58333333333337,-0.07694264201791269
-101.5,-0.05408339034125455
-101.41666666666669,-0.03318807140375726
-101.33333333333337,-0.015924543409907146
-101.25,-0.00322732247524282
-101.16666666666669,0.004680939585875742
-101.08333333333337,0.008192770176798876
-101.0,0.008162923248456085
-100.91666666666669,0.005722602587830017
-100.83333333333337,0.002085928463494323
-100.75,-0.0016275567155698127
-100.66666666666669,-0.004534419250665001
-100.58333333333337,-0.006078881907199452
-100.5,-0.006067541657295212
-100.41666666666669,-0.004647973904346713
-100.33333333333337,-0.0022390041080280264
-100.25,0.0005738112988082891
-100.16666666666669,0.003160127870329704
-100.08333333333337,0.0049653184458231065
-100.0,0.005611631108960767
-99.91666666666669,0.0049653184458180784
-99.83333333333337,0.00316012787031861
-99.75,0.0005738112987985433
-99.66666666666669,-0.0022390041080477836
-99.58333333333337,-0.004647973904360553
-99.5,-0.006067541657315612
-99.41666666666669,-0.006078881907216741
-99.33333333333337,-0.004534419250682899
-99.25,-0.0016275567155899263
-99.16666666666669,0.002085928463483826
-99.08333333333337,0.0057226025878170045
-99.0,0.008162923248450304
-98.91666666666669,0.008192770176795273
-98.83333333333337,0.00468093958587825
-98.75,-0.00322732247524058
-98.66666666666669,-0.015924543409896186
-98.58333333333337,-0.033188071403744475
-98.5,-0.054083390341243584
-98.41666666666669,-0.07694264201788473
-98.33333333333337,-0.09943024876349472
-98.25,-0.11869857474196019
-98.16666666666669,-0.13162657609030967
-98.08333333333337,-0.13512440010220755
-98.0,-0.12647798627897733
-97.91666666666669,-0.1037009223228075
-97.83333333333337,-0.06585697165932108
-97.75,-0.0133164057363531
-97.66666666666669,0.0520872040088945
-97.58333333333337,0.1270258794250326
-97.5,0.2067875881718945
-97.41666666666669,0.28553114183205747
-97.33333333333337,0.3566748501411674
-97.25,0.4133943799821022
-97.16666666666669,0.4491929732569908
-97.08333333333337,0.458497624185987
-97.0,0.43722907003275224
-96.91666666666669,0.3832922566038404
-96.83333333333337,0.29693764465124567
-96.75,0.1809522179885068
-96.66666666666669,0.040651774282943115
-96.58333333333337,-0.11633795839136019
-96.5,-0.2805059557724993
-96.41666666666669,-0.4410626108783634
-96.33333333333337,-0.586687879035572
-96.25,-0.7063660812511218
-96.16666666666669,-0.7902426878433112
-96.08333333333337,-0.83043374938941
-96.0,-0.8217198225567066
-95.91666666666669,-0.7620633311858569
-95.83333333333337,-0.6529008577092993
-95.75,-0.4991789282265594
-95.66666666666669,-0.30912206538302045
-95.58333333333337,-0.09374355852174897
-95.5,0.13386929959915458
-95.41666666666669,0.35944467576751116
-95.33333333333337,0.5685243315176214
-95.25,0.7474944598774654
-95.16666666666669,0.8845694794742919
-95.08333333333337,0.9706518309999927
-95.0,1.0
-94.91666666666669,0.970651831000025
-94.83333333333337,0.8845694794743539
-94.75,0.7474944598774154
-94.66666666666669,0.5685243315176857
-94.58333333333337,0.3594446757676317
-94.5,0.13386929959914493
-94.41666666666669,-0.09374355852162676
-94.33333333333337,-0.309122065382901
-94.25,-0.4991789282266079
-94.16666666666669,-0.6529008577092605
-94.08333333333337,-0.7620633311858125
-94.0,-0.8217198225567159
-93.91666666666669,-0.8304337493894269
-93.83333333333337,-0.7902426878433559
-93.75,-0.7063660812511198
-93.66666666666669,-0.5866878790356301
-93.58333333333337,-0.44106261087841886
-93.5,-0.2805059557724879
-93.41666666666669,-0.11633795839145467
-93.33333333333337,0.040651774282858724
-93.25,0.18095221798852268
-93.16666666666669,0.296937644651191
-93.08333333333337,0.3832922566038152
-93.0,0.4372290700327738
-92.91666666666669,0.458497624185991
-92.83333333333337,0.4491929732570121
-92.75,0.41339437998210676
-92.66666666666669,0.3566748501412136
-92.58333333333337,0.2855311418320942
-92.5,0.2067875881718799
-92.41666666666669,0.12702587942508486
-92.33333333333337,0.05208720400894082
-92.25,-0.01331640573635503
-92.16666666666669,-0.06585697165929376
-92.08333333333337,-0.10370092232280237
-92.0,-0.12647798627899043
-91.91666666666669,-0.13512440010221968
-91.83333333333337,-0.1316265760903305
-91.75,-0.1186985747419747
-91.66666666666669,-0.09943024876352075
-91.58333333333337,-0.07694264201790944
-91.5,-0.05408339034125045
-91.41666666666669,-0.03318807140375268
-91.33333333333337,-0.015924543409906834
-91.25,-0.003227322475242609
-91.16666666666669,0.004680939585879708
-91.08333333333337,0.008192770176792227
-91.0,0.008162923248458184
-90.91666666666669,0.0057226025878248585
-90.83333333333337,0.002085928463490461
-90.75,-0.0016275567155748152
-90.66666666666669,-0.004534419250665974
-90.58333333333337,-0.006078881907199168
-90.5,-0.006067541657293936
-90.41666666666669,-0.004647973904344806
-90.33333333333337,-0.002239004108031921
-90.25,0.0005738112988103498
-90.16666666666669,0.0031601278703259454
-90.08333333333337,0.004965318445821811
-90.0,0.005611631108960767
-89.91666666666669,0.004965318445819296
-89.83333333333337,0.0031601278703208913
-89.75,0.0005738112988017443
-89.66666666666669,-0.002239004108041602
-89.58333333333337,-0.004647973904356457
-89.5,-0.006067541657311594
-89.41666666666669,-0.006078881907213216
-89.33333333333337,-0.004534419250680152
-89.25,-0.0016275567155882415
-89.16666666666669,0.0020859284634842925
-89.08333333333337,0.005722602587816227
-89.0,0.008162923248448308
-88.91666666666669,0.008192770176792149
-88.83333333333337,0.004680939585884976
-88.75,-0.00322732247524513
-88.66666666666669,-0.01592454340989097
-88.58333333333337,-0.03318807140373241
-88.5,-0.05408339034124402
-88.41666666666669,-0.07694264201788488
-88.33333333333337,-0.09943024876349695
-88.25,-0.11869857474196431
-88.16666666666669,-0.13162657609031542
-88.08333333333337,-0.1351244001022062
-88.0,-0.12647798627898496
-87.91666666666669,-0.10370092232281504
-87.83333333333337,-0.06585697165931727
-87.75,-0.013316405736358802
-87.66666666666669,0.05208720400889852
-87.58333333333337,0.12702587942503626
-87.5,0.20678758817189766
-87.41666666666669,0.28553114183204403
-87.33333333333337,0.35667485014116895
-87.25,0.41339437998210293
-87.16666666666669,0.4491929732569907
-87.08333333333337,0.4584976241859863
-87.0,0.4372290700327509
-86.91666666666669,0.383292256603849
-86.83333333333337,0.2969376446512438
-86.75,0.180952217988505
-86.66666666666669,0.04065177428294153
-86.58333333333337,-0.11633795839136364
-86.5,-0.28050595577250026
-86.41666666666669,-0.4410626108783692
-86.33333333333337,-0.5866878790355514
-86.25,-0.7063660812511218
-86.16666666666669,-0.7902426878433162
-86.08333333333337,-0.8304337493894134
-86.0,-0.821719822556708
-85.91666666666669,-0.762063331185856
-85.83333333333337,-0.652900857709331
-85.75,-0.4991789282265846
-85.66666666666669,-0.30912206538301296
-85.58333333333337,-0.09374355852174987
-85.5,0.13386929959916424
-85.41666666666669,0.35944467576751
-85.33333333333337,0.5685243315176205
-85.25,0.7474944598774645
-85.16666666666669,0.8845694794742912
-85.08333333333337,0.9706518309999923
-85.0,1.0
-84.91666666666669,0.9706518310000231
-84.83333333333337,0.8845694794743547
-84.75,0.7474944598774103
-84.66666666666669,0.568524331517723
-84.58333333333337,0.35944467576763284
-84.5,0.13386929959913643
-84.41666666666669,-0.09374355852162583
-84.33333333333337,-0.3091220653829085
-84.25,-0.49917892822660764
-84.16666666666669,-0.6529008577092638
-84.08333333333337,-0.7620633311858134
-84.0,-0.8217198225567162
-83.91666666666669,-0.8304337493894234
-83.83333333333337,-0.7902426878433509
-83.75,-0.7063660812511139
-83.66666666666669,-0.5866878790356239
-83.58333333333337,-0.44106261087845255
-83.5,-0.28050595577248305
-83.41666666666669,-0.11633795839145135
-83.33333333333337,0.040651774282860355
-83.25,0.1809522179885224
-83.16666666666669,0.2969376446511928
-83.08333333333337,0.3832922566038066
-83.0,0.43722907003276196
-82.91666666666669,0.4584976241859917
-82.83333333333337,0.4491929732570197
-82.75,0.413394379982106
-82.66666666666669,0.35667485014121625
-82.58333333333337,0.2855311418320918
-82.5,0.20678758817187673
-82.41666666666669,0.12702587942507904
-82.33333333333337,0.05208720400893683
-82.25,-0.013316405736365115
-82.16666666666669,-0.06585697165929752
-82.08333333333337,-0.10370092232279482
-82.0,-0.12647798627899282
-81.91666666666669,-0.1351244001022149
-81.83333333333337,-0.1316265760903247
-81.75,-0.11869857474197369
-81.66666666666669,-0.09943024876351851
-81.58333333333337,-0.07694264201790929
-81.5,-0.05408339034125234
-81.41666666666669,-0.03318807140375842
-81.33333333333337,-0.015924543409904856
-81.25,-0.0032273224752412885
-81.16666666666669,0.00468093958587293
-81.08333333333337,0.008192770176795351
-81.0,0.008162923248452041
-80.91666666666669,0.00572260258782688
-80.83333333333337,0.002085928463495334
-80.75,-0.001627556715575204
-80.66666666666669,-0.004534419250668734
-80.58333333333337,-0.006078881907192688
-80.5,-0.006067541657297934
-80.41666666666669,-0.004647973904338548
-80.33333333333337,-0.002239004108033949
-80.25,0.0005738112988147691
-80.16666666666669,0.0031601278703263344
-80.08333333333337,0.004965318445820619
-80.0,0.005611631108960767
-79.91666666666669,0.004965318445820593
-79.83333333333337,0.00316012787032198
-79.75,0.0005738112988033514
-79.66666666666669,-0.0022390041080419453
-79.58333333333337,-0.004647973904358363
-79.5,-0.0060675416573076025
-79.41666666666669,-0.006078881907213475
-79.33333333333337,-0.004534419250686722
-79.25,-0.0016275567155845869
-79.16666666666669,0.0020859284634794713
-79.08333333333337,0.0057226025878213335
-79.0,0.008162923248454374
-78.91666666666669,0.00819277017679885
-78.83333333333337,0.0046809395858809525
-78.75,-0.003227322475242059
-78.66666666666669,-0.0159245434098985
-78.58333333333337,-0.033188071403734934
-78.5,-0.0540833903412469
-78.41666666666669,-0.07694264201788811
-78.33333333333337,-0.09943024876349042
-78.25,-0.11869857474196539
-78.16666666666669,-0.1316265760903099
-78.08333333333337,-0.13512440010221205
-78.0,-0.1264779862789825
-77.91666666666669,-0.10370092232280313
-77.83333333333337,-0.06585697165931347
-77.75,-0.01331640573634885
-77.66666666666669,0.05208720400888914
-77.58333333333337,0.12702587942502763
-77.5,0.20678758817189005
-77.41666666666669,0.28553114183205414
-77.33333333333337,0.35667485014117234
-77.25,0.41339437998210365
-77.16666666666669,0.4491929732569959
-77.08333333333337,0.4584976241859827
-77.0,0.4372290700327592
-76.91666666666669,0.38329225660383986
-76.83333333333337,0.2969376446512459
-76.75,0.18095221798850525
-76.66666666666669,0.0406517742829399
-76.58333333333337,-0.11633795839134503
-76.5,-0.28050595577249043
-76.41666666666669,-0.44106261087834997
-76.33333333333337,-0.5866878790355691
-76.25,-0.7063660812511277
-76.16666666666669,-0.7902426878433159
-76.08333333333337,-0.830433749389409
-76.0,-0.8217198225567077
-75.91666666666669,-0.7620633311858587
-75.83333333333337,-0.6529008577093136
-75.75,-0.4991789282265619
-75.66666666666669,-0.3091220653830036
-75.58333333333337,-0.09374355852175074
-75.5,0.13386929959917274
-75.41666666666669,0.35944467576748973
-75.33333333333337,0.5685243315176025
-75.25,0.7474944598774501
-75.16666666666669,0.8845694794742904
-75.08333333333337,0.9706518309999953
-75.0,1.0
-74.91666666666669,0.9706518310000284
-74.83333333333337,0.8845694794743607
-74.75,0.7474944598774248
-74.66666666666669,0.5685243315176972
-74.58333333333337,0.35944467576762323
-74.5,0.13386929959912675
-74.41666666666669,-0.09374355852163475
-74.33333333333337,-0.3091220653828803
-74.25,-0.49917892822659954
-74.16666666666669,-0.6529008577092461
-74.08333333333337,-0.7620633311858135
-74.0,-0.8217198225567148
-73.91666666666669,-0.8304337493894237
-73.83333333333337,-0.7902426878433564
-73.75,-0.7063660812511274
-73.66666666666669,-0.586687879035633
-73.58333333333337,-0.4410626108784323
-73.5,-0.28050595577248205
-73.41666666666669,-0.11633795839144245
-73.33333333333337,0.04065177428286201
-73.25,0.18095221798853386
-73.16666666666669,0.2969376446511792
-73.08333333333337,0.38329225660381583
-73.0,0.4372290700327669
-72.91666666666669,0.4584976241859925
-72.83333333333337,0.4491929732570145
-72.75,0.4133943799821054
-72.66666666666669,0.35667485014121986
-72.58333333333337,0.2855311418320997
-72.5,0.20678758817188428
-72.41666666666669,0.12702587942508126
-72.33333333333337,0.05208720400894095
-72.25,-0.013316405736359309
-72.16666666666669,-0.06585697165929064
-72.08333333333337,-0.10370092232279743
-72.0,-0.12647798627899523
-71.91666666666669,-0.13512440010221521
-71.83333333333337,-0.13162657609032488
-71.75,-0.1186985747419696
-71.66666666666669,-0.09943024876351624
-71.58333333333337,-0.07694264201791648
-71.5,-0.05408339034124711
-71.41666666666669,-0.03318807140376216
-71.33333333333337,-0.01592454340990944
-71.25,-0.0032273224752443594
-71.16666666666669,0.004680939585879028
-71.08333333333337,0.008192770176791592
-71.0,0.008162923248454088
-70.91666666666669,0.005722602587821748
-70.83333333333337,0.002085928463494816
-70.75,-0.0016275567155692942
-70.66666666666669,-0.0045344192506714944
-70.58333333333337,-0.006078881907192454
-70.5,-0.006067541657301959
-70.41666666666669,-0.004647973904342657
-70.33333333333337,-0.0022390041080302945
-70.25,0.0005738112988114772
-70.16666666666669,0.003160127870329315
-70.08333333333337,0.004965318445821551
-70.0,0.005611631108960767
-69.91666666666669,0.004965318445818986
-69.83333333333337,0.0031601278703243126
-69.75,0.000573811298800591
-69.66666666666669,-0.002239004108039917
-69.58333333333337,-0.0046479739043542535
-69.5,-0.006067541657308859
-69.41666666666669,-0.006078881907209924
-69.33333333333337,-0.004534419250685685
-69.25,-0.0016275567155828502
-69.16666666666669,0.0020859284634832816
-69.08333333333337,0.005722602587812987
-69.0,0.0081629232484523
-68.91666666666669,0.00819277017679163
-68.83333333333337,0.0046809395858844515
-68.75,-0.0032273224752358116
-68.66666666666669,-0.01592454340989325
-68.58333333333337,-0.03318807140374155
-68.5,-0.05408339034124024
-68.41666666666669,-0.07694264201789139
-68.33333333333337,-0.09943024876349264
-68.25,-0.1186985747419684
-68.16666666666669,-0.13162657609030975
-68.08333333333337,-0.13512440010220061
-68.0,-0.12647798627897966
-67.91666666666669,-0.10370092232281063
-67.83333333333337,-0.06585697165932038
-67.75,-0.013316405736349653
-67.66666666666669,0.05208720400889318
-67.58333333333337,0.12702587942502833
-67.5,0.20678758817189322
-67.41666666666669,0.2855311418320482
-67.33333333333337,0.35667485014117384
-67.25,0.41339437998210815
-67.16666666666669,0.44919297325699525
-67.08333333333337,0.45849762418598494
-67.0,0.43722907003276085
-66.91666666666669,0.3832922566038509
-66.83333333333337,0.29693764465124406
-66.75,0.18095221798850342
-66.66666666666669,0.04065177428293829
-66.58333333333337,-0.11633795839134838
-66.5,-0.2805059557724933
-66.41666666666669,-0.44106261087835574
-66.33333333333337,-0.5866878790355549
-66.25,-0.7063660812511275
-66.16666666666669,-0.7902426878433183
-66.08333333333337,-0.8304337493894098
-66.0,-0.8217198225567134
-65.91666666666669,-0.7620633311858586
-65.83333333333337,-0.6529008577093208
-65.75,-0.49917892822658244
-65.66666666666669,-0.30912206538300013
-65.58333333333337,-0.09374355852174186
-65.5,0.13386929959915136
-65.41666666666669,0.3594446757674886
-65.33333333333337,0.5685243315176063
-65.25,0.7474944598774492
-65.16666666666669,0.8845694794742958
-65.08333333333337,0.9706518309999949
-65.0,1.0
-64.91666666666669,0.9706518310000272
-64.83333333333337,0.8845694794743585
-64.75,0.7474944598774216
-64.66666666666669,0.5685243315177151
-64.58333333333337,0.3594446757676243
-64.5,0.13386929959912783
-64.41666666666669,-0.09374355852161856
-64.33333333333337,-0.3091220653828877
-64.25,-0.49917892822660215
-64.16666666666669,-0.6529008577092494
-64.08333333333337,-0.7620633311858138
-64.0,-0.8217198225567149
-63.916666666666686,-0.8304337493894222
-63.83333333333337,-0.7902426878433567
-63.75,-0.7063660812511217
-63.666666666666686,-0.5866878790356328
-63.58333333333337,-0.4410626108784447
-63.5,-0.2805059557724791
-63.416666666666686,-0.11633795839144018
-63.33333333333337,0.040651774282845506
-63.25,0.18095221798851846
-63.166666666666686,0.2969376446511811
-63.08333333333337,0.3832922566038047
-63.0,0.4372290700327712
-62.916666666666686,0.45849762418598733
-62.83333333333337,0.4491929732570147
-62.75,0.41339437998210626
-62.666666666666686,0.3566748501412173
-62.58333333333337,0.28553114183209766
-62.5,0.20678758817188278
-62.416666666666686,0.1270258794250775
-62.33333333333337,0.05208720400893693
-62.25,-0.013316405736363352
-62.166666666666686,-0.06585697165929447
-62.08333333333337,-0.10370092232278988
-62.0,-0.12647798627899273
-61.916666666666686,-0.1351244001022093
-61.83333333333337,-0.1316265760903221
-61.75,-0.1186985747419685
-61.666666666666686,-0.09943024876351463
-61.58333333333337,-0.07694264201791316
-61.5,-0.054083390341249024
-61.416666666666686,-0.03318807140375763
-61.33333333333337,-0.0159245434099097
-61.25,-0.003227322475245208
-61.166666666666686,0.004680939585877693
-61.08333333333337,0.008192770176794806
-61.0,0.008162923248456137
-60.916666666666686,0.005722602587822603
-60.83333333333337,0.0020859284634927163
-60.75,-0.0016275567155713418
-60.666666666666686,-0.004534419250673399
-60.58333333333337,-0.0060788819071975345
-60.5,-0.00606754165730479
-60.416666666666686,-0.004647973904343752
-60.33333333333337,-0.0022390041080311237
-60.25,0.0005738112988072912
-60.166666666666686,0.0031601278703270084
-60.08333333333337,0.004965318445820308
-60.0,0.005611631108960767
-59.916666666666686,0.004965318445819193
-59.83333333333337,0.0031601278703246756
-59.75,0.0005738112988012519
-59.666666666666686,-0.0022390041080361392
-59.58333333333337,-0.004647973904353185
-59.5,-0.006067541657304836
-59.416666666666686,-0.006078881907204844
-59.33333333333337,-0.004534419250682912
-59.25,-0.0016275567155808284
-59.166666666666686,0.0020859284634854587
-59.08333333333337,0.005722602587815268
-59.0,0.008162923248454322
-58.916666666666686,0.008192770176795311
-58.83333333333337,0.004680939585880428
-58.75,-0.0032273224752403613
-58.666666666666686,-0.01592454340989806
-58.58333333333337,-0.033188071403741935
-58.5,-0.05408339034124138
-58.416666666666686,-0.0769426420178931
-58.33333333333337,-0.09943024876349431
-58.25,-0.11869857474196947
-58.166666666666686,-0.13162657609031245
-58.08333333333337,-0.1351244001022065
-58.0,-0.12647798627898224
-57.916666666666686,-0.10370092232280732
-57.83333333333337,-0.06585697165931652
-57.75,-0.013316405736359074
-57.666666666666686,0.0520872040088972
-57.58333333333337,0.12702587942503205
-57.5,0.20678758817188564
-57.416666666666686,0.2855311418320506
-57.33333333333337,0.35667485014117634
-57.25,0.413394379982109
-57.166666666666686,0.4491929732569952
-57.08333333333337,0.4584976241859872
-57.0,0.43722907003275957
-56.916666666666686,0.3832922566038519
-56.83333333333337,0.2969376446512341
-56.75,0.1809522179885026
-56.666666666666686,0.040651774282945995
-56.58333333333337,-0.11633795839134972
-56.5,-0.2805059557724962
-56.416666666666686,-0.4410626108783433
-56.33333333333337,-0.586687879035555
-56.25,-0.7063660812511304
-56.166666666666686,-0.790242687843318
-56.08333333333337,-0.8304337493894115
-56.0,-0.8217198225567132
-55.916666666666686,-0.7620633311858581
-55.83333333333337,-0.6529008577093192
-55.75,-0.49917892822658283
-55.666666666666686,-0.30912206538299675
-55.58333333333337,-0.09374355852175807
-55.5,0.1338692995991556
-55.416666666666686,0.35944467576750166
-55.33333333333337,0.5685243315175836
-55.25,0.7474944598774406
-55.166666666666686,0.8845694794742951
-55.08333333333337,0.970651830999988
-55.0,1.0
-54.916666666666686,0.9706518310000274
-54.83333333333337,0.8845694794743562
-54.75,0.7474944598774401
-54.666666666666686,0.5685243315177112
-54.58333333333337,0.3594446757676113
-54.5,0.1338692995991235
-54.416666666666686,-0.09374355852162254
-54.33333333333337,-0.3091220653828871
-54.25,-0.4991789282266047
-54.166666666666686,-0.6529008577092421
-54.08333333333337,-0.762063331185814
-54.0,-0.8217198225567204
-53.916666666666686,-0.830433749389423
-53.83333333333337,-0.7902426878433544
-53.75,-0.7063660812511218
-53.666666666666686,-0.586687879035647
-53.58333333333337,-0.44106261087844156
-53.5,-0.28050595577247817
-53.416666666666686,-0.11633795839143776
-53.33333333333337,0.04065177428285592
-53.25,0.18095221798851918
-53.166666666666686,0.296937644651191
-53.08333333333337,0.38329225660380645
-53.0,0.43722907003276956
-52.916666666666686,0.458497624185988
-52.83333333333337,0.4491929732570151
-52.75,0.4133943799821095
-52.666666666666686,0.35667485014121575
-52.58333333333337,0.2855311418321036
-52.5,0.20678758817188875
-52.416666666666686,0.12702587942507676
-52.33333333333337,0.05208720400893284
-52.25,-0.01331640573635888
-52.166666666666686,-0.06585697165929288
-52.08333333333337,-0.10370092232279314
-52.0,-0.12647798627898554
-51.916666666666686,-0.13512440010221657
-51.83333333333337,-0.1316265760903223
-51.75,-0.11869857474197554
-51.666666666666686,-0.0994302487635124
-51.58333333333337,-0.0769426420179115
-51.5,-0.05408339034124493
-51.416666666666686,-0.033188071403755126
-51.33333333333337,-0.015924543409909894
-51.25,-0.0032273224752406584
-51.166666666666686,0.004680939585874252
-51.08333333333337,0.008192770176797114
-51.0,0.008162923248454088
-50.916666666666686,0.005722602587826102
-50.83333333333337,0.0020859284634948674
-50.75,-0.0016275567155734673
-50.666666666666686,-0.004534419250670251
-50.58333333333337,-0.0060788819072010725
-50.5,-0.006067541657301362
-50.416666666666686,-0.004647973904347861
-50.33333333333337,-0.002239004108033178
-50.25,0.0005738112988097017
-50.166666666666686,0.0031601278703265938
-50.08333333333337,0.004965318445821863
-50.0,0.005611631108960767
-49.916666666666686,0.004965318445819296
-49.83333333333337,0.0031601278703236907
-49.75,0.0005738112988027552
-49.666666666666686,-0.0022390041080390163
-49.58333333333337,-0.004647973904349049
-49.5,-0.006067541657311568
-49.416666666666686,-0.0060788819072082135
-49.33333333333337,-0.004534419250681046
-49.25,-0.0016275567155834723
-49.166666666666686,0.0020859284634858993
-49.08333333333337,0.005722602587817419
-49.0,0.008162923248452351
-48.916666666666686,0.008192770176797126
-48.83333333333337,0.004680939585880712
-48.75,-0.003227322475239512
-48.666666666666686,-0.01592454340989344
-48.58333333333337,-0.033188071403740395
-48.5,-0.05408339034124247
-48.416666666666686,-0.0769426420178897
-48.33333333333337,-0.09943024876349654
-48.25,-0.1186985747419673
-48.166666666666686,-0.13162657609031234
-48.08333333333337,-0.1351244001022093
-48.0,-0.12647798627898
-47.916666666666686,-0.10370092232280952
-47.83333333333337,-0.06585697165931816
-47.75,-0.013316405736355006
-47.666666666666686,0.052087204008897145
-47.58333333333337,0.12702587942502433
-47.5,0.20678758817188714
-47.416666666666686,0.28553114183205164
-47.33333333333337,0.3566748501411699
-47.25,0.41339437998210504
-47.166666666666686,0.44919297325699403
-47.08333333333337,0.45849762418598927
-47.0,0.43722907003276296
-46.916666666666686,0.3832922566038503
-46.83333333333337,0.2969376446512392
-46.75,0.18095221798851222
-46.666666666666686,0.04065177428294436
-46.58333333333337,-0.11633795839135581
-46.5,-0.2805059557724991
-46.416666666666686,-0.4410626108783444
-46.33333333333337,-0.5866878790355592
-46.25,-0.7063660812511334
-46.166666666666686,-0.7902426878433135
-46.08333333333337,-0.8304337493894112
-46.0,-0.8217198225567107
-45.916666666666686,-0.7620633311858648
-45.83333333333337,-0.6529008577093177
-45.75,-0.4991789282265754
-45.666666666666686,-0.30912206538302084
-45.58333333333337,-0.09374355852175907
-45.5,0.13386929959915458
-45.416666666666686,0.35944467576750155
-45.33333333333337,0.5685243315175912
-45.25,0.7474944598774438
-45.166666666666686,0.8845694794742994
-45.08333333333337,0.9706518309999903
-45.0,1.0
-44.916666666666686,0.9706518310000253
-44.83333333333337,0.8845694794743693
-44.75,0.7474944598774338
-44.666666666666686,0.5685243315177123
-44.58333333333337,0.3594446757676316
-44.5,0.1338692995991455
-44.416666666666686,-0.09374355852162657
-44.33333333333337,-0.30912206538289555
-44.25,-0.4991789282265842
-44.166666666666686,-0.6529008577092393
-44.08333333333337,-0.7620633311858184
-44.0,-0.8217198225567167
-43.916666666666686,-0.8304337493894236
-43.83333333333337,-0.7902426878433547
-43.75,-0.7063660812511189
-43.666666666666686,-0.5866878790356428
-43.58333333333337,-0.4410626108784384
-43.5,-0.2805059557724724
-43.416666666666686,-0.11633795839145535
-43.33333333333337,0.0406517742828532
-43.25,0.18095221798852107
-43.166666666666686,0.2969376446511775
-43.08333333333337,0.3832922566038105
-43.0,0.43722907003276784
-42.916666666666686,0.4584976241859873
-42.83333333333337,0.44919297325701635
-42.75,0.41339437998210404
-42.666666666666686,0.35667485014121536
-42.58333333333337,0.2855311418321011
-42.5,0.20678758817188725
-42.416666666666686,0.1270258794250731
-42.33333333333337,0.05208720400894225
-42.25,-0.013316405736361057
-42.166666666666686,-0.0658569716592914
-42.08333333333337,-0.10370092232278924
-42.0,-0.12647798627898796
-41.916666666666686,-0.13512440010220875
-41.83333333333337,-0.13162657609032286
-41.75,-0.11869857474197247
-41.666666666666686,-0.09943024876351453
-41.58333333333337,-0.07694264201790815
-41.5,-0.054083390341248636
-41.416666666666686,-0.03318807140375671
-41.33333333333337,-0.015924543409910178
-41.25,-0.0032273224752414555
-41.166666666666686,0.004680939585878276
-41.08333333333337,0.00819277017679325
-41.0,0.008162923248456137
-40.916666666666686,0.005722602587824003
-40.83333333333337,0.0020859284634927424
-40.75,-0.0016275567155755407
-40.666666666666686,-0.004534419250673373
-40.58333333333337,-0.00607888190719769
-40.5,-0.006067541657302743
-40.416666666666686,-0.004647973904343746
-40.33333333333337,-0.0022390041080369624
-40.25,0.0005738112988090796
-40.166666666666686,0.003160127870324935
-40.08333333333337,0.0049653184458216554
-40.0,0.005611631108960767
-39.916666666666686,0.0049653184458201775
-39.83333333333337,0.0031601278703241053
-39.75,0.0005738112988059563
-39.666666666666686,-0.0022390041080398134
-39.58333333333337,-0.004647973904353126
-39.5,-0.006067541657310226
-39.416666666666686,-0.006078881907206567
-39.33333333333337,-0.0045344192506779225
-39.25,-0.0016275567155808026
-39.166666666666686,0.0020859284634837222
-39.08333333333337,0.005722602587818948
-39.0,0.008162923248454322
-38.916666666666686,0.008192770176793963
-38.83333333333337,0.0046809395858794485
-38.75,-0.003227322475240278
-38.666666666666686,-0.015924543409893206
-38.58333333333337,-0.03318807140374183
-38.5,-0.05408339034124405
-38.416666666666686,-0.07694264201789142
-38.33333333333337,-0.0994302487634944
-38.25,-0.11869857474196449
-38.166666666666686,-0.1316265760903124
-38.08333333333337,-0.13512440010220791
-38.0,-0.12647798627898257
-37.916666666666686,-0.10370092232281207
-37.83333333333337,-0.06585697165931963
-37.75,-0.013316405736352906
-37.666666666666686,0.0520872040088945
-37.58333333333337,0.12702587942502508
-37.5,0.20678758817189025
-37.416666666666686,0.28553114183204886
-37.33333333333337,0.35667485014117234
-37.25,0.4133943799821047
-37.166666666666686,0.44919297325699503
-37.08333333333337,0.45849762418598716
-37.0,0.4372290700327647
-36.916666666666686,0.3832922566038526
-36.83333333333337,0.29693764465124006
-36.75,0.18095221798851138
-36.666666666666686,0.040651774282942754
-36.58333333333337,-0.11633795839135197
-36.5,-0.2805059557724917
-36.416666666666686,-0.44106261087834975
-36.33333333333337,-0.5866878790355537
-36.25,-0.7063660812511294
-36.166666666666686,-0.7902426878433157
-36.08333333333337,-0.8304337493894113
-36.0,-0.8217198225567104
-35.916666666666686,-0.7620633311858643
-35.83333333333337,-0.6529008577093248
-35.75,-0.4991789282265844
-35.666666666666686,-0.3091220653830124
-35.58333333333337,-0.09374355852175005
-35.5,0.1338692995991535
-35.416666666666686,0.35944467576749517
-35.33333333333337,0.568524331517595
-35.25,0.747494459877443
-35.166666666666686,0.8845694794742962
-35.08333333333337,0.9706518309999915
-35.0,1.0
-34.916666666666686,0.970651831000028
-34.83333333333337,0.8845694794743649
-34.75,0.7474944598774307
-34.666666666666686,0.5685243315177131
-34.58333333333337,0.35944467576763267
-34.5,0.1338692995991412
-34.416666666666686,-0.09374355852161545
-34.33333333333337,-0.3091220653828902
-34.25,-0.49917892822659155
-34.166666666666686,-0.6529008577092452
-34.08333333333337,-0.7620633311858132
-34.0,-0.8217198225567149
-33.916666666666686,-0.830433749389422
-33.83333333333337,-0.7902426878433563
-33.75,-0.7063660812511227
-33.666666666666686,-0.5866878790356395
-33.58333333333337,-0.4410626108784451
-33.5,-0.2805059557724788
-33.416666666666686,-0.11633795839145301
-33.33333333333337,0.04065177428285014
-33.25,0.18095221798851857
-33.166666666666686,0.29693764465117833
-33.08333333333337,0.3832922566038058
-33.0,0.43722907003276434
-32.916666666666686,0.4584976241859909
-32.83333333333337,0.44919297325701385
-32.75,0.41339437998210704
-32.666666666666686,0.3566748501412159
-32.58333333333337,0.285531141832099
-32.5,0.20678758817188578
-32.416666666666686,0.12702587942507607
-32.33333333333337,0.0520872040089402
-32.25,-0.013316405736360202
-32.166666666666686,-0.06585697165928878
-32.08333333333337,-0.10370092232279417
-32.0,-0.12647798627898538
-31.916666666666686,-0.1351244001022115
-31.83333333333337,-0.13162657609032005
-31.75,-0.11869857474197065
-31.666666666666686,-0.09943024876351261
-31.58333333333337,-0.07694264201791087
-31.5,-0.054083390341248996
-31.416666666666686,-0.03318807140375632
-31.33333333333337,-0.015924543409908978
-31.25,-0.0032273224752434153
-31.166666666666686,0.004680939585876851
-31.08333333333337,0.008192770176795027
-31.0,0.008162923248456213
-30.916666666666686,0.005722602587823251
-30.83333333333337,0.002085928463490565
-30.75,-0.0016275567155782105
-30.666666666666686,-0.004534419250671015
-30.58333333333337,-0.006078881907200114
-30.5,-0.006067541657301388
-30.416666666666686,-0.004647973904348546
-30.33333333333337,-0.002239004108037863
-30.25,0.000573811298806695
-30.166666666666686,0.003160127870325557
-30.08333333333337,0.0049653184458209295
-30.0,0.005611631108960767
-29.916666666666686,0.0049653184458209815
-29.83333333333337,0.0031601278703233277
-29.75,0.0005738112988066303
-29.666666666666686,-0.0022390041080389968
-29.58333333333337,-0.004647973904348364
-29.5,-0.006067541657307518
-29.416666666666686,-0.006078881907203211
-29.33333333333337,-0.004534419250679827
-29.25,-0.0016275567155827205
-29.166666666666686,0.002085928463486703
-29.08333333333337,0.005722602587820477
-29.0,0.00816292324845318
-28.916666666666686,0.008192770176794664
-28.83333333333337,0.00468093958588077
-28.75,-0.0032273224752410435
-28.666666666666686,-0.01592454340989546
-28.58333333333337,-0.03318807140374225
-28.5,-0.054083390341246665
-28.416666666666686,-0.07694264201789017
-28.33333333333337,-0.09943024876349633
-28.25,-0.11869857474196716
-28.166666666666686,-0.13162657609031306
-28.08333333333337,-0.13512440010220728
-28.0,-0.12647798627898493
-27.916666666666686,-0.10370092232281017
-27.83333333333337,-0.06585697165931963
-27.75,-0.013316405736358013
-27.666666666666686,0.05208720400889178
-27.58333333333337,0.12702587942502838
-27.5,0.2067875881718872
-27.416666666666686,0.2855311418320509
-27.33333333333337,0.3566748501411743
-27.25,0.4133943799821064
-27.166666666666686,0.44919297325699753
-27.08333333333337,0.45849762418598944
-27.0,0.43722907003276007
-26.916666666666686,0.3832922566038522
-26.83333333333337,0.29693764465124595
-26.75,0.18095221798851013
-26.666666666666686,0.04065177428294573
-26.58333333333337,-0.11633795839134489
-26.5,-0.2805059557724873
-26.416666666666686,-0.44106261087834164
-26.33333333333337,-0.586687879035557
-26.25,-0.7063660812511257
-26.166666666666686,-0.7902426878433157
-26.08333333333337,-0.830433749389412
-26.0,-0.8217198225567135
-25.916666666666686,-0.7620633311858641
-25.83333333333337,-0.6529008577093198
-25.75,-0.49917892822658183
-25.666666666666686,-0.30912206538300896
-25.58333333333337,-0.09374355852176364
-25.5,0.13386929959915508
-25.416666666666686,0.3594446757674867
-25.33333333333337,0.5685243315175893
-25.25,0.7474944598774388
-25.166666666666686,0.8845694794742921
-25.08333333333337,0.9706518309999892
-25.0,1.0
-24.916666666666686,0.9706518310000297
-24.83333333333337,0.8845694794743625
-24.75,0.7474944598774355
-24.666666666666686,0.5685243315177116
-24.58333333333337,0.3594446757676263
-24.5,0.1338692995991396
-24.416666666666686,-0.09374355852161952
-24.33333333333337,-0.30912206538288195
-24.25,-0.49917892822659404
-24.166666666666686,-0.6529008577092372
-24.08333333333337,-0.7620633311858103
-24.0,-0.8217198225567158
-23.916666666666686,-0.8304337493894238
-23.83333333333337,-0.790242687843358
-23.75,-0.706366081251125
-23.666666666666686,-0.5866878790356445
-23.58333333333337,-0.44106261087844223
-23.5,-0.2805059557724847
-23.416666666666686,-0.11633795839144873
-23.33333333333337,0.04065177428285177
-23.25,0.18095221798851932
-23.166666666666686,0.29693764465118166
-23.08333333333337,0.3832922566038073
-23.0,0.4372290700327666
-22.916666666666686,0.45849762418598866
-22.83333333333337,0.44919297325701474
-22.75,0.4133943799821053
-22.666666666666686,0.356674850141218
-22.58333333333337,0.28553114183210204
-22.5,0.20678758817188803
-22.416666666666686,0.12702587942507856
-22.33333333333337,0.05208720400893727
-22.25,-0.01331640573635901
-22.166666666666686,-0.06585697165929177
-22.08333333333337,-0.10370092232279203
-22.0,-0.1264779862789852
-21.916666666666686,-0.13512440010221083
-21.83333333333337,-0.13162657609032127
-21.75,-0.11869857474197121
-21.666666666666686,-0.09943024876351256
-21.58333333333337,-0.07694264201790904
-21.5,-0.05408339034124799
-21.416666666666686,-0.03318807140375588
-21.33333333333337,-0.01592454340990841
-21.25,-0.003227322475242701
-21.166666666666686,0.004680939585875503
-21.08333333333337,0.008192770176795778
-21.0,0.00816292324845523
-20.916666666666686,0.005722602587823614
-20.83333333333337,0.002085928463490591
-20.75,-0.0016275567155785216
-20.666666666666686,-0.00453441925067292
-20.58333333333337,-0.006078881907200191
-20.5,-0.006067541657304071
-20.416666666666686,-0.004647973904347465
-20.33333333333337,-0.0022390041080354783
-20.25,0.0005738112988075503
-20.166666666666686,0.0031601278703239756
-20.08333333333337,0.00496531844582067
-20.0,0.005611631108960767
-19.916666666666686,0.004965318445820696
-19.83333333333337,0.0031601278703244163
-19.75,0.0005738112988047122
-19.666666666666686,-0.002239004108037124
-19.58333333333337,-0.0046479739043483155
-19.5,-0.0060675416573075115
-19.416666666666686,-0.006078881907205699
-19.33333333333337,-0.00453441925067756
-19.25,-0.0016275567155803878
-19.166666666666686,0.0020859284634858733
-19.08333333333337,0.005722602587820789
-19.0,0.008162923248453777
-18.916666666666686,0.008192770176796453
-18.83333333333337,0.004680939585880064
-18.75,-0.003227322475242868
-18.666666666666686,-0.01592454340989609
-18.58333333333337,-0.0331880714037411
-18.5,-0.05408339034124537
-18.416666666666686,-0.07694264201789196
-18.33333333333337,-0.09943024876349622
-18.25,-0.11869857474196942
-18.166666666666686,-0.13162657609031297
-18.08333333333337,-0.13512440010220972
-18.0,-0.12647798627898263
-17.916666666666686,-0.10370092232281249
-17.83333333333337,-0.0658569716593193
-17.75,-0.013316405736358323
-17.666666666666686,0.052087204008892815
-17.58333333333337,0.12702587942502586
-17.5,0.2067875881718887
-17.416666666666686,0.28553114183204875
-17.33333333333337,0.35667485014117406
-17.25,0.4133943799821047
-17.166666666666686,0.4491929732569956
-17.08333333333337,0.45849762418599166
-17.0,0.4372290700327635
-16.916666666666686,0.3832922566038519
-16.83333333333337,0.29693764465124645
-16.75,0.18095221798851102
-16.666666666666686,0.04065177428294861
-16.58333333333337,-0.11633795839134665
-16.5,-0.280505955772485
-16.416666666666686,-0.4410626108783459
-16.33333333333337,-0.5866878790355532
-16.25,-0.7063660812511287
-16.166666666666686,-0.7902426878433144
-16.08333333333337,-0.8304337493894113
-16.0,-0.8217198225567137
-15.916666666666686,-0.762063331185867
-15.833333333333371,-0.6529008577093226
-15.75,-0.49917892822658533
-15.666666666666686,-0.30912206538301246
-15.583333333333371,-0.09374355852176346
-15.5,0.1338692995991527
-15.416666666666686,0.3594446757674835
-15.333333333333371,0.568524331517592
-15.25,0.7474944598774381
-15.166666666666686,0.884569479474293
-15.083333333333371,0.9706518309999899
-15.0,1.0
-14.916666666666686,0.9706518310000283
-14.833333333333371,0.884569479474368
-14.75,0.7474944598774333
-14.666666666666686,0.5685243315177191
-14.583333333333371,0.35944467576762956
-14.5,0.13386929959914706
-14.416666666666686,-0.09374355852161845
-14.333333333333371,-0.30912206538287995
-14.25,-0.4991789282265901
-14.166666666666686,-0.6529008577092371
-14.083333333333371,-0.7620633311858099
-14.0,-0.8217198225567143
-13.916666666666686,-0.8304337493894232
-13.833333333333371,-0.7902426878433563
-13.75,-0.7063660812511263
-13.666666666666686,-0.5866878790356421
-13.583333333333371,-0.4410626108784473
-13.5,-0.2805059557724808
-13.416666666666686,-0.11633795839145449
-13.333333333333371,0.04065177428285105
-13.25,0.18095221798851494
-13.166666666666686,0.2969376446511787
-13.083333333333371,0.3832922566038076
-13.0,0.43722907003276473
-12.916666666666686,0.4584976241859894
-12.833333333333371,0.4491929732570131
-12.75,0.41339437998210515
-12.666666666666686,0.3566748501412182
-12.583333333333371,0.28553114183209993
-12.5,0.20678758817188797
-12.416666666666686,0.1270258794250773
-12.333333333333371,0.05208720400894035
-12.25,-0.013316405736359373
-12.166666666666686,-0.06585697165928966
-12.083333333333371,-0.10370092232279166
-12.0,-0.12647798627898646
-11.916666666666686,-0.13512440010221005
-11.833333333333371,-0.13162657609032005
-11.75,-0.11869857474196999
-11.666666666666686,-0.09943024876351261
-11.583333333333371,-0.07694264201790953
-11.5,-0.05408339034124656
-11.416666666666686,-0.033188071403755424
-11.333333333333371,-0.01592454340990785
-11.25,-0.003227322475242691
-11.166666666666686,0.004680939585877103
-11.083333333333371,0.008192770176795207
-11.0,0.00816292324845396
-10.916666666666686,0.005722602587823122
-10.833333333333371,0.0020859284634917054
-10.75,-0.001627556715578081
-10.666666666666686,-0.004534419250674786
-10.583333333333371,-0.006078881907201436
-10.5,-0.006067541657304453
-10.416666666666686,-0.004647973904348563
-10.333333333333371,-0.002239004108037254
-10.25,0.0005738112988069283
-10.166666666666686,0.0031601278703243646
-10.083333333333371,0.0049653184458202555
-10.0,0.005611631108960767
-9.916666666666686,0.004965318445820877
-9.833333333333371,0.003160127870324883
-9.75,0.0005738112988056971
-9.666666666666686,-0.0022390041080363014
-9.583333333333371,-0.004647973904349111
-9.5,-0.006067541657305652
-9.416666666666686,-0.006078881907204481
-9.333333333333371,-0.004534419250677469
-9.25,-0.0016275567155791956
-9.166666666666686,0.002085928463487351
-9.083333333333371,0.005722602587820012
-9.0,0.008162923248453493
-8.916666666666686,0.00819277017679574
-8.833333333333371,0.0046809395858809656
-8.75,-0.0032273224752414637
-8.666666666666686,-0.0159245434098972
-8.583333333333371,-0.03318807140374074
-8.5,-0.05408339034124602
-8.416666666666686,-0.0769426420178928
-8.333333333333371,-0.09943024876349726
-8.25,-0.11869857474196918
-8.166666666666686,-0.13162657609031336
-8.083333333333371,-0.1351244001022106
-8.0,-0.12647798627898507
-7.916666666666686,-0.10370092232281118
-7.833333333333371,-0.06585697165932043
-7.75,-0.013316405736356937
-7.666666666666686,0.05208720400889302
-7.583333333333371,0.1270258794250251
-7.5,0.20678758817188875
-7.416666666666686,0.28553114183204886
-7.333333333333371,0.3566748501411731
-7.25,0.41339437998210504
-7.166666666666686,0.4491929732569963
-7.083333333333371,0.4584976241859912
-7.0,0.4372290700327644
-6.916666666666686,0.38329225660385347
-6.833333333333371,0.29693764465124517
-6.75,0.18095221798851147
-6.666666666666686,0.040651774282948146
-6.583333333333371,-0.11633795839134446
-6.5,-0.2805059557724841
-6.416666666666686,-0.44106261087834225
-6.333333333333371,-0.5866878790355523
-6.25,-0.706366081251126
-6.166666666666686,-0.7902426878433141
-6.083333333333371,-0.8304337493894117
-6.0,-0.8217198225567134
-5.916666666666686,-0.7620633311858666
-5.833333333333371,-0.6529008577093245
-5.75,-0.49917892822658533
-5.666666666666686,-0.3091220653830139
-5.583333333333371,-0.0937435585217657
-5.5,0.13386929959914984
-5.416666666666686,0.359444675767483
-5.333333333333371,0.5685243315175872
-5.25,0.747494459877436
-5.166666666666686,0.8845694794742912
-5.083333333333371,0.9706518309999899
-5.0,1.0
-4.916666666666686,0.9706518310000288
-4.833333333333371,0.8845694794743676
-4.75,0.747494459877435
-4.666666666666686,0.5685243315177201
-4.583333333333371,0.3594446757676311
-4.5,0.13386929959914623
-4.416666666666686,-0.09374355852161427
-4.333333333333371,-0.3091220653828771
-4.25,-0.49917892822658677
-4.166666666666686,-0.6529008577092357
-4.083333333333371,-0.7620633311858099
-4.0,-0.821719822556714
-3.9166666666666856,-0.8304337493894227
-3.8333333333333712,-0.7902426878433569
-3.75,-0.7063660812511255
-3.6666666666666856,-0.5866878790356433
-3.5833333333333712,-0.44106261087844745
-3.5,-0.280505955772484
-3.4166666666666856,-0.11633795839145415
-3.3333333333333712,0.04065177428284757
-3.25,0.1809522179885132
-3.1666666666666856,0.29693764465117717
-3.0833333333333712,0.38329225660380684
-3.0,0.43722907003276495
-2.9166666666666856,0.45849762418598794
-2.8333333333333712,0.44919297325701313
-2.75,0.4133943799821051
-2.6666666666666856,0.35667485014121764
-2.5833333333333712,0.28553114183210065
-2.5,0.20678758817188786
-2.4166666666666856,0.12702587942507854
-2.3333333333333712,0.05208720400894059
-2.25,-0.013316405736358117
-2.1666666666666856,-0.06585697165928944
-2.0833333333333712,-0.10370092232279134
-2.0,-0.12647798627898518
-1.9166666666666856,-0.13512440010220933
-1.8333333333333712,-0.1316265760903203
-1.75,-0.11869857474196924
-1.6666666666666856,-0.0994302487635125
-1.5833333333333712,-0.07694264201790872
-1.5,-0.054083390341246325
-1.4166666666666856,-0.03318807140375501
-1.3333333333333712,-0.015924543409907243
-1.25,-0.0032273224752422105
-1.1666666666666856,0.004680939585876669
-1.0833333333333712,0.008192770176794859
-1.0,0.008162923248454192
-0.9166666666666856,0.005722602587822785
-0.8333333333333712,0.002085928463490617
-0.75,-0.0016275567155789104
-0.6666666666666856,-0.0045344192506750975
-0.5833333333333712,-0.006078881907202667
-0.5,-0.006067541657304803
-0.4166666666666856,-0.004647973904349156
-0.33333333333337123,-0.0022390041080379733
-0.25,0.0005738112988066562
-0.16666666666668561,0.0031601278703236907
-0.08333333333337123,0.0049653184458201775
0.0,0.005611631108960767
0.08333333333331439,0.0049653184458210336
0.16666666666662877,0.00316012787032522
0.25,0.0005738112988066562
0.3333333333333144,-0.002239004108036016
0.41666666666662877,-0.004647973904347689
0.5,-0.006067541657304803
0.5833333333333144,-0.006078881907203146
0.6666666666666288,-0.004534419250676562
0.75,-0.0016275567155789104
0.8333333333333144,0.002085928463488051
0.9166666666666288,0.0057226025878205295
1.0,0.008162923248454192
1.0833333333333144,0.008192770176795868
1.1666666666666288,0.004680939585880654
1.25,-0.0032273224752422105
1.3333333333333144,-0.01592454340989693
1.4166666666666288,-0.033188071403741984
1.5,-0.054083390341246325
1.5833333333333144,-0.07694264201789283
1.6666666666666288,-0.09943024876349799
1.75,-0.11869857474196924
1.8333333333333144,-0.13162657609031442
1.9166666666666288,-0.13512440010221086
2.0,-0.12647798627898518
2.0833333333333144,-0.10370092232281203
2.1666666666666288,-0.06585697165932061
2.25,-0.013316405736358117
2.3333333333333144,0.05208720400889232
2.4166666666666288,0.12702587942502502
2.5,0.20678758817188786
2.5833333333333144,0.28553114183204903
2.6666666666666288,0.3566748501411731
2.75,0.4133943799821051
2.8333333333333144,0.44919297325699703
2.9166666666666288,0.4584976241859916
3.0,0.43722907003276495
3.0833333333333144,0.3832922566038546
3.1666666666666288,0.29693764465124683
3.25,0.1809522179885132
3.3333333333333144,0.040651774282950554
3.4166666666666288,-0.11633795839134393
3.5,-0.280505955772484
3.5833333333333144,-0.44106261087834225
3.6666666666666288,-0.5866878790355513
3.75,-0.7063660812511255
3.8333333333333144,-0.7902426878433138
3.9166666666666288,-0.8304337493894117
4.0,-0.821719822556714
4.083333333333314,-0.7620633311858676
4.166666666666629,-0.6529008577093266
4.25,-0.49917892822658677
4.333333333333314,-0.30912206538301723
4.416666666666629,-0.09374355852176613
4.5,0.13386929959914623
4.583333333333314,0.35944467576748207
4.666666666666629,0.5685243315175853
4.75,0.747494459877435
4.833333333333314,0.8845694794742904
4.916666666666629,0.9706518309999892
5.0,1.0
5.083333333333314,0.9706518310000295
5.166666666666629,0.8845694794743678
5.25,0.747494459877436
5.333333333333314,0.5685243315177202
5.416666666666629,0.3594446757676346
5.5,0.13386929959914984
5.583333333333314,-0.09374355852161069
5.666666666666629,-0.30912206538287496
5.75,-0.49917892822658533
5.833333333333314,-0.6529008577092346
5.916666666666629,-0.7620633311858089
6.0,-0.8217198225567134
6.083333333333314,-0.8304337493894229
6.166666666666629,-0.7902426878433568
6.25,-0.706366081251126
6.333333333333314,-0.5866878790356436
6.416666666666629,-0.44106261087844945
6.5,-0.2805059557724841
6.583333333333314,-0.11633795839145601
6.666666666666629,0.04065177428284628
6.75,0.18095221798851147
6.833333333333314,0.29693764465117606
6.916666666666629,0.3832922566038057
7.0,0.4372290700327644
7.083333333333314,0.4584976241859876
7.166666666666629,0.44919297325701213
7.25,0.41339437998210504
7.333333333333314,0.3566748501412173
7.416666666666629,0.28553114183210143
7.5,0.20678758817188875
7.583333333333314,0.1270258794250791
7.666666666666629,0.05208720400894108
7.75,-0.013316405736356937
7.833333333333314,-0.06585697165928969
7.916666666666629,-0.10370092232279064
8.0,-0.12647798627898507
8.083333333333314,-0.13512440010220916
8.166666666666629,-0.13162657609031927
8.25,-0.11869857474196918
8.333333333333314,-0.09943024876351178
8.416666666666629,-0.07694264201790846
8.5,-0.05408339034124602
8.583333333333314,-0.03318807140375462
8.666666666666629,-0.015924543409907423
8.75,-0.0032273224752414637
8.833333333333314,0.004680939585877174
8.916666666666629,0.008192770176794612
9.0,0.008162923248453493
9.083333333333314,0.005722602587822241
9.166666666666629,0.0020859284634899946
9.25,-0.0016275567155791956
9.333333333333314,-0.004534419250675888
9.416666666666629,-0.006078881907203133
9.5,-0.006067541657305652
9.583333333333314,-0.0046479739043502315
9.666666666666629,-0.002239004108038219
9.75,0.0005738112988056971
9.833333333333314,0.0031601278703233537
9.916666666666629,0.004965318445819996
10.0,0.005611631108960767
10.083333333333314,0.004965318445821085
10.166666666666629,0.003160127870325894
10.25,0.0005738112988069283
10.333333333333314,-0.0022390041080353747
10.416666666666629,-0.00464797390434721
10.5,-0.006067541657304453
10.583333333333314,-0.006078881907201967
10.666666666666629,-0.004534419250676315
10.75,-0.001627556715578081
10.833333333333314,0.0020859284634890617
10.916666666666629,0.005722602587820918
11.0,0.00816292324845396
11.083333333333314,0.008192770176796257
11.166666666666629,0.0046809395858809005
11.25,-0.003227322475242691
11.333333333333314,-0.015924543409897626
11.416666666666629,-0.03318807140374235
11.5,-0.05408339034124656
11.583333333333314,-0.07694264201789387
11.666666666666629,-0.0994302487634981
11.75,-0.11869857474196999
11.833333333333314,-0.13162657609031414
11.916666666666629,-0.13512440010221122
12.0,-0.12647798627898646
12.083333333333258,-0.10370092232283315
12.166666666666629,-0.06585697165932053
12.25,-0.013316405736359373
12.333333333333258,0.05208720400884427
12.416666666666629,0.1270258794250242
12.5,0.20678758817188797
12.583333333333258,0.2855311418319968
12.666666666666629,0.35667485014117406
12.75,0.41339437998210515
12.833333333333258,0.4491929732569811
12.916666666666629,0.45849762418599316
13.0,0.43722907003276473
13.083333333333258,0.38329225660390315
13.166666666666629,0.29693764465124783
13.25,0.18095221798851494
13.333333333333258,0.040651774283054776
13.416666666666629,-0.11633795839134438
13.5,-0.2805059557724808
13.583333333333258,-0.44106261087823695
13.666666666666629,-0.5866878790355509
13.75,-0.7063660812511263
13.833333333333258,-0.7902426878432706
13.916666666666629,-0.8304337493894115
14.0,-0.8217198225567143
14.083333333333258,-0.762063331185928
14.166666666666629,-0.6529008577093269
14.25,-0.4991789282265901
14.333333333333258,-0.30912206538315784
14.416666666666629,-0.09374355852177033
14.5,0.13386929959914706
14.583333333333258,0.3594446757673313
14.666666666666629,0.5685243315175861
14.75,0.7474944598774333
14.833333333333258,0.8845694794742116
14.916666666666629,0.9706518309999886
15.0,1.0
15.083333333333258,0.970651831000069
15.166666666666629,0.8845694794743695
15.25,0.7474944598774381
15.333333333333258,0.5685243315178582
15.416666666666629,0.35944467576763256
15.5,0.1338692995991527
15.583333333333258,-0.09374355852145971
15.666666666666629,-0.3091220653828735
15.75,-0.49917892822658533
15.833333333333258,-0.6529008577091427
15.916666666666629,-0.7620633311858067
16.0,-0.8217198225567137
16.083333333333258,-0.8304337493894336
16.16666666666663,-0.7902426878433574
16.25,-0.7063660812511287
16.333333333333258,-0.5866878790357356
16.41666666666663,-0.4410626108784511
16.5,-0.280505955772485
16.583333333333258,-0.11633795839156685
16.66666666666663,0.040651774282846796
16.75,0.18095221798851102
16.833333333333258,0.29693764465110534
16.91666666666663,0.3832922566038041
17.0,0.4372290700327635
17.083333333333258,0.4584976241859842
17.16666666666663,0.4491929732570115
17.25,0.4133943799821047
17.333333333333258,0.3566748501412624
17.41666666666663,0.28553114183210027
17.5,0.2067875881718887
17.583333333333258,0.12702587942513202
17.66666666666663,0.0520872040089409
17.75,-0.013316405736358323
17.833333333333258,-0.06585697165925769
17.91666666666663,-0.10370092232278909
18.0,-0.12647798627898263
18.083333333333258,-0.13512440010220708
18.16666666666663,-0.1316265760903189
18.25,-0.11869857474196942
18.333333333333258,-0.09943024876352526
18.41666666666663,-0.07694264201790761
18.5,-0.05408339034124537
18.583333333333258,-0.03318807140376728
18.66666666666663,-0.015924543409906334
18.75,-0.003227322475242868
18.833333333333258,0.0046809395858737534
18.91666666666663,0.00819277017679539
19.0,0.008162923248453777
19.083333333333258,0.005722602587825143
19.16666666666663,0.0020859284634884914
19.25,-0.0016275567155803878
19.333333333333258,-0.0045344192506744496
19.41666666666663,-0.006078881907205207
19.5,-0.0060675416573075115
19.583333333333258,-0.004647973904351036
19.66666666666663,-0.0022390041080388996
19.75,0.0005738112988047122
19.833333333333258,0.003160127870321332
19.91666666666663,0.0049653184458201
20.0,0.005611631108960767
20.083333333333258,0.004965318445822666
20.16666666666663,0.003160127870325479
20.25,0.0005738112988075503
20.333333333333258,-0.002239004108031843
20.41666666666663,-0.004647973904347229
20.5,-0.006067541657304071
20.583333333333258,-0.006078881907201241
20.66666666666663,-0.0045344192506750584
20.75,-0.0016275567155785216
20.833333333333258,0.002085928463485381
20.91666666666663,0.0057226025878211
21.0,0.00816292324845523
21.083333333333258,0.008192770176797825
21.16666666666663,0.004680939585881263
21.25,-0.003227322475242701
21.333333333333258,-0.015924543409887887
21.41666666666663,-0.03318807140374228
21.5,-0.05408339034124799
21.583333333333258,-0.07694264201787772
21.66666666666663,-0.09943024876350037
21.75,-0.11869857474197121
21.833333333333258,-0.13162657609030942
21.91666666666663,-0.1351244001022105
22.0,-0.1264779862789852
22.083333333333258,-0.10370092232283307
22.16666666666663,-0.06585697165932204
22.25,-0.01331640573635901
22.333333333333258,0.05208720400884108
22.41666666666663,0.12702587942502386
22.5,0.20678758817188803
22.583333333333258,0.28553114183199874
22.66666666666663,0.35667485014117206
22.75,0.4133943799821053
22.833333333333258,0.4491929732569831
22.91666666666663,0.4584976241859939
23.0,0.4372290700327666
23.083333333333258,0.3832922566039028
23.16666666666663,0.29693764465124695
23.25,0.18095221798851932
23.333333333333258,0.04065177428305545
23.41666666666663,-0.11633795839134181
23.5,-0.2805059557724847
23.583333333333258,-0.4410626108782319
23.66666666666663,-0.5866878790355495
23.75,-0.706366081251125
23.833333333333258,-0.7902426878432682
23.91666666666663,-0.830433749389412
24.0,-0.8217198225567158
24.083333333333258,-0.7620633311859255
24.16666666666663,-0.6529008577093315
24.25,-0.49917892822659404
24.333333333333258,-0.3091220653831598
24.41666666666663,-0.0937435585217638
24.5,0.1338692995991396
24.583333333333258,0.35944467576732814
24.66666666666663,0.5685243315175852
24.75,0.7474944598774355
24.833333333333258,0.8845694794742094
24.91666666666663,0.970651830999988
25.0,1.0
25.083333333333258,0.9706518310000711
25.16666666666663,0.8845694794743711
25.25,0.7474944598774388
25.333333333333258,0.5685243315178555
25.41666666666663,0.3594446757676432
25.5,0.13386929959915508
25.583333333333258,-0.09374355852145991
25.66666666666663,-0.30912206538287945
25.75,-0.49917892822658183
25.833333333333258,-0.65290085770914
25.91666666666663,-0.7620633311858072
26.0,-0.8217198225567135
26.083333333333258,-0.830433749389434
26.16666666666663,-0.7902426878433569
26.25,-0.7063660812511257
26.333333333333258,-0.5866878790357394
26.41666666666663,-0.4410626108784529
26.5,-0.2805059557724873
26.583333333333258,-0.11633795839156509
26.66666666666663,0.040651774282841585
26.75,0.18095221798851013
26.833333333333258,0.2969376446511077
26.91666666666663,0.3832922566038037
27.0,0.43722907003276007
27.083333333333258,0.45849762418598206
27.16666666666663,0.44919297325701213
27.25,0.4133943799821064
27.333333333333258,0.3566748501412626
27.41666666666663,0.2855311418321012
27.5,0.2067875881718872
27.583333333333258,0.12702587942513455
27.66666666666663,0.05208720400894225
27.75,-0.013316405736358013
27.833333333333258,-0.065856971659257
27.91666666666663,-0.10370092232278894
28.0,-0.12647798627898493
28.083333333333258,-0.13512440010220428
28.16666666666663,-0.13162657609031683
28.25,-0.11869857474196716
28.333333333333258,-0.09943024876352535
28.41666666666663,-0.07694264201790776
28.5,-0.054083390341246665
28.583333333333258,-0.0331880714037684
28.66666666666663,-0.015924543409905893
28.75,-0.0032273224752410435
28.833333333333258,0.004680939585873131
28.91666666666663,0.008192770176795351
29.0,0.00816292324845318
29.083333333333258,0.005722602587824003
29.16666666666663,0.0020859284634906685
29.25,-0.0016275567155827205
29.333333333333258,-0.00453441925067673
29.41666666666663,-0.006078881907206049
29.5,-0.006067541657307518
29.583333333333258,-0.004647973904351071
29.66666666666663,-0.0022390041080378887
29.75,0.0005738112988066303
29.833333333333258,0.0031601278703202434
29.91666666666663,0.004965318445819374
30.0,0.005611631108960767
30.083333333333258,0.00496531844582264
30.16666666666663,0.003160127870325479
30.25,0.000573811298806695
30.333333333333258,-0.002239004108034176
30.41666666666663,-0.004647973904343923
30.5,-0.006067541657301388
30.583333333333258,-0.0060788819072011505
30.66666666666663,-0.0045344192506744626
30.75,-0.0016275567155782105
30.833333333333258,0.002085928463485329
30.91666666666663,0.005722602587820426
31.0,0.008162923248456213
31.083333333333258,0.008192770176797178
31.16666666666663,0.004680939585879338
31.25,-0.0032273224752434153
31.333333333333258,-0.01592454340988856
31.41666666666663,-0.03318807140374171
31.5,-0.054083390341248996
31.583333333333258,-0.07694264201787951
31.66666666666663,-0.09943024876350011
31.75,-0.11869857474197065
31.833333333333258,-0.13162657609030906
31.91666666666663,-0.13512440010221025
32.0,-0.12647798627898538
32.08333333333326,-0.10370092232283518
32.16666666666663,-0.06585697165932461
32.25,-0.013316405736360202
32.33333333333326,0.05208720400884411
32.41666666666663,0.12702587942502655
32.5,0.20678758817188578
32.58333333333326,0.28553114183199585
32.66666666666663,0.35667485014117456
32.75,0.41339437998210704
32.83333333333326,0.4491929732569821
32.91666666666663,0.45849762418599244
33.0,0.43722907003276434
33.08333333333326,0.383292256603905
33.16666666666663,0.2969376446512487
33.25,0.18095221798851857
33.33333333333326,0.04065177428305379
33.41666666666663,-0.11633795839133608
33.5,-0.2805059557724788
33.58333333333326,-0.44106261087823473
33.66666666666663,-0.5866878790355532
33.75,-0.7063660812511227
33.83333333333326,-0.7902426878432706
33.91666666666663,-0.8304337493894126
34.0,-0.8217198225567149
34.08333333333326,-0.7620633311859286
34.16666666666663,-0.6529008577093287
34.25,-0.49917892822659155
34.33333333333326,-0.30912206538316805
34.41666666666663,-0.09374355852177736
34.5,0.1338692995991412
34.58333333333326,0.3594446757673346
34.66666666666663,0.5685243315175801
34.75,0.7474944598774307
34.83333333333326,0.8845694794742117
34.91666666666663,0.970651830999986
35.0,1.0
35.08333333333326,0.9706518310000706
35.16666666666663,0.8845694794743678
35.25,0.747494459877443
35.33333333333326,0.5685243315178613
35.41666666666663,0.359444675767639
35.5,0.1338692995991535
35.58333333333326,-0.09374355852144634
35.66666666666663,-0.3091220653828691
35.75,-0.4991789282265844
35.83333333333326,-0.652900857709138
35.91666666666663,-0.7620633311858058
36.0,-0.8217198225567104
36.08333333333326,-0.8304337493894335
36.16666666666663,-0.7902426878433603
36.25,-0.7063660812511294
36.33333333333326,-0.5866878790357363
36.41666666666663,-0.4410626108784489
36.5,-0.2805059557724917
36.58333333333326,-0.11633795839157214
36.66666666666663,0.040651774282843195
36.75,0.18095221798851138
36.83333333333326,0.29693764465110184
36.91666666666663,0.38329225660380273
37.0,0.4372290700327647
37.08333333333326,0.45849762418598417
37.16666666666663,0.44919297325700974
37.25,0.4133943799821047
37.33333333333326,0.35667485014126055
37.41666666666663,0.28553114183210293
37.5,0.20678758817189025
37.58333333333326,0.12702587942513124
37.66666666666663,0.052087204008942324
37.75,-0.013316405736352906
37.83333333333326,-0.06585697165925809
37.91666666666663,-0.10370092232278948
38.0,-0.12647798627898257
38.08333333333326,-0.13512440010220494
38.16666666666663,-0.13162657609032047
38.25,-0.11869857474196449
38.33333333333326,-0.0994302487635234
38.41666666666663,-0.0769426420179052
38.5,-0.05408339034124405
38.58333333333326,-0.03318807140376801
38.66666666666663,-0.01592454340990822
38.75,-0.003227322475240278
38.83333333333326,0.004680939585871861
38.91666666666663,0.00819277017679263
39.0,0.008162923248454322
39.08333333333326,0.005722602587823329
39.16666666666663,0.002085928463488543
39.25,-0.0016275567155808026
39.33333333333326,-0.004534419250674825
39.41666666666663,-0.006078881907207721
39.5,-0.006067541657310226
39.58333333333326,-0.004647973904355858
39.66666666666663,-0.0022390041080408503
39.75,0.0005738112988059563
39.83333333333326,0.003160127870321617
39.91666666666663,0.0049653184458195295
40.0,0.005611631108960767
40.08333333333326,0.004965318445823392
40.16666666666663,0.003160127870328097
40.25,0.0005738112988090796
40.33333333333326,-0.002239004108033327
40.41666666666663,-0.004647973904345701
40.5,-0.006067541657302743
40.58333333333326,-0.006078881907198727
40.66666666666663,-0.004534419250672155
40.75,-0.0016275567155755407
40.83333333333326,0.0020859284634875065
40.91666666666663,0.005722602587821903
41.0,0.008162923248456137
41.08333333333326,0.008192770176798914
41.16666666666663,0.0046809395858779974
41.25,-0.0032273224752414555
41.33333333333326,-0.015924543409888275
41.41666666666663,-0.0331880714037421
41.5,-0.054083390341248636
41.58333333333326,-0.07694264201787822
41.66666666666663,-0.09943024876350234
41.75,-0.11869857474197247
41.83333333333326,-0.1316265760903103
41.91666666666663,-0.13512440010221302
42.0,-0.12647798627898796
42.08333333333326,-0.10370092232283609
42.16666666666663,-0.06585697165931978
42.25,-0.013316405736361057
42.33333333333326,0.05208720400883937
42.41666666666663,0.12702587942502408
42.5,0.20678758817188725
42.58333333333326,0.2855311418319941
42.66666666666663,0.3566748501411719
42.75,0.41339437998210404
42.83333333333326,0.4491929732569793
42.91666666666663,0.4584976241859961
43.0,0.43722907003276784
43.08333333333326,0.3832922566039098
43.16666666666663,0.2969376446512546
43.25,0.18095221798852107
43.33333333333326,0.040651774283052215
43.41666666666663,-0.1163379583913321
43.5,-0.2805059557724724
43.58333333333326,-0.4410626108782379
43.66666666666663,-0.5866878790355564
43.75,-0.7063660812511189
43.83333333333326,-0.7902426878432706
43.91666666666663,-0.8304337493894142
44.0,-0.8217198225567167
44.08333333333326,-0.7620633311859285
44.16666666666663,-0.652900857709327
44.25,-0.4991789282265842
44.33333333333326,-0.30912206538315967
44.41666666666663,-0.09374355852176836
44.5,0.1338692995991455
44.58333333333326,0.3594446757673239
44.66666666666663,0.5685243315175791
44.75,0.7474944598774338
44.83333333333326,0.8845694794742084
44.91666666666663,0.9706518309999882
45.0,1.0
45.08333333333326,0.9706518310000724
45.16666666666663,0.8845694794743731
45.25,0.7474944598774438
45.33333333333326,0.5685243315178707
45.41666666666663,0.35944467576764527
45.5,0.13386929959915458
45.58333333333326,-0.09374355852144516
45.66666666666663,-0.3091220653828638
45.75,-0.4991789282265754
45.83333333333326,-0.6529008577091306
45.91666666666663,-0.7620633311858008
46.0,-0.8217198225567107
46.08333333333326,-0.8304337493894339
46.16666666666663,-0.7902426878433606
46.25,-0.7063660812511334
46.33333333333326,-0.586687879035736
46.41666666666663,-0.4410626108784457
46.5,-0.2805059557724991
46.58333333333326,-0.11633795839156609
46.66666666666663,0.040651774282849155
46.75,0.18095221798851222
46.83333333333326,0.29693764465110173
46.91666666666663,0.3832922566038044
47.0,0.43722907003276296
47.08333333333326,0.45849762418598194
47.16666666666663,0.449192973257011
47.25,0.41339437998210504
47.33333333333326,0.35667485014126366
47.41666666666663,0.2855311418321009
47.5,0.20678758817188714
47.58333333333326,0.12702587942513374
47.66666666666663,0.05208720400894289
47.75,-0.013316405736355006
47.83333333333326,-0.06585697165925385
47.91666666666663,-0.10370092232278698
48.0,-0.12647798627898
48.08333333333326,-0.13512440010220275
48.16666666666663,-0.1316265760903184
48.25,-0.1186985747419673
48.33333333333326,-0.09943024876352582
48.41666666666663,-0.07694264201790865
48.5,-0.05408339034124247
48.58333333333326,-0.033188071403763425
48.66666666666663,-0.01592454340990714
48.75,-0.003227322475239512
48.83333333333326,0.004680939585871517
48.91666666666663,0.008192770176794392
49.0,0.008162923248452351
49.08333333333326,0.005722602587821151
49.16666666666663,0.002085928463488025
49.25,-0.0016275567155834723
49.33333333333326,-0.004534419250676717
49.41666666666663,-0.006078881907204326
49.5,-0.006067541657311568
49.58333333333326,-0.004647973904356954
49.66666666666663,-0.002239004108041673
49.75,0.0005738112988027552
49.83333333333326,0.0031601278703192585
49.91666666666663,0.004965318445819348
50.0,0.005611631108960767
50.08333333333326,0.004965318445822174
50.16666666666663,0.0031601278703285375
50.25,0.0005738112988097017
50.33333333333326,-0.002239004108030424
50.41666666666663,-0.004647973904342422
50.5,-0.006067541657301362
50.58333333333326,-0.0060788819072003855
50.66666666666663,-0.004534419250674903
50.75,-0.0016275567155734673
50.83333333333326,0.0020859284634896836
50.91666666666663,0.0057226025878241585
51.0,0.008162923248454088
51.08333333333326,0.008192770176795688
51.16666666666663,0.004680939585881444
51.25,-0.0032273224752406584
51.33333333333326,-0.015924543409886974
51.41666666666663,-0.03318807140374459
51.5,-0.05408339034124493
51.58333333333326,-0.07694264201788371
51.66666666666663,-0.09943024876350022
51.75,-0.11869857474197554
51.83333333333326,-0.13162657609031314
51.91666666666663,-0.1351244001022108
52.0,-0.12647798627898554
52.08333333333326,-0.10370092232283279
52.16666666666663,-0.065856971659325
52.25,-0.01331640573635888
52.33333333333326,0.05208720400884139
52.41666666666663,0.12702587942502483
52.5,0.20678758817188875
52.58333333333326,0.285531141831995
52.66666666666663,0.35667485014117356
52.75,0.4133943799821095
52.83333333333326,0.44919297325698565
52.91666666666663,0.458497624185994
53.0,0.43722907003276956
53.08333333333326,0.3832922566039107
53.16666666666663,0.29693764465124967
53.25,0.18095221798851918
53.33333333333326,0.04065177428306421
53.41666666666663,-0.11633795839133079
53.5,-0.28050595577247817
53.58333333333326,-0.44106261087822607
53.66666666666663,-0.5866878790355422
53.75,-0.7063660812511218
53.83333333333326,-0.790242687843266
53.91666666666663,-0.8304337493894112
54.0,-0.8217198225567204
54.08333333333326,-0.762063331185928
54.16666666666663,-0.652900857709337
54.25,-0.4991789282266047
54.33333333333326,-0.3091220653831603
54.41666666666663,-0.09374355852176938
54.5,0.1338692995991235
54.58333333333326,0.3594446757673325
54.66666666666663,0.5685243315175829
54.75,0.7474944598774401
54.83333333333326,0.8845694794742127
54.91666666666663,0.970651830999988
55.0,1.0
55.08333333333326,0.9706518310000721
55.16666666666663,0.8845694794743689
55.25,0.7474944598774406
55.33333333333326,0.5685243315178669
55.41666666666663,0.3594446757676366
55.5,0.1338692995991556
55.58333333333326,-0.09374355852144424
55.66666666666663,-0.30912206538286224
55.75,-0.49917892822658283
55.83333333333326,-0.6529008577091368
55.91666666666663,-0.7620633311858013
56.0,-0.8217198225567132
56.08333333333326,-0.830433749389435
56.16666666666663,-0.7902426878433609
56.25,-0.7063660812511304
56.33333333333326,-0.5866878790357473
56.41666666666663,-0.44106261087845755
56.5,-0.2805059557724962
56.58333333333326,-0.11633795839156474
56.66666666666663,0.04065177428283716
56.75,0.1809522179885026
56.83333333333326,0.29693764465110667
56.91666666666663,0.38329225660379335
57.0,0.43722907003275957
57.08333333333326,0.4584976241859841
57.16666666666663,0.4491929732570111
57.25,0.413394379982109
57.33333333333326,0.35667485014125916
57.41666666666663,0.2855311418320999
57.5,0.20678758817188564
57.58333333333326,0.12702587942513305
57.66666666666663,0.05208720400894092
57.75,-0.013316405736359074
57.83333333333326,-0.06585697165925768
57.91666666666663,-0.10370092232278481
58.0,-0.12647798627898224
58.08333333333326,-0.13512440010220494
58.16666666666663,-0.13162657609031556
58.25,-0.11869857474196947
58.33333333333326,-0.09943024876352795
58.41666666666663,-0.07694264201790538
58.5,-0.05408339034124138
58.58333333333326,-0.0331880714037651
58.66666666666663,-0.01592454340990841
58.75,-0.0032273224752403613
58.83333333333326,0.004680939585873423
58.91666666666663,0.008192770176794676
59.0,0.008162923248454322
59.08333333333326,0.005722602587824003
59.16666666666663,0.002085928463484189
59.25,-0.0016275567155808284
59.33333333333326,-0.0045344192506735935
59.41666666666663,-0.006078881907209419
59.5,-0.006067541657304836
59.58333333333326,-0.004647973904358074
59.66666666666663,-0.002239004108038738
59.75,0.0005738112988012519
59.83333333333326,0.0031601278703189215
59.91666666666663,0.0049653184458202555
60.0,0.005611631108960767
60.08333333333326,0.004965318445823418
60.16666666666663,0.0031601278703289265
60.25,0.0005738112988072912
60.33333333333326,-0.0022390041080333012
60.41666666666663,-0.004647973904341287
60.5,-0.00606754165730479
60.58333333333326,-0.006078881907203755
60.66666666666663,-0.004534419250672181
60.75,-0.0016275567155713418
60.83333333333326,0.002085928463491809
60.91666666666663,0.005722602587822551
61.0,0.008162923248456137
61.08333333333326,0.008192770176797476
61.16666666666663,0.004680939585880745
61.25,-0.003227322475245208
61.33333333333326,-0.015924543409889524
61.41666666666663,-0.03318807140374498
61.5,-0.054083390341249024
61.58333333333326,-0.07694264201787816
61.66666666666663,-0.09943024876350183
61.75,-0.1186985747419685
61.83333333333326,-0.13162657609030762
61.91666666666663,-0.13512440010221247
62.0,-0.12647798627899273
62.08333333333326,-0.10370092232283493
62.16666666666663,-0.06585697165932124
62.25,-0.013316405736363352
62.33333333333326,0.052087204008845436
62.41666666666663,0.12702587942502555
62.5,0.20678758817188278
62.58333333333326,0.2855311418319975
62.66666666666663,0.356674850141176
62.75,0.41339437998210626
62.83333333333326,0.4491929732569807
62.91666666666663,0.4584976241859932
63.0,0.4372290700327712
63.08333333333326,0.38329225660391164
63.16666666666663,0.2969376446512479
63.25,0.18095221798851846
63.33333333333326,0.0406517742830626
63.41666666666663,-0.11633795839134062
63.5,-0.2805059557724791
63.58333333333326,-0.44106261087822674
63.66666666666663,-0.5866878790355454
63.75,-0.7063660812511217
63.83333333333326,-0.7902426878432658
63.91666666666663,-0.8304337493894126
64.0,-0.8217198225567149
64.08333333333326,-0.7620633311859306
64.16666666666663,-0.6529008577093371
64.25,-0.49917892822660215
64.33333333333326,-0.3091220653831803
64.41666666666663,-0.09374355852178556
64.5,0.13386929959912783
64.58333333333326,0.35944467576733136
64.66666666666663,0.5685243315175726
64.75,0.7474944598774216
64.83333333333326,0.884569479474212
64.91666666666663,0.9706518309999826
65.0,1.0
65.08333333333326,0.9706518310000689
65.16666666666663,0.8845694794743695
65.25,0.7474944598774492
65.33333333333326,0.568524331517863
65.41666666666663,0.35944467576763783
65.5,0.13386929959915136
65.58333333333326,-0.09374355852144826
65.66666666666663,-0.3091220653828756
65.75,-0.49917892822658244
65.83333333333326,-0.6529008577091365
65.91666666666663,-0.7620633311858017
66.0,-0.8217198225567134
66.08333333333326,-0.8304337493894353
66.16666666666663,-0.7902426878433585
66.25,-0.7063660812511275
66.33333333333326,-0.5866878790357419
66.41666666666663,-0.44106261087845705
66.5,-0.2805059557724933
66.58333333333326,-0.11633795839158131
66.66666666666663,0.04065177428283879
66.75,0.18095221798850342
66.83333333333326,0.296937644651095
66.91666666666663,0.38329225660380245
67.0,0.43722907003276085
67.08333333333326,0.45849762418598194
67.16666666666663,0.449192973257009
67.25,0.41339437998210815
67.33333333333326,0.3566748501412607
67.41666666666663,0.2855311418321054
67.5,0.20678758817189322
67.58333333333326,0.12702587942513227
67.66666666666663,0.052087204008936905
67.75,-0.013316405736349653
67.83333333333326,-0.06585697165925614
67.91666666666663,-0.10370092232278268
68.0,-0.12647798627897966
68.08333333333326,-0.13512440010220217
68.16666666666663,-0.13162657609031578
68.25,-0.1186985747419684
68.33333333333326,-0.09943024876352577
68.41666666666663,-0.07694264201790367
68.5,-0.05408339034124024
68.58333333333326,-0.03318807140376465
68.66666666666663,-0.015924543409908648
68.75,-0.0032273224752358116
68.83333333333326,0.004680939585877395
68.91666666666663,0.008192770176797813
69.0,0.0081629232484523
69.08333333333326,0.0057226025878218
69.16666666666663,0.0020859284634820374
69.25,-0.0016275567155828502
69.33333333333326,-0.004534419250677041
69.41666666666663,-0.006078881907212957
69.5,-0.006067541657308859
69.58333333333326,-0.004647973904354817
69.66666666666663,-0.002239004108043805
69.75,0.000573811298800591
69.83333333333326,0.0031601278703178846
69.91666666666663,0.004965318445819712
70.0,0.005611631108960767
70.08333333333326,0.004965318445823625
70.16666666666663,0.003160127870327812
70.25,0.0005738112988114772
70.33333333333326,-0.002239004108032452
70.41666666666663,-0.004647973904337205
70.5,-0.006067541657301959
70.58333333333326,-0.006078881907200217
70.66666666666663,-0.004534419250670289
70.75,-0.0016275567155692942
70.83333333333326,0.002085928463493986
70.91666666666663,0.005722602587824702
71.0,0.008162923248454088
71.08333333333326,0.008192770176794366
71.16666666666663,0.004680939585876721
71.25,-0.0032273224752443594
71.33333333333326,-0.015924543409889285
71.41666666666663,-0.03318807140374542
71.5,-0.05408339034124711
71.58333333333326,-0.07694264201787829
71.66666666666663,-0.0994302487635041
71.75,-0.1186985747419696
71.83333333333326,-0.13162657609030745
71.91666666666663,-0.13512440010221524
72.0,-0.12647798627899523
72.08333333333326,-0.10370092232284323
72.16666666666663,-0.06585697165932816
72.25,-0.013316405736359309
72.33333333333326,0.05208720400884018
72.41666666666663,0.1270258794250218
72.5,0.20678758817188428
72.58333333333326,0.2855311418319992
72.66666666666663,0.3566748501411723
72.75,0.4133943799821054
72.83333333333326,0.44919297325698065
72.91666666666663,0.4584976241859954
73.0,0.4372290700327669
73.08333333333326,0.3832922566039126
73.16666666666663,0.2969376446512499
73.25,0.18095221798853386
73.33333333333326,0.04065177428306103
73.41666666666663,-0.11633795839134187
73.5,-0.28050595577248205
73.58333333333326,-0.4410626108782298
73.66666666666663,-0.5866878790355486
73.75,-0.7063660812511274
73.83333333333326,-0.7902426878432708
73.91666666666663,-0.8304337493894124
74.0,-0.8217198225567148
74.08333333333326,-0.7620633311859305
74.16666666666663,-0.6529008577093356
74.25,-0.49917892822659954
74.33333333333326,-0.30912206538317694
74.41666666666663,-0.09374355852177664
74.5,0.13386929959912675
74.58333333333326,0.3594446757673057
74.66666666666663,0.5685243315175713
74.75,0.7474944598774248
74.83333333333326,0.8845694794742018
74.91666666666663,0.9706518309999839
75.0,1.0
75.08333333333326,0.970651831000074
75.16666666666663,0.8845694794743826
75.25,0.7474944598774501
75.33333333333326,0.5685243315178591
75.41666666666663,0.359444675767658
75.5,0.13386929959917274
75.58333333333326,-0.09374355852144735
75.66666666666663,-0.30912206538287496
75.75,-0.4991789282265619
75.83333333333326,-0.6529008577091382
75.91666666666663,-0.7620633311858022
76.0,-0.8217198225567077
76.08333333333326,-0.830433749389432
76.16666666666663,-0.7902426878433587
76.25,-0.7063660812511277
76.33333333333326,-0.5866878790357416
76.41666666666663,-0.44106261087845383
76.5,-0.28050595577249043
76.58333333333326,-0.11633795839157893
76.66666666666663,0.0406517742828404
76.75,0.18095221798850525
76.83333333333326,0.29693764465109684
76.91666666666663,0.3832922566038041
77.0,0.4372290700327592
77.08333333333326,0.4584976241859798
77.16666666666663,0.4491929732570065
77.25,0.41339437998210365
77.33333333333326,0.3566748501412644
77.41666666666663,0.28553114183210293
77.5,0.20678758817189005
77.58333333333326,0.12702587942513593
77.66666666666663,0.052087204008946265
77.75,-0.01331640573634885
77.83333333333326,-0.06585697165924705
77.91666666666663,-0.10370092232278313
78.0,-0.1264779862789825
78.08333333333326,-0.13512440010220356
78.16666666666663,-0.13162657609032133
78.25,-0.11869857474196539
78.33333333333326,-0.09943024876352355
78.41666666666663,-0.07694264201790038
78.5,-0.0540833903412469
78.58333333333326,-0.033188071403764216
78.66666666666663,-0.01592454340990393
78.75,-0.003227322475242059
78.83333333333326,0.004680939585870668
78.91666666666663,0.008192770176791177
79.0,0.008162923248454374
79.08333333333326,0.005722602587822603
79.16666666666663,0.002085928463490306
79.25,-0.0016275567155845869
79.33333333333326,-0.004534419250679789
79.41666666666663,-0.006078881907212698
79.5,-0.0060675416573076025
79.58333333333326,-0.004647973904352885
79.66666666666663,-0.002239004108047667
79.75,0.0005738112988033514
79.83333333333326,0.003160127870319621
79.91666666666663,0.004965318445818441
80.0,0.005611631108960767
80.08333333333326,0.004965318445824144
80.16666666666663,0.0031601278703262824
80.25,0.0005738112988147691
80.33333333333326,-0.0022390041080243978
80.41666666666663,-0.0046479739043434635
80.5,-0.006067541657297934
80.58333333333326,-0.006078881907200477
80.66666666666663,-0.004534419250666816
80.75,-0.001627556715575204
80.83333333333326,0.0020859284634857696
80.91666666666663,0.005722602587822629
81.0,0.008162923248452041
81.08333333333326,0.008192770176801001
81.16666666666663,0.004680939585883395
81.25,-0.0032273224752412885
81.33333333333326,-0.015924543409894062
81.41666666666663,-0.0331880714037459
81.5,-0.05408339034125234
81.58333333333326,-0.07694264201788156
81.66666666666663,-0.09943024876350628
81.75,-0.11869857474197369
81.83333333333326,-0.13162657609031184
81.91666666666663,-0.13512440010222113
82.0,-0.12647798627899282
82.08333333333326,-0.10370092232283122
82.16666666666663,-0.06585697165932429
82.25,-0.013316405736365115
82.33333333333326,0.052087204008849426
82.41666666666663,0.12702587942503216
82.5,0.20678758817187673
82.58333333333326,0.2855311418319941
82.66666666666663,0.3566748501411699
82.75,0.413394379982106
82.83333333333326,0.4491929732569858
82.91666666666663,0.45849762418599466
83.0,0.43722907003276196
83.08333333333326,0.38329225660391375
83.16666666666663,0.2969376446512596
83.25,0.1809522179885224
83.33333333333326,0.04065177428305939
83.41666666666663,-0.11633795839134531
83.5,-0.28050595577248305
83.58333333333326,-0.44106261087821585
83.66666666666663,-0.5866878790355394
83.75,-0.7063660812511139
83.83333333333326,-0.7902426878432703
83.91666666666663,-0.8304337493894159
84.0,-0.8217198225567162
84.08333333333326,-0.7620633311859406
84.16666666666663,-0.6529008577093498
84.25,-0.49917892822660764
84.33333333333326,-0.30912206538316755
84.41666666666663,-0.09374355852177756
84.5,0.13386929959913643
84.58333333333326,0.35944467576733447
84.66666666666663,0.5685243315175535
84.75,0.7474944598774103
84.83333333333326,0.8845694794742012
84.91666666666663,0.9706518309999855
85.0,1.0
85.08333333333326,0.9706518310000664
85.16666666666663,0.8845694794743678
85.25,0.7474944598774645
85.33333333333326,0.5685243315178695
85.41666666666663,0.3594446757676592
85.5,0.13386929959916424
85.58333333333326,-0.09374355852145627
85.66666666666663,-0.30912206538288245
85.75,-0.4991789282265846
85.83333333333326,-0.6529008577091239
85.91666666666663,-0.7620633311857995
86.0,-0.821719822556708
86.08333333333326,-0.8304337493894323
86.16666666666663,-0.7902426878433537
86.25,-0.7063660812511218
86.33333333333326,-0.5866878790357528
86.41666666666663,-0.4410626108784679
86.5,-0.28050595577250026
86.58333333333326,-0.11633795839157017
86.66666666666663,0.04065177428284203
86.75,0.180952217988505
86.83333333333326,0.2969376446510933
86.91666666666663,0.383292256603793
87.0,0.4372290700327509
87.08333333333326,0.4584976241859805
87.16666666666663,0.449192973257014
87.25,0.41339437998210293
87.33333333333326,0.3566748501412559
87.41666666666663,0.2855311418321108
87.5,0.20678758817189766
87.58333333333326,0.12702587942513818
87.66666666666663,0.05208720400894217
87.75,-0.013316405736358802
87.83333333333326,-0.06585697165925301
87.91666666666663,-0.10370092232278716
88.0,-0.12647798627898496
88.08333333333326,-0.13512440010219767
88.16666666666663,-0.13162657609031553
88.25,-0.11869857474196431
88.33333333333326,-0.09943024876352131
88.41666666666663,-0.07694264201790027
88.5,-0.05408339034124402
88.58333333333326,-0.033188071403765874
88.66666666666663,-0.01592454340990636
88.75,-0.00322732247524513
88.83333333333326,0.004680939585876812
88.91666666666663,0.008192770176794236
89.0,0.008162923248448308
89.08333333333326,0.00572260258782618
89.16666666666663,0.002085928463486418
89.25,-0.0016275567155882415
89.33333333333326,-0.004534419250682549
89.41666666666663,-0.006078881907206231
89.5,-0.006067541657311594
89.58333333333326,-0.004647973904361377
89.66666666666663,-0.0022390041080421787
89.75,0.0005738112988017443
89.83333333333326,0.0031601278703211762
89.91666666666663,0.004965318445817223
90.0,0.005611631108960767
90.08333333333326,0.004965318445823988
90.16666666666663,0.0031601278703312073
90.25,0.0005738112988103498
90.33333333333326,-0.002239004108026588
90.41666666666663,-0.004647973904345357
90.5,-0.006067541657293936
90.58333333333326,-0.006078881907196939
90.66666666666663,-0.0045344192506665175
90.75,-0.0016275567155748152
90.83333333333326,0.002085928463489606
90.91666666666663,0.005722602587827813
91.0,0.008162923248458184
91.08333333333326,0.008192770176793795
91.16666666666663,0.0046809395858794815
91.25,-0.003227322475242609
91.33333333333326,-0.015924543409889552
91.41666666666663,-0.03318807140374427
91.5,-0.05408339034125045
91.58333333333326,-0.07694264201788482
91.66666666666663,-0.0994302487634998
91.75,-0.1186985747419747
91.83333333333326,-0.13162657609031161
91.91666666666663,-0.13512440010220972
92.0,-0.12647798627899043
92.08333333333326,-0.10370092232283876
92.16666666666663,-0.06585697165932054
92.25,-0.01331640573635503
92.33333333333326,0.05208720400883077
92.41666666666663,0.12702587942501686
92.5,0.2067875881718799
92.58333333333326,0.2855311418319958
92.66666666666663,0.35667485014117306
92.75,0.41339437998210676
92.83333333333326,0.44919297325698576
92.91666666666663,0.458497624185997
93.0,0.4372290700327738
93.08333333333326,0.383292256603912
93.16666666666663,0.29693764465126166
93.25,0.18095221798852268
93.33333333333326,0.04065177428304902
93.41666666666663,-0.11633795839134665
93.5,-0.2805059557724879
93.58333333333326,-0.4410626108782205
93.66666666666663,-0.5866878790355397
93.75,-0.7063660812511198
93.83333333333326,-0.7902426878432702
93.91666666666663,-0.8304337493894116
94.0,-0.8217198225567159
94.08333333333326,-0.7620633311859405
94.16666666666663,-0.6529008577093411
94.25,-0.4991789282266079
94.33333333333326,-0.3091220653831601
94.41666666666663,-0.09374355852177847
94.5,0.13386929959914493
94.58333333333326,0.3594446757673038
94.66666666666663,0.5685243315175524
94.75,0.7474944598774154
94.83333333333326,0.8845694794742066
94.91666666666663,0.9706518309999882
95.0,1.0
95.08333333333326,0.9706518310000799
95.16666666666663,0.8845694794743835
95.25,0.7474944598774654
95.33333333333326,0.5685243315178705
95.41666666666663,0.3594446757676495
95.5,0.13386929959915458
95.58333333333326,-0.09374355852145533
95.66666666666663,-0.30912206538288184
95.75,-0.4991789282265594
95.83333333333326,-0.6529008577091238
95.91666666666663,-0.7620633311857996
96.0,-0.8217198225567066
96.08333333333326,-0.8304337493894326
96.16666666666663,-0.790242687843354
96.25,-0.7063660812511218
96.33333333333326,-0.5866878790357527
96.41666666666663,-0.44106261087846726
96.5,-0.2805059557724993
96.58333333333326,-0.11633795839156671
96.66666666666663,0.04065177428284361
96.75,0.1809522179885068
96.83333333333326,0.2969376446510913
96.91666666666663,0.3832922566037946
97.0,0.43722907003275224
97.08333333333326,0.4584976241859752
97.16666666666663,0.44919297325700885
97.25,0.4133943799821022
97.33333333333326,0.3566748501412665
97.41666666666663,0.28553114183210915
97.5,0.2067875881718945
97.58333333333326,0.12702587942513446
97.66666666666663,0.052087204008946314
97.75,-0.0133164057363531
97.83333333333326,-0.06585697165924928
97.91666666666663,-0.10370092232277814
98.0,-0.12647798627897733
98.08333333333326,-0.13512440010219903
98.16666666666663,-0.13162657609031575
98.25,-0.11869857474196019
98.33333333333326,-0.09943024876351914
98.41666666666663,-0.07694264201789698
98.5,-0.054083390341243584
98.58333333333326,-0.033188071403761274
98.66666666666663,-0.01592454340990156
98.75,-0.00322732247524058
98.83333333333326,0.004680939585870085
98.91666666666663,0.008192770176797358
99.0,0.008162923248450304
99.08333333333326,0.005722602587821074
99.16666666666663,0.0020859284634859514
99.25,-0.0016275567155899263
99.33333333333326,-0.004534419250683586
99.41666666666663,-0.006078881907205945
99.5,-0.006067541657315612
99.58333333333326,-0.004647973904359445
99.66666666666663,-0.002239004108040014
99.75,0.0005738112987985433
99.83333333333326,0.0031601278703188955
99.91666666666663,0.0049653184458180784
100.0,0.005611631108960767
100.08333333333326,0.004965318445823729
100.16666666666663,0.003160127870329626
100.25,0.0005738112988082891
100.33333333333326,-0.0022390041080227194
100.41666666666663,-0.0046479739043412596
100.5,-0.006067541657295212
100.58333333333326,-0.006078881907193388
100.66666666666663,-0.004534419250670613
100.75,-0.0016275567155698127
100.83333333333326,0.0020859284634901242
100.91666666666663,0.0057226025878269315
101.0,0.008162923248456085
101.08333333333326,0.008192770176800378
101.16666666666663,0.004680939585875457
101.25,-0.00322732247524282
101.33333333333326,-0.015924543409884227
101.41666666666663,-0.03318807140374888
101.5,-0.05408339034125455
101.58333333333326,-0.07694264201788498
101.66666666666663,-0.09943024876350204
101.75,-0.11869857474197579
101.83333333333326,-0.1316265760903175
101.91666666666663,-0.13512440010221669
102.0,-0.126477986278988
102.08333333333326,-0.10370092232284421
102.16666666666663,-0.0658569716593199
102.25,-0.01331640573636085
102.33333333333326,0.05208720400883069
102.41666666666663,0.12702587942501664
102.5,0.20678758817187962
102.58333333333326,0.2855311418319982
102.66666666666663,0.3566748501411787
102.75,0.4133943799821053
102.83333333333326,0.44919297325698465
102.91666666666663,0.458497624186005
103.0,0.43722907003276895
103.08333333333326,0.38329225660391036
103.16666666666663,0.2969376446512598
103.25,0.18095221798853048
103.33333333333326,0.04065177428304739
103.41666666666663,-0.11633795839131011
103.5,-0.28050595577245163
103.58333333333326,-0.4410626108782264
103.66666666666663,-0.5866878790355399
103.75,-0.7063660812511197
103.83333333333326,-0.7902426878432731
103.91666666666663,-0.8304337493894149
104.0,-0.8217198225567156
104.08333333333326,-0.7620633311859323
104.16666666666663,-0.6529008577093379
104.25,-0.49917892822660836
104.33333333333326,-0.3091220653831708
104.41666666666663,-0.09374355852175953
104.5,0.1338692995991546
104.58333333333326,0.359444675767294
104.66666666666663,0.5685243315175689
104.75,0.7474944598774226
104.83333333333326,0.8845694794742058
104.91666666666663,0.970651830999986
105.0,1.0
105.08333333333326,0.97065183100008
105.16666666666663,0.8845694794743882
105.25,0.7474944598774521
105.33333333333326,0.5685243315178716
105.41666666666663,0.3594446757676506
105.5,0.1338692995991652
105.58333333333326,-0.09374355852141385
105.66666666666663,-0.3091220653828342
105.75,-0.49917892822654947
105.83333333333326,-0.6529008577091358
105.91666666666663,-0.7620633311857997
106.0,-0.8217198225567068
106.08333333333326,-0.8304337493894334
106.16666666666663,-0.7902426878433683
106.25,-0.7063660812511431
106.33333333333326,-0.5866878790357445
106.41666666666663,-0.4410626108784572
106.5,-0.28050595577249837
106.58333333333326,-0.11633795839157299
106.66666666666663,0.04065177428285395
106.75,0.18095221798851618
106.83333333333326,0.296937644651083
106.91666666666663,0.3832922566038011
107.0,0.43722907003275713
107.08333333333326,0.4584976241859761
107.16666666666663,0.44919297325700147
107.25,0.41339437998210365
107.33333333333326,0.35667485014126477
107.41666666666663,0.28553114183210465
107.5,0.20678758817189477
107.58333333333326,0.12702587942513072
107.66666666666663,0.05208720400894225
107.75,-0.01331640573635126
107.83333333333326,-0.0658569716592532
107.91666666666663,-0.10370092232278144
108.0,-0.12647798627897014
108.08333333333326,-0.1351244001022021
108.16666666666663,-0.13162657609031597
108.25,-0.11869857474195909
108.33333333333326,-0.09943024876352671
108.41666666666663,-0.07694264201790385
108.5,-0.05408339034123948
108.58333333333326,-0.03318807140376918
108.66666666666663,-0.015924543409908887
108.75,-0.00322732247523603
108.83333333333326,0.004680939585871932
108.91666666666663,0.008192770176790905
109.0,0.00816292324845458
109.08333333333326,0.005722602587814387
109.16666666666663,0.002085928463490772
109.25,-0.0016275567155827723
109.33333333333326,-0.004534419250686359
109.41666666666663,-0.006078881907219527
109.5,-0.0060675416573047385
109.58333333333326,-0.004647973904363554
109.66666666666663,-0.0022390041080513476
109.75,0.0005738112988064747
109.83333333333326,0.003160127870316485
109.91666666666663,0.00496531844581686
110.0,0.005611631108960767
110.08333333333326,0.004965318445824973
110.16666666666663,0.003160127870331959
110.25,0.0005738112988174776
110.33333333333326,-0.0022390041080323744
110.41666666666663,-0.004647973904337138
110.5,-0.006067541657291195
110.58333333333326,-0.00607888190720058
110.66666666666663,-0.004534419250667878
110.75,-0.0016275567155681278
110.83333333333326,0.0020859284634851994
110.91666666666663,0.005722602587824677
111.0,0.008162923248454036
111.08333333333326,0.008192770176797126
111.16666666666663,0.004680939585884296
111.25,-0.00322732247524737
111.33333333333326,-0.01592454340989118
111.41666666666663,-0.03318807140374098
111.5,-0.05408339034124672
111.58333333333326,-0.07694264201788828
111.66666666666663,-0.09943024876351297
111.75,-0.11869857474197125
111.83333333333326,-0.13162657609031725
111.91666666666663,-0.13512440010222532
112.0,-0.12647798627898596
112.08333333333326,-0.10370092232283225
112.16666666666663,-0.0658569716593236
112.25,-0.013316405736362703
112.33333333333326,0.0520872040088388
112.41666666666663,0.12702587942501833
112.5,0.20678758817188278
112.58333333333326,0.28553114183199785
112.66666666666663,0.3566748501411762
112.75,0.4133943799821121
112.83333333333326,0.4491929732569823
112.91666666666663,0.4584976241859955
113.0,0.43722907003277717
113.08333333333326,0.3832922566039038
113.16666666666663,0.29693764465125183
113.25,0.18095221798851907
113.33333333333326,0.04065177428307313
113.41666666666663,-0.11633795839132102
113.5,-0.2805059557724584
113.58333333333326,-0.44106261087822285
113.66666666666663,-0.5866878790355482
113.75,-0.7063660812511257
113.83333333333326,-0.7902426878432631
113.91666666666663,-0.8304337493894094
114.0,-0.8217198225567213
114.08333333333326,-0.7620633311859396
114.16666666666663,-0.6529008577093468
114.25,-0.4991789282265932
114.33333333333326,-0.30912206538316145
114.41666666666663,-0.09374355852177044
114.5,0.1338692995991117
114.58333333333326,0.35944467576730166
114.66666666666663,0.5685243315175603
114.75,0.7474944598774158
114.83333333333326,0.8845694794742153
114.91666666666663,0.9706518309999875
115.0,1.0
115.08333333333326,0.9706518310000753
115.16666666666663,0.8845694794743848
115.25,0.7474944598774589
115.33333333333326,0.5685243315178551
115.41666666666663,0.3594446757676322
115.5,0.1338692995991567
115.58333333333326,-0.09374355852143279
115.66666666666663,-0.3091220653828518
115.75,-0.49917892822655857
115.83333333333326,-0.6529008577091269
115.91666666666663,-0.7620633311858082
116.0,-0.8217198225567113
116.08333333333326,-0.8304337493894306
116.16666666666663,-0.7902426878433654
116.25,-0.7063660812511372
116.33333333333326,-0.5866878790357463
116.41666666666663,-0.4410626108784609
116.5,-0.2805059557724876
116.58333333333326,-0.1163379583915641
116.66666666666663,0.040651774282810825
116.75,0.18095221798849517
116.83333333333326,0.29693764465109496
116.91666666666663,0.38329225660379274
117.0,0.4372290700327489
117.08333333333326,0.4584976241859795
117.16666666666663,0.44919297325700913
117.25,0.4133943799821041
117.33333333333326,0.3566748501412656
117.41666666666663,0.2855311418321043
117.5,0.2067875881718916
117.58333333333326,0.1270258794251309
117.66666666666663,0.052087204008942276
117.75,-0.013316405736361213
117.83333333333326,-0.06585697165925374
117.91666666666663,-0.10370092232278261
118.0,-0.1264779862789822
118.08333333333326,-0.1351244001021935
118.16666666666663,-0.1316265760903202
118.25,-0.11869857474196457
118.33333333333326,-0.09943024876351582
118.41666666666663,-0.0769426420179112
118.5,-0.05408339034124729
118.58333333333326,-0.0331880714037605
118.66666666666663,-0.015924543409902063
118.75,-0.003227322475242226
118.83333333333326,0.004680939585873896
118.91666666666663,0.00819277017678992
119.0,0.008162923248454424
119.08333333333326,0.005722602587822629
119.16666666666663,0.0020859284634815968
119.25,-0.0016275567155940734
119.33333333333326,-0.004534419250677314
119.41666666666663,-0.006078881907216132
119.5,-0.006067541657321314
119.58333333333326,-0.004647973904352926
119.66666666666663,-0.0022390041080476413
119.75,0.0005738112987973121
119.83333333333326,0.003160127870322213
119.91666666666663,0.004965318445819789
120.0,0.005611631108960767
120.08333333333326,0.00496531844582207
120.16666666666663,0.0031601278703262824
120.25,0.0005738112988148338
120.33333333333326,-0.0022390041080210215
120.41666666666663,-0.0046479739043477925
120.5,-0.006067541657302043
120.58333333333326,-0.006078881907187024
120.66666666666663,-0.004534419250676899
120.75,-0.0016275567155752816
120.83333333333326,0.002085928463494401
120.91666666666663,0.005722602587831364
121.0,0.00816292324845427
121.08333333333326,0.008192770176798059
121.16666666666663,0.004680939585882449
121.25,-0.003227322475241122
121.33333333333326,-0.015924543409893743
121.41666666666663,-0.03318807140374966
121.5,-0.05408339034125672
121.58333333333326,-0.07694264201788138
121.66666666666663,-0.0994302487635053
121.75,-0.11869857474198188
121.83333333333326,-0.13162657609031306
121.91666666666663,-0.13512440010221394
122.0,-0.12647798627899312
122.08333333333326,-0.10370092232283108
122.16666666666663,-0.06585697165932734
122.25,-0.01331640573637
122.33333333333326,0.052087204008838775
122.41666666666663,0.1270258794250241
122.5,0.20678758817188594
122.58333333333326,0.2855311418320023
122.66666666666663,0.3566748501411755
122.75,0.4133943799821069
122.83333333333326,0.4491929732569897
122.91666666666663,0.45849762418599194
123.0,0.4372290700327663
123.08333333333326,0.3832922566039122
123.16666666666663,0.29693764465126005
123.25,0.1809522179885097
123.33333333333326,0.040651774283080255
123.41666666666663,-0.1163379583913148
123.5,-0.28050595577246923
123.58333333333326,-0.4410626108782275
123.66666666666663,-0.5866878790355463
123.75,-0.7063660812511257
123.83333333333326,-0.7902426878432607
123.91666666666663,-0.8304337493894131
124.0,-0.821719822556727
124.08333333333326,-0.762063331185932
124.16666666666663,-0.6529008577093381
124.25,-0.49917892822660326
124.33333333333326,-0.30912206538319886
124.41666666666663,-0.09374355852181197
124.5,0.13386929959910102
124.58333333333326,0.35944467576732003
124.66666666666663,0.5685243315175665
124.75,0.7474944598774209
124.83333333333326,0.8845694794742105
124.91666666666663,0.9706518309999764
125.0,1.0
125.08333333333326,0.9706518310000778
125.16666666666663,0.8845694794743755
125.25,0.747494459877454
125.33333333333326,0.5685243315178639
125.41666666666663,0.3594446757676421
125.5,0.1338692995991374
125.58333333333326,-0.09374355852142184
125.66666666666663,-0.3091220653828411
125.75,-0.4991789282265737
125.83333333333326,-0.6529008577091354
125.91666666666663,-0.7620633311858008
126.0,-0.8217198225567055
126.08333333333326,-0.830433749389435
126.16666666666663,-0.7902426878433635
126.25,-0.7063660812511372
126.33333333333326,-0.5866878790357442
126.41666666666663,-0.4410626108784562
126.5,-0.2805059557724926
126.58333333333326,-0.11633795839159303
126.66666666666663,0.040651774282821136
126.75,0.18095221798848746
126.83333333333326,0.2969376446511029
126.91666666666663,0.3832922566038045
127.0,0.43722907003275974
127.08333333333326,0.4584976241859832
127.16666666666663,0.4491929732570177
127.25,0.4133943799821093
127.33333333333326,0.3566748501412599
127.41666666666663,0.2855311418321047
127.5,0.20678758817188844
127.58333333333326,0.1270258794251293
127.66666666666663,0.0520872040089424
127.75,-0.013316405736353981
127.83333333333326,-0.06585697165925009
127.91666666666663,-0.10370092232277704
128.0,-0.12647798627898424
128.08333333333326,-0.13512440010220486
128.16666666666663,-0.13162657609031034
128.25,-0.11869857474195394
128.33333333333326,-0.0994302487635223
128.41666666666663,-0.07694264201790048
128.5,-0.05408339034123733
128.58333333333326,-0.03318807140375992
128.66666666666663,-0.01592454340989944
128.75,-0.003227322475237728
128.83333333333326,0.004680939585879941
128.91666666666663,0.00819277017679719
129.0,0.008162923248450563
129.08333333333326,0.00572260258782504
129.16666666666663,0.002085928463489865
129.25,-0.0016275567155862197
129.33333333333326,-0.004534419250673218
129.41666666666663,-0.006078881907209639
129.5,-0.006067541657315722
129.58333333333326,-0.004647973904365757
129.66666666666663,-0.002239004108038038
129.75,0.0005738112988000207
129.83333333333326,0.0031601278703143852
129.91666666666663,0.004965318445820022
130.0,0.005611631108960767
130.08333333333326,0.004965318445825336
130.16666666666663,0.0031601278703327364
130.25,0.0005738112988068635
130.33333333333326,-0.0022390041080247217
130.41666666666663,-0.004647973904334948
130.5,-0.0060675416573046604
130.58333333333326,-0.006078881907193504
130.66666666666663,-0.004534419250664094
130.75,-0.0016275567155639805
130.83333333333326,0.0020859284634861847
130.91666666666663,0.005722602587823044
131.0,0.00816292324845808
131.08333333333326,0.008192770176790841
131.16666666666663,0.0046809395858763
131.25,-0.0032273224752456717
131.33333333333326,-0.015924543409886423
131.41666666666663,-0.03318807140375012
131.5,-0.05408339034125485
131.58333333333326,-0.07694264201787399
131.66666666666663,-0.09943024876349882
131.75,-0.11869857474197333
131.83333333333326,-0.13162657609032286
131.91666666666663,-0.13512440010221086
132.0,-0.1264779862789811
132.08333333333326,-0.10370092232284876
132.16666666666663,-0.06585697165932676
132.25,-0.013316405736359865
132.33333333333326,0.0520872040088387
132.41666666666663,0.12702587942501972
132.5,0.2067875881718857
132.58333333333326,0.2855311418320027
132.66666666666663,0.35667485014116906
132.75,0.4133943799820984
132.83333333333326,0.44919297325698215
132.91666666666663,0.45849762418599993
133.0,0.4372290700327805
133.08333333333326,0.38329225660390054
133.16666666666663,0.2969376446512482
133.25,0.18095221798854982
133.33333333333326,0.04065177428306984
133.41666666666663,-0.11633795839132362
133.5,-0.2805059557724642
133.58333333333326,-0.4410626108782374
133.66666666666663,-0.5866878790355486
133.75,-0.7063660812511255
133.83333333333326,-0.7902426878432637
133.91666666666663,-0.8304337493894087
134.0,-0.8217198225567207
134.08333333333326,-0.7620633311859387
134.16666666666663,-0.6529008577093262
134.25,-0.49917892822659404
134.33333333333326,-0.30912206538320147
134.41666666666663,-0.09374355852179304
134.5,0.13386929959910956
134.58333333333326,0.3594446757673101
134.66666666666663,0.5685243315175681
134.75,0.7474944598774342
134.83333333333326,0.884569479474189
134.91666666666663,0.9706518309999772
135.0,1.0
135.08333333333326,0.9706518310000761
135.16666666666663,0.8845694794743802
135.25,0.7474944598774526
135.33333333333326,0.5685243315178574
135.41666666666663,0.3594446757676836
135.5,0.13386929959919952
135.58333333333326,-0.09374355852143097
135.66666666666663,-0.3091220653828504
135.75,-0.4991789282265638
135.83333333333326,-0.6529008577091301
135.91666666666663,-0.7620633311858085
136.0,-0.8217198225567101
136.08333333333326,-0.8304337493894276
136.16666666666663,-0.7902426878433657
136.25,-0.7063660812511314
136.33333333333326,-0.5866878790357459
136.41666666666663,-0.4410626108784544
136.5,-0.28050595577248566
136.58333333333326,-0.1163379583915993
136.66666666666663,0.04065177428281406
136.75,0.18095221798849886
136.83333333333326,0.29693764465109473
136.91666666666663,0.3832922566037961
137.0,0.43722907003274547
137.08333333333326,0.45849762418597517
137.16666666666663,0.4491929732570102
137.25,0.4133943799820988
137.33333333333326,0.3566748501412607
137.41666666666663,0.28553114183210027
137.5,0.20678758817188528
137.58333333333326,0.12702587942514845
137.66666666666663,0.052087204008952954
137.75,-0.01331640573635214
137.83333333333326,-0.06585697165926137
137.91666666666663,-0.10370092232277832
138.0,-0.12647798627897708
138.08333333333326,-0.13512440010218793
138.16666666666663,-0.1316265760903112
138.25,-0.11869857474196166
138.33333333333326,-0.09943024876351136
138.41666666666663,-0.07694264201790468
138.5,-0.05408339034124519
138.58333333333326,-0.033188071403751226
138.66666666666663,-0.015924543409902597
138.75,-0.0032273224752331782
138.83333333333326,0.004680939585881879
138.91666666666663,0.008192770176786409
139.0,0.008162923248458494
139.08333333333326,0.005722602587818326
139.16666666666663,0.002085928463480612
139.25,-0.0016275567155982465
139.33333333333326,-0.004534419250685971
139.41666666666663,-0.006078881907223208
139.5,-0.006067541657324042
139.58333333333326,-0.004647973904355129
139.66666666666663,-0.0022390041080493197
139.75,0.000573811298790884
139.83333333333326,0.0031601278703200617
139.91666666666663,0.0049653184458167045
140.0,0.005611631108960767
140.08333333333326,0.0049653184458245065
140.16666666666663,0.00316012787032706
140.25,0.0005738112988160002
140.33333333333326,-0.002239004108025998
140.41666666666663,-0.004647973904342865
140.5,-0.006067541657291072
140.58333333333326,-0.006078881907183719
140.66666666666663,-0.004534419250671403
140.75,-0.0016275567155711603
140.83333333333326,0.002085928463495386
140.91666666666663,0.005722602587818248
141.0,0.008162923248461993
141.08333333333326,0.0081927701767918
141.16666666666663,0.0046809395858851514
141.25,-0.003227322475250222
141.33333333333326,-0.01592454340989327
141.41666666666663,-0.033188071403758825
141.5,-0.05408339034125887
141.58333333333326,-0.07694264201788477
141.66666666666663,-0.09943024876350981
141.75,-0.1186985747419871
141.83333333333326,-0.13162657609031866
141.91666666666663,-0.13512440010221954
142.0,-0.1264779862789883
142.08333333333326,-0.1037009223228476
142.16666666666663,-0.06585697165933052
142.25,-0.013316405736361718
142.33333333333326,0.05208720400884686
142.41666666666663,0.12702587942501967
142.5,0.20678758817188886
142.58333333333326,0.2855311418319872
142.66666666666663,0.35667485014116823
142.75,0.413394379982105
142.83333333333326,0.4491929732569948
142.91666666666663,0.4584976241859904
143.0,0.4372290700327756
143.08333333333326,0.38329225660393446
143.16666666666663,0.2969376446512632
143.25,0.18095221798854047
143.33333333333326,0.040651774283076966
143.41666666666663,-0.11633795839131955
143.5,-0.2805059557724711
143.58333333333326,-0.44106261087823384
143.66666666666663,-0.5866878790355466
143.75,-0.7063660812511042
143.83333333333326,-0.7902426878432655
143.91666666666663,-0.8304337493894124
144.0,-0.8217198225567282
144.08333333333326,-0.7620633311859302
144.16666666666663,-0.652900857709335
144.25,-0.499178928226604
144.33333333333326,-0.30912206538318393
144.41666666666663,-0.09374355852180395
144.5,0.1338692995990989
144.58333333333326,0.3594446757673178
144.66666666666663,0.5685243315175845
144.75,0.7474944598774274
144.83333333333326,0.8845694794741924
144.91666666666663,0.970651830999982
145.0,1.0
145.08333333333326,0.9706518310000753
145.16666666666663,0.8845694794743767
145.25,0.7474944598774392
145.33333333333326,0.5685243315178996
145.41666666666663,0.35944467576767597
145.5,0.13386929959918023
145.58333333333326,-0.09374355852142002
145.66666666666663,-0.3091220653828479
145.75,-0.4991789282265729
145.83333333333326,-0.6529008577091038
145.91666666666663,-0.7620633311857805
146.0,-0.8217198225567078
146.08333333333326,-0.8304337493894319
146.16666666666663,-0.7902426878433642
146.25,-0.7063660812511314
146.33333333333326,-0.5866878790357317
146.41666666666663,-0.4410626108784499
146.5,-0.28050595577252413
146.58333333333326,-0.11633795839158637
146.66666666666663,0.04065177428282438
146.75,0.18095221798849107
146.83333333333326,0.29693764465110656
146.91666666666663,0.3832922566037973
147.0,0.43722907003275646
147.08333333333326,0.4584976241859847
147.16666666666663,0.4491929732570072
147.25,0.4133943799821041
147.33333333333326,0.35667485014125505
147.41666666666663,0.2855311418320998
147.5,0.20678758817188886
147.58333333333326,0.12702587942514684
147.66666666666663,0.05208720400894476
147.75,-0.013316405736342513
147.83333333333326,-0.06585697165925766
147.91666666666663,-0.10370092232277281
148.0,-0.12647798627898907
148.08333333333326,-0.13512440010220145
148.16666666666663,-0.1316265760903014
148.25,-0.1186985747419702
148.33333333333326,-0.09943024876351785
148.41666666666663,-0.07694264201789393
148.5,-0.05408339034123513
148.58333333333326,-0.0331880714037674
148.66666666666663,-0.01592454340989431
148.75,-0.003227322475243817
148.83333333333326,0.004680939585866482
148.91666666666663,0.008192770176793613
149.0,0.00816292324845458
149.08333333333326,0.005722602587826647
149.16666666666663,0.002085928463482141
149.25,-0.0016275567155928292
149.33333333333326,-0.004534419250678726
149.41666666666663,-0.006078881907209134
149.5,-0.006067541657318456
149.58333333333326,-0.0046479739043679595
149.66666666666663,-0.0022390041080457166
149.75,0.0005738112988041809
149.83333333333326,0.0031601278703137113
149.91666666666663,0.004965318445817586
150.0,0.005611631108960767
150.08333333333326,0.004965318445827824
150.16666666666663,0.0031601278703334884
150.25,0.0005738112988133045
150.33333333333326,-0.002239004108014639
150.41666666666663,-0.004647973904330047
150.5,-0.006067541657296664
150.58333333333326,-0.006078881907190238
150.66666666666663,-0.004534419250658612
150.75,-0.0016275567155598595
150.83333333333326,0.002085928463493831
150.91666666666663,0.0057226025878248845
151.0,0.008162923248465882
151.08333333333326,0.008192770176804216
151.16666666666663,0.004680939585879008
151.25,-0.0032273224752547717
151.33333333333326,-0.01592454340989594
151.41666666666663,-0.033188071403746744
151.5,-0.05408339034125934
151.58333333333326,-0.0769426420178806
151.66666666666663,-0.09943024876350327
151.75,-0.11869857474197854
151.83333333333326,-0.13162657609032843
151.91666666666663,-0.1351244001022081
152.0,-0.12647798627899548
152.08333333333326,-0.10370092232285305
152.16666666666663,-0.06585697165931914
152.25,-0.013316405736371335
152.33333333333326,0.05208720400884684
152.41666666666663,0.12702587942502125
152.5,0.20678758817189202
152.58333333333326,0.28553114183199163
152.66666666666663,0.35667485014117395
152.75,0.41339437998209977
152.83333333333326,0.44919297325698737
152.91666666666663,0.4584976241859984
153.0,0.4372290700327839
153.08333333333326,0.3832922566039228
153.16666666666663,0.2969376446512714
153.25,0.18095221798854824
153.33333333333326,0.0406517742830666
153.41666666666663,-0.11633795839132836
153.5,-0.2805059557724661
153.58333333333326,-0.4410626108782095
153.66666666666663,-0.5866878790355261
153.75,-0.706366081251104
153.83333333333326,-0.7902426878432632
153.91666666666663,-0.8304337493894156
154.0,-0.8217198225567219
154.08333333333326,-0.7620633311859376
154.16666666666663,-0.6529008577093547
154.25,-0.4991789282266292
154.33333333333326,-0.30912206538319464
154.41666666666663,-0.09374355852179485
154.5,0.1338692995991289
154.58333333333326,0.35944467576730793
154.66666666666663,0.568524331517576
154.75,0.7474944598774323
154.83333333333326,0.8845694794741876
154.91666666666663,0.9706518309999795
155.0,1.0
155.08333333333326,0.9706518310000737
155.16666666666663,0.8845694794743816
155.25,0.7474944598774461
155.33333333333326,0.5685243315178932
155.41666666666663,0.35944467576768574
155.5,0.13386929959919092
155.58333333333326,-0.09374355852144879
155.66666666666663,-0.30912206538285725
155.75,-0.49917892822656296
155.83333333333326,-0.6529008577091191
155.91666666666663,-0.7620633311857881
156.0,-0.8217198225567023
156.08333333333326,-0.8304337493894363
156.16666666666663,-0.7902426878433559
156.25,-0.7063660812511314
156.33333333333326,-0.5866878790357641
156.41666666666663,-0.44106261087847415
156.5,-0.28050595577251713
156.58333333333326,-0.11633795839159249
156.66666666666663,0.04065177428283474
156.75,0.18095221798849834
156.83333333333326,0.29693764465109845
156.91666666666663,0.38329225660379396
157.0,0.4372290700327482
157.08333333333326,0.4584976241859768
157.16666666666663,0.4491929732569999
157.25,0.41339437998210926
157.33333333333326,0.3566748501412575
157.41666666666663,0.2855311418320953
157.5,0.2067875881718857
157.58333333333326,0.127025879425141
157.66666666666663,0.052087204008944836
157.75,-0.013316405736340672
157.83333333333326,-0.06585697165924749
157.91666666666663,-0.10370092232278481
158.0,-0.12647798627898188
158.08333333333326,-0.13512440010219626
158.16666666666663,-0.1316265760903116
158.25,-0.11869857474195956
158.33333333333326,-0.09943024876352433
158.41666666666663,-0.07694264201790442
158.5,-0.054083390341237
158.58333333333326,-0.03318807140376284
158.66666666666663,-0.01592454340991168
158.75,-0.0032273224752392155
158.83333333333326,0.004680939585868381
158.91666666666663,0.008192770176800845
159.0,0.00816292324844626
159.08333333333326,0.0057226025878105245
159.16666666666663,0.002085928463490435
159.25,-0.0016275567155864012
159.33333333333326,-0.0045344192506915045
159.41666666666663,-0.006078881907222703
159.5,-0.006067541657312883
159.58333333333326,-0.004647973904363347
159.66666666666663,-0.002239004108057076
159.75,0.0005738112987996449
159.83333333333326,0.003160127870315422
159.91666666666663,0.004965318445814268
160.0,0.005611631108960767
160.08333333333326,0.004965318445822744
160.16666666666663,0.0031601278703317515
160.25,0.0005738112988224153
160.33333333333326,-0.0022390041080303526
160.41666666666663,-0.004647973904334673
160.5,-0.006067541657283056
160.58333333333326,-0.006078881907196718
160.66666666666663,-0.0045344192506693685
160.75,-0.0016275567155677908
160.83333333333326,0.0020859284634855623
160.91666666666663,0.005722602587828539
161.0,0.008162923248457873
161.08333333333326,0.008192770176805187
161.16666666666663,0.004680939585872962
161.25,-0.003227322475237726
161.33333333333326,-0.01592454340988843
161.41666666666663,-0.03318807140374727
161.5,-0.05408339034124555
161.58333333333326,-0.0769426420178913
161.66666666666663,-0.09943024876351426
161.75,-0.11869857474196996
161.83333333333326,-0.13162657609031558
161.91666666666663,-0.13512440010223128
162.0,-0.12647798627898343
162.08333333333326,-0.10370092232284109
162.16666666666663,-0.06585697165932283
162.25,-0.013316405736373292
162.33333333333326,0.05208720400883864
162.41666666666663,0.1270258794250271
162.5,0.20678758817187365
162.58333333333326,0.28553114183199046
162.66666666666663,0.35667485014117156
162.75,0.41339437998210643
162.83333333333326,0.4491929732569797
162.91666666666663,0.4584976241860009
163.0,0.4372290700327801
163.08333333333326,0.383292256603916
163.16666666666663,0.2969376446512673
163.25,0.18095221798850658
163.33333333333326,0.040651774283073726
163.41666666666663,-0.11633795839130143
163.5,-0.2805059557724808
163.58333333333326,-0.441062610878206
163.66666666666663,-0.5866878790355591
163.75,-0.706366081251116
163.83333333333326,-0.7902426878432584
163.91666666666663,-0.8304337493894194
164.0,-0.8217198225567276
164.08333333333326,-0.7620633311859301
164.16666666666663,-0.6529008577093635
164.25,-0.49917892822659293
164.33333333333326,-0.30912206538318526
164.41666666666663,-0.09374355852184661
164.5,0.13386929959911825
164.58333333333326,0.3594446757672773
164.66666666666663,0.5685243315175823
164.75,0.7474944598773984
164.83333333333326,0.884569479474222
164.91666666666663,0.9706518309999813
165.0,1.0
165.08333333333326,0.970651831000072
165.16666666666663,0.884569479474397
165.25,0.7474944598774411
165.33333333333326,0.5685243315178867
165.41666666666663,0.35944467576761835
165.5,0.1338692995991824
165.58333333333326,-0.09374355852139746
165.66666666666663,-0.3091220653828666
165.75,-0.49917892822653787
165.83333333333326,-0.6529008577091385
165.91666666666663,-0.7620633311857957
166.0,-0.8217198225567167
166.08333333333326,-0.8304337493894325
166.16666666666663,-0.7902426878433753
166.25,-0.7063660812511315
166.33333333333326,-0.586687879035766
166.41666666666663,-0.4410626108784487
166.5,-0.2805059557725103
166.58333333333326,-0.11633795839162364
166.66666666666663,0.04065177428282767
166.75,0.1809522179884795
166.83333333333326,0.2969376446511025
166.91666666666663,0.3832922566037856
167.0,0.43722907003275907
167.08333333333326,0.4584976241859743
167.16666666666663,0.44919297325701374
167.25,0.41339437998210254
167.33333333333326,0.3566748501412705
167.41666666666663,0.28553114183209655
167.5,0.2067875881718973
167.58333333333326,0.1270258794251263
167.66666666666663,0.052087204008952975
167.75,-0.013316405736343238
167.83333333333326,-0.06585697165924378
167.91666666666663,-0.10370092232277377
168.0,-0.12647798627897394
168.08333333333326,-0.1351244001021876
168.16666666666663,-0.13162657609029912
168.25,-0.11869857474196183
168.33333333333326,-0.09943024876351458
168.41666666666663,-0.07694264201789364
168.5,-0.05408339034124848
168.58333333333326,-0.03318807140375826
168.66666666666663,-0.01592454340990481
168.75,-0.003227322475241124
168.83333333333326,0.0046809395858744786
168.91666666666663,0.008192770176786122
169.0,0.0081629232484424
169.08333333333326,0.005722602587818845
169.16666666666663,0.002085928463481156
169.25,-0.001627556715597728
169.33333333333326,-0.004534419250685633
169.41666666666663,-0.006078881907216223
169.5,-0.006067541657324172
169.58333333333326,-0.004647973904358722
169.66666666666663,-0.002239004108049773
169.75,0.000573811298797662
169.83333333333326,0.0031601278703171846
169.91666666666663,0.004965318445816497
170.0,0.005611631108960767
170.08333333333326,0.004965318445824662
170.16666666666663,0.003160127870329937
170.25,0.000573811298816402
170.33333333333326,-0.0022390041080153386
170.41666666666663,-0.004647973904339272
170.5,-0.006067541657290962
170.58333333333326,-0.006078881907183149
170.66666666666663,-0.004534419250671741
170.75,-0.0016275567155756446
170.83333333333326,0.0020859284634947898
170.91666666666663,0.00572260258782574
171.0,0.008162923248449916
171.08333333333326,0.008192770176791994
171.16666666666663,0.004680939585871071
171.25,-0.0032273224752486307
171.33333333333326,-0.01592454340988547
171.41666666666663,-0.03318807140375601
171.5,-0.05408339034126514
171.58333333333326,-0.07694264201788083
171.66666666666663,-0.09943024876350659
171.75,-0.11869857474198064
171.83333333333326,-0.1316265760903173
171.91666666666663,-0.13512440010222207
172.0,-0.1264779862789906
172.08333333333326,-0.10370092232285215
172.16666666666663,-0.065856971659333
172.25,-0.013316405736370596
172.33333333333326,0.05208720400883854
172.41666666666663,0.12702587942500798
172.5,0.2067875881718916
172.58333333333326,0.285531141831995
172.66666666666663,0.35667485014115863
172.75,0.4133943799821087
172.83333333333326,0.44919297325699126
172.91666666666663,0.4584976241860088
173.0,0.4372290700327812
173.08333333333326,0.38329225660390437
173.16666666666663,0.2969376446512756
173.25,0.18095221798855987
173.33333333333326,0.04065177428306336
173.41666666666663,-0.11633795839129521
173.5,-0.2805059557724758
173.58333333333326,-0.4410626108782106
173.66666666666663,-0.5866878790355613
173.75,-0.706366081251116
173.83333333333326,-0.790242687843256
173.91666666666663,-0.8304337493894149
174.0,-0.8217198225567333
174.08333333333326,-0.7620633311859224
174.16666666666663,-0.6529008577093548
174.25,-0.4991789282265838
174.33333333333326,-0.3091220653831759
174.41666666666663,-0.09374355852183748
174.5,0.13386929959912675
174.58333333333326,0.3594446757672848
174.66666666666663,0.5685243315175886
174.75,0.7474944598774035
174.83333333333326,0.8845694794741755
174.91666666666663,0.970651830999983
175.0,1.0
175.08333333333326,0.9706518310000742
175.16666666666663,0.8845694794743936
175.25,0.7474944598774361
175.33333333333326,0.5685243315178954
175.41666666666663,0.35944467576770883
175.5,0.13386929959917387
175.58333333333326,-0.09374355852138654
175.66666666666663,-0.3091220653828559
175.75,-0.49917892822654697
175.83333333333326,-0.6529008577091538
175.91666666666663,-0.7620633311857883
176.0,-0.8217198225567027
176.08333333333326,-0.8304337493894295
176.16666666666663,-0.7902426878433735
176.25,-0.7063660812511317
176.33333333333326,-0.5866878790357518
176.41666666666663,-0.4410626108784336
176.5,-0.28050595577251536
176.58333333333326,-0.11633795839161065
176.66666666666663,0.04065177428283804
176.75,0.1809522179884717
176.83333333333326,0.29693764465109435
176.91666666666663,0.3832922566037868
177.0,0.437229070032758
177.08333333333326,0.45849762418596635
177.16666666666663,0.44919297325701085
177.25,0.41339437998210016
177.33333333333326,0.35667485014126477
177.41666666666663,0.28553114183209205
177.5,0.20678758817190088
177.58333333333326,0.1270258794251585
177.66666666666663,0.05208720400895305
177.75,-0.013316405736333635
177.83333333333326,-0.06585697165925512
177.91666666666663,-0.10370092232276831
178.0,-0.12647798627896678
178.08333333333326,-0.13512440010219895
178.16666666666663,-0.1316265760903027
178.25,-0.11869857474195114
178.33333333333326,-0.09943024876352105
178.41666666666663,-0.07694264201789787
178.5,-0.05408339034123848
178.58333333333326,-0.033188071403757825
178.66666666666663,-0.015924543409902188
178.75,-0.0032273224752365224
178.83333333333326,0.00468093958588057
178.91666666666663,0.008192770176793342
179.0,0.00816292324845033
179.08333333333326,0.005722602587827062
179.16666666666663,0.0020859284634894243
179.25,-0.0016275567155898225
179.33333333333326,-0.004534419250678363
179.41666666666663,-0.00607888190720973
179.5,-0.006067541657318586
179.58333333333326,-0.004647973904371566
179.66666666666663,-0.0022390041080461442
179.75,0.0005738112988003058
179.83333333333326,0.0031601278703107306
179.91666666666663,0.0049653184458173525
180.0,0.005611631108960767
180.08333333333326,0.004965318445827979
180.16666666666663,0.003160127870336417
180.25,0.0005738112988136545
180.33333333333326,-0.002239004108014211
180.41666666666663,-0.0046479739043264546
180.5,-0.006067541657296534
180.58333333333326,-0.006078881907197236
180.66666666666663,-0.004534419250658949
180.75,-0.0016275567155643693
180.83333333333326,0.0020859284634932866
180.91666666666663,0.005722602587824392
181.0,0.008162923248453855
181.08333333333326,0.008192770176804448
181.16666666666663,0.004680939585886421
181.25,-0.0032273224752532325
181.33333333333326,-0.01592454340989237
181.41666666666663,-0.03318807140373974
181.5,-0.054083390341251356
181.58333333333326,-0.07694264201789161
181.66666666666663,-0.09943024876350007
181.75,-0.11869857474197833
181.83333333333326,-0.13162657609032713
181.91666666666663,-0.13512440010223073
182.0,-0.12647798627899856
182.08333333333326,-0.1037009223228576
182.16666666666663,-0.06585697165933664
182.25,-0.013316405736380264
182.33333333333326,0.05208720400884668
182.41666666666663,0.12702587942500956
182.5,0.20678758817189477
182.58333333333326,0.28553114183199535
182.66666666666663,0.3566748501411643
182.75,0.4133943799821154
182.83333333333326,0.4491929732569838
182.91666666666663,0.4584976241859993
183.0,0.43722907003278944
183.08333333333326,0.3832922566039333
183.16666666666663,0.29693764465126365
183.25,0.18095221798856764
183.33333333333326,0.040651774283052965
183.41666666666663,-0.11633795839130408
183.5,-0.2805059557724826
183.58333333333326,-0.44106261087821536
183.66666666666663,-0.5866878790355637
183.75,-0.7063660812511159
183.83333333333326,-0.7902426878432537
183.91666666666663,-0.8304337493894105
184.0,-0.8217198225567272
184.08333333333326,-0.7620633311859298
184.16666666666663,-0.6529008577093462
184.25,-0.49917892822657456
184.33333333333326,-0.30912206538318665
184.41666666666663,-0.09374355852182835
184.5,0.1338692995991353
184.58333333333326,0.35944467576727507
184.66666666666663,0.5685243315175802
184.75,0.7474944598774085
184.83333333333326,0.8845694794741705
184.91666666666663,0.9706518309999808
185.0,1.0
185.08333333333326,0.9706518310000661
185.16666666666663,0.8845694794743982
185.25,0.747494459877443
185.33333333333326,0.5685243315178691
185.41666666666663,0.35944467576771877
185.5,0.13386929959918453
185.58333333333326,-0.09374355852141526
185.66666666666663,-0.3091220653828816
185.75,-0.4991789282265369
185.83333333333326,-0.6529008577090992
185.91666666666663,-0.7620633311857973
186.0,-0.8217198225566971
186.08333333333326,-0.8304337493894256
186.16666666666663,-0.7902426878433653
186.25,-0.7063660812511197
186.33333333333326,-0.5866878790357537
186.41666666666663,-0.4410626108784371
186.5,-0.2805059557725006
186.58333333333326,-0.11633795839161683
186.66666666666663,0.040651774282830934
186.75,0.18095221798847894
186.83333333333326,0.29693764465110617
186.91666666666663,0.3832922566037784
187.0,0.43722907003274974
187.08333333333326,0.4584976241859759
187.16666666666663,0.44919297325700325
187.25,0.4133943799820935
187.33333333333326,0.3566748501412672
187.41666666666663,0.28553114183209166
187.5,0.2067875881718977
187.58333333333326,0.12702587942515267
187.66666666666663,0.052087204008944864
187.75,-0.013316405736331782
187.83333333333326,-0.06585697165926645
187.91666666666663,-0.10370092232278029
188.0,-0.12647798627897877
188.08333333333326,-0.1351244001022104
188.16666666666663,-0.13162657609031295
188.25,-0.11869857474195972
188.33333333333326,-0.09943024876352753
188.41666666666663,-0.07694264201790212
188.5,-0.054083390341240344
188.58333333333326,-0.0331880714037491
188.66666666666663,-0.015924543409899485
188.75,-0.0032273224752408063
188.83333333333326,0.004680939585882521
188.91666666666663,0.008192770176800665
189.0,0.008162923248458288
189.08333333333326,0.005722602587820452
189.16666666666663,0.002085928463480197
189.25,-0.001627556715581891
189.33333333333326,-0.004534419250691142
189.41666666666663,-0.006078881907223286
189.5,-0.006067541657312987
189.58333333333326,-0.004647973904354895
189.66666666666663,-0.0022390041080575037
189.75,0.000573811298791195
189.83333333333326,0.003160127870320373
189.91666666666663,0.004965318445814087
190.0,0.005611631108960767
190.08333333333326,0.004965318445822951
190.16666666666663,0.003160127870326801
190.25,0.0005738112988228948
190.33333333333326,-0.0022390041080298734
190.41666666666663,-0.004647973904343111
190.5,-0.006067541657282953
190.58333333333326,-0.006078881907183655
190.66666666666663,-0.004534419250669667
190.75,-0.0016275567155707457
190.83333333333326,0.0020859284635025396
190.91666666666663,0.005722602587828021
191.0,0.008162923248462227
191.08333333333326,0.008192770176805355
191.16666666666663,0.004680939585884575
191.25,-0.0032273224752361867
191.33333333333326,-0.01592454340989499
191.41666666666663,-0.03318807140374848
191.5,-0.05408339034124218
191.58333333333326,-0.07694264201788739
191.66666666666663,-0.09943024876351106
191.75,-0.11869857474198896
191.83333333333326,-0.13162657609031692
191.91666666666663,-0.1351244001022193
192.0,-0.12647798627900572
192.08333333333326,-0.10370092232284563
192.16666666666663,-0.06585697165932528
192.25,-0.013316405736382169
192.33333333333326,0.05208720400884666
192.41666666666663,0.1270258794250153
192.5,0.2067875881718979
192.58333333333326,0.2855311418319999
192.66666666666663,0.3566748501411618
192.75,0.41339437998211026
192.83333333333326,0.44919297325699115
192.91666666666663,0.45849762418600726
193.0,0.4372290700327785
193.08333333333326,0.3832922566039417
193.16666666666663,0.2969376446512718
193.25,0.18095221798855624
193.33333333333326,0.040651774283060146
193.41666666666663,-0.11633795839129787
193.5,-0.28050595577247767
193.58333333333326,-0.44106261087821186
193.66666666666663,-0.5866878790355041
193.75,-0.7063660812511158
193.83333333333326,-0.7902426878432556
193.91666666666663,-0.8304337493894143
194.0,-0.8217198225567327
194.08333333333326,-0.7620633311859208
194.16666666666663,-0.652900857709355
194.25,-0.49917892822666515
194.33333333333326,-0.30912206538316095
194.41666666666663,-0.09374355852183928
194.5,0.13386929959912464
194.58333333333326,0.3594446757673042
194.66666666666663,0.5685243315176065
194.75,0.7474944598774016
194.83333333333326,0.8845694794741862
194.91666666666663,0.9706518309999886
195.0,1.0
195.08333333333326,0.9706518310000689
195.16666666666663,0.8845694794743829
195.25,0.7474944598774212
195.33333333333326,0.5685243315178775
195.41666666666663,0.3594446757676895
195.5,0.13386929959915453
195.58333333333326,-0.09374355852140433
195.66666666666663,-0.3091220653828709
195.75,-0.49917892822655796
195.83333333333326,-0.6529008577090903
195.91666666666663,-0.7620633311857901
196.0,-0.8217198225566998
196.08333333333326,-0.8304337493894302
196.16666666666663,-0.7902426878433635
196.25,-0.7063660812511198
196.33333333333326,-0.5866878790357514
196.41666666666663,-0.4410626108785009
196.5,-0.28050595577250564
196.58333333333326,-0.11633795839160806
196.66666666666663,0.04065177428284125
196.75,0.18095221798847122
196.83333333333326,0.296937644651098
196.91666666666663,0.3832922566037901
197.0,0.4372290700327343
197.08333333333326,0.4584976241859679
197.16666666666663,0.44919297325701096
197.25,0.4133943799820987
197.33333333333326,0.3566748501412615
197.41666666666663,0.28553114183208717
197.5,0.20678758817189455
197.58333333333326,0.1270258794251511
197.66666666666663,0.052087204008944996
197.75,-0.013316405736341748
197.83333333333326,-0.06585697165926274
197.91666666666663,-0.10370092232277478
198.0,-0.12647798627897164
198.08333333333326,-0.13512440010220175
198.16666666666663,-0.13162657609030312
198.25,-0.11869857474194905
198.33333333333326,-0.09943024876351654
198.41666666666663,-0.0769426420178913
198.5,-0.05408339034123036
198.58333333333326,-0.03318807140375705
198.66666666666663,-0.015924543409892668
198.75,-0.0032273224752362565
198.83333333333326,0.004680939585867117
198.91666666666663,0.008192770176799691
199.0,0.00816292324845445
199.08333333333326,0.005722602587816901
199.16666666666663,0.002085928463481752
199.25,-0.001627556715593244
199.33333333333326,-0.004534419250680398
199.41666666666663,-0.006078881907209199
199.5,-0.006067541657326595
199.58333333333326,-0.004647973904367714
199.66666666666663,-0.0022390041080417897
199.75,0.0005738112987900417
199.83333333333326,0.003160127870313893
199.91666666666663,0.004965318445819089
200.0,0.005611631108960767
200.08333333333326,0.004965318445826295
200.16666666666663,0.003160127870333229
200.25,0.0005738112988095981
200.33333333333326,-0.002239004108018546
200.41666666666663,-0.00464797390433028
200.5,-0.006067541657299062
200.58333333333326,-0.006078881907190134
200.66666666666663,-0.00453441925065694
200.75,-0.0016275567155594707
200.83333333333326,0.0020859284634942455
200.91666666666663,0.005722602587834682
201.0,0.008162923248466037
201.08333333333326,0.00819277017679815
201.16666666666663,0.004680939585878373
201.25,-0.0032273224752407364
201.33333333333326,-0.01592454340988879
201.41666666666663,-0.033188071403748895
201.5,-0.05408339034125221
201.58333333333326,-0.07694264201789817
201.66666666666663,-0.09943024876350452
201.75,-0.11869857474198035
201.83333333333326,-0.1316265760903268
201.91666666666663,-0.13512440010222015
202.0,-0.1264779862789937
202.08333333333326,-0.10370092232285104
202.16666666666663,-0.06585697165932901
202.25,-0.013316405736372113
202.33333333333326,0.052087204008854714
202.41666666666663,0.12702587942501695
202.5,0.2067875881718648
202.58333333333326,0.28553114183200023
202.66666666666663,0.35667485014116745
202.75,0.413394379982117
202.83333333333326,0.44919297325698354
202.91666666666663,0.45849762418599777
203.0,0.4372290700327869
203.08333333333326,0.38329225660392996
203.16666666666663,0.29693764465125994
203.25,0.180952217988564
203.33333333333326,0.04065177428304977
203.41666666666663,-0.11633795839130669
203.5,-0.28050595577248455
203.58333333333326,-0.44106261087822696
203.66666666666663,-0.5866878790355063
203.75,-0.7063660812511157
203.83333333333326,-0.7902426878432637
203.91666666666663,-0.8304337493894175
204.0,-0.8217198225567265
204.08333333333326,-0.7620633311859558
204.16666666666663,-0.6529008577093397
204.25,-0.49917892822665594
204.33333333333326,-0.3091220653831516
204.41666666666663,-0.09374355852181054
204.5,0.13386929959915464
204.58333333333326,0.3594446757673118
204.66666666666663,0.5685243315175258
204.75,0.7474944598774232
204.83333333333326,0.8845694794741894
204.91666666666663,0.9706518309999903
205.0,1.0
205.08333333333326,0.9706518310000711
205.16666666666663,0.8845694794743796
205.25,0.7474944598774871
205.33333333333326,0.5685243315178863
205.41666666666663,0.3594446757676819
205.5,0.13386929959914598
205.58333333333326,-0.0937435585213934
205.66666666666663,-0.3091220653828602
205.75,-0.4991789282265673
205.83333333333326,-0.6529008577090816
205.91666666666663,-0.7620633311857825
206.0,-0.8217198225567061
206.08333333333326,-0.8304337493894262
206.16666666666663,-0.7902426878433617
206.25,-0.70636608125112
206.33333333333326,-0.5866878790357533
206.41666666666663,-0.44106261087850446
206.5,-0.28050595577251064
206.58333333333326,-0.1163379583916142
206.66666666666663,0.040651774282834174
206.75,0.18095221798846342
206.83333333333326,0.2969376446510561
206.91666666666663,0.38329225660378174
207.0,0.43722907003272604
207.08333333333326,0.45849762418597745
207.16666666666663,0.4491929732570036
207.25,0.41339437998209205
207.33333333333326,0.35667485014126404
207.41666666666663,0.28553114183211853
207.5,0.20678758817189138
207.58333333333326,0.12702587942514523
207.66666666666663,0.052087204008936884
207.75,-0.013316405736339843
207.83333333333326,-0.06585697165925258
207.91666666666663,-0.10370092232278678
208.0,-0.12647798627898366
208.08333333333326,-0.13512440010219642
208.16666666666663,-0.13162657609031334
208.25,-0.11869857474195765
208.33333333333326,-0.09943024876352308
208.41666666666663,-0.07694264201790182
208.5,-0.05408339034123215
208.58333333333326,-0.033188071403773244
208.66666666666663,-0.01592454340990994
208.75,-0.0032273224752317063
208.83333333333326,0.004680939585873157
208.91666666666663,0.00819277017678729
209.0,0.00816292324844613
209.08333333333326,0.005722602587825143
209.16666666666663,0.0020859284634832296
209.25,-0.00162755671558679
209.33333333333326,-0.004534419250673141
209.41666666666663,-0.006078881907202732
209.5,-0.006067541657310486
209.58333333333326,-0.00464797390435108
209.66666666666663,-0.002239004108038135
209.75,0.0005738112988032736
209.83333333333326,0.0031601278703074906
209.91666666666663,0.00496531844581997
210.0,0.005611631108960767
210.08333333333326,0.004965318445829665
210.16666666666663,0.0031601278703259975
210.25,0.0005738112988069672
210.33333333333326,-0.0022390041080072127
210.41666666666663,-0.004647973904317397
210.5,-0.006067541657304634
210.58333333333326,-0.006078881907176565
210.66666666666663,-0.004534419250644136
210.75,-0.0016275567155481436
210.83333333333326,0.002085928463503499
210.91666666666663,0.005722602587841369
211.0,0.008162923248469926
211.08333333333326,0.008192770176799122
211.16666666666663,0.004680939585876533
211.25,-0.0032273224752452866
211.33333333333326,-0.01592454340989563
211.41666666666663,-0.03318807140375762
211.5,-0.054083390341262194
211.58333333333326,-0.07694264201789396
211.66666666666663,-0.09943024876351551
211.75,-0.11869857474199105
211.83333333333326,-0.13162657609031653
211.91666666666663,-0.13512440010222884
212.0,-0.1264779862790009
212.08333333333326,-0.10370092232283912
212.16666666666663,-0.06585697165931763
212.25,-0.013316405736373965
212.33333333333326,0.05208720400882553
212.41666666666663,0.12702587942502286
212.5,0.20678758817186796
212.58333333333326,0.28553114183199907
212.66666666666663,0.3566748501411649
212.75,0.41339437998211176
212.83333333333326,0.4491929732569866
212.91666666666663,0.458497624186
213.0,0.4372290700327759
213.08333333333326,0.3832922566039288
213.16666666666663,0.2969376446512559
213.25,0.18095221798855254
213.33333333333326,0.04065177428303938
213.41666666666663,-0.11633795839131962
213.5,-0.2805059557724992
213.58333333333326,-0.4410626108782315
213.66666666666663,-0.5866878790355208
213.75,-0.7063660812511277
213.83333333333326,-0.7902426878432612
213.91666666666663,-0.8304337493894131
214.0,-0.8217198225567237
214.08333333333326,-0.762063331185948
214.16666666666663,-0.6529008577093312
214.25,-0.4991789282266349
214.33333333333326,-0.30912206538318227
214.41666666666663,-0.09374355852180137
214.5,0.1338692995991632
214.58333333333326,0.3594446757672845
214.66666666666663,0.5685243315175321
214.75,0.7474944598774282
214.83333333333326,0.8845694794741765
214.91666666666663,0.9706518309999836
215.0,1.0
215.08333333333326,0.9706518310000952
215.16666666666663,0.8845694794743925
215.25,0.7474944598774821
215.33333333333326,0.5685243315178797
215.41666666666663,0.35944467576770917
215.5,0.13386929959917584
215.58333333333326,-0.09374355852140254
215.66666666666663,-0.3091220653828695
215.75,-0.4991789282265381
215.83333333333326,-0.65290085770909
215.91666666666663,-0.7620633311857903
216.0,-0.8217198225566885
216.08333333333326,-0.8304337493894307
216.16666666666663,-0.7902426878433639
216.25,-0.70636608125112
216.33333333333326,-0.5866878790357509
216.41666666666663,-0.4410626108784998
216.5,-0.2805059557725037
216.58333333333326,-0.11633795839160539
216.66666666666663,0.04065177428284454
216.75,0.1809522179884748
216.83333333333326,0.296937644651068
216.91666666666663,0.38329225660379346
217.0,0.4372290700327369
217.08333333333326,0.45849762418597484
217.16666666666663,0.44919297325701113
217.25,0.41339437998209727
217.33333333333326,0.3566748501412632
217.41666666666663,0.28553114183211814
217.5,0.20678758817188828
217.58333333333326,0.12702587942515134
217.66666666666663,0.052087204008945044
217.75,-0.0133164057363499
217.83333333333326,-0.06585697165923395
217.91666666666663,-0.10370092232277715
218.0,-0.1264779862789773
218.08333333333326,-0.1351244001022079
218.16666666666663,-0.1316265760903116
218.25,-0.11869857474195995
218.33333333333326,-0.09943024876352961
218.41666666666663,-0.07694264201790608
218.5,-0.05408339034124602
218.58333333333326,-0.0331880714037727
218.66666666666663,-0.015924543409907312
218.75,-0.003227322475248752
218.83333333333326,0.0046809395858709085
218.91666666666663,0.00819277017679456
219.0,0.008162923248454088
219.08333333333326,0.0057226025878034745
219.16666666666663,0.002085928463491498
219.25,-0.0016275567155788844
219.33333333333326,-0.004534419250705981
219.41666666666663,-0.006078881907236337
219.5,-0.006067541657304913
219.58333333333326,-0.004647973904381393
219.66666666666663,-0.0022390041080643983
219.75,0.0005738112988059563
219.83333333333326,0.0031601278703092535
219.91666666666663,0.004965318445812402
220.0,0.005611631108960767
220.08333333333326,0.004965318445828731
220.16666666666663,0.0031601278703405904
220.25,0.0005738112988279881
220.33333333333326,-0.002239004108010887
220.41666666666663,-0.004647973904322022
220.5,-0.006067541657271846
220.58333333333326,-0.006078881907183071
220.66666666666663,-0.004534419250651419
220.75,-0.0016275567155496211
220.83333333333326,0.0020859284634952044
220.91666666666663,0.005722602587833101
221.0,0.008162923248461967
221.08333333333326,0.00819277017679185
221.16666666666663,0.004680939585870384
221.25,-0.0032273224752498364
221.33333333333326,-0.015924543409898254
221.41666666666663,-0.033188071403758124
221.5,-0.054083390341260376
221.58333333333326,-0.07694264201788342
221.66666666666663,-0.09943024876350898
221.75,-0.11869857474198245
221.83333333333326,-0.13162657609031833
221.91666666666663,-0.13512440010221746
222.0,-0.12647798627898885
222.08333333333326,-0.10370092232284867
222.16666666666663,-0.06585697165932786
222.25,-0.013316405736363935
222.33333333333326,0.05208720400881737
222.41666666666663,0.12702587942501675
222.5,0.20678758817187112
222.58333333333326,0.2855311418319994
222.66666666666663,0.3566748501411659
222.75,0.41339437998211415
222.83333333333326,0.44919297325697893
222.91666666666663,0.4584976241860025
223.0,0.437229070032777
223.08333333333326,0.38329225660391714
223.16666666666663,0.296937644651244
223.25,0.1809522179885453
223.33333333333326,0.040651774283064004
223.41666666666663,-0.11633795839132849
223.5,-0.28050595577243165
223.58333333333326,-0.4410626108782198
223.66666666666663,-0.586687879035523
223.75,-0.7063660812511275
223.83333333333326,-0.7902426878432673
223.91666666666663,-0.8304337493894249
224.0,-0.8217198225567176
224.08333333333326,-0.7620633311859705
224.16666666666663,-0.6529008577093575
224.25,-0.4991789282266257
224.33333333333326,-0.30912206538317294
224.41666666666663,-0.09374355852183242
224.5,0.13386929959913332
224.58333333333326,0.35944467576729205
224.66666666666663,0.5685243315175086
224.75,0.7474944598774095
224.83333333333326,0.88456947947418
224.91666666666663,0.9706518309999855
225.0,1.0
225.08333333333326,0.9706518310000936
225.16666666666663,0.8845694794743891
225.25,0.7474944598775007
225.33333333333326,0.5685243315178733
225.41666666666663,0.3594446757677016
225.5,0.13386929959916732
225.58333333333326,-0.09374355852141164
225.66666666666663,-0.30912206538278525
225.75,-0.4991789282265473
225.83333333333326,-0.6529008577090988
225.91666666666663,-0.7620633311857979
226.0,-0.8217198225566946
226.08333333333326,-0.8304337493894276
226.16666666666663,-0.7902426878433664
226.25,-0.7063660812511625
226.33333333333326,-0.5866878790357367
226.41666666666663,-0.44106261087849513
226.5,-0.2805059557724968
226.58333333333326,-0.11633795839159246
226.66666666666663,0.04065177428285491
226.75,0.18095221798848626
226.83333333333326,0.296937644651072
226.91666666666663,0.3832922566037947
227.0,0.43722907003274786
227.08333333333326,0.45849762418598444
227.16666666666663,0.44919297325700813
227.25,0.4133943799820949
227.33333333333326,0.3566748501412657
227.41666666666663,0.2855311418321193
227.5,0.2067875881718919
227.58333333333326,0.12702587942514554
227.66666666666663,0.05208720400893693
227.75,-0.013316405736340296
227.83333333333326,-0.06585697165924527
227.91666666666663,-0.10370092232278912
228.0,-0.1264779862789693
228.08333333333326,-0.13512440010217916
228.16666666666663,-0.13162657609032183
228.25,-0.11869857474196849
228.33333333333326,-0.09943024876350115
228.41666666666663,-0.07694264201791551
228.5,-0.054083390341247886
228.58333333333326,-0.03318807140375583
228.66666666666663,-0.015924543409896273
228.75,-0.003227322475244151
228.83333333333326,0.004680939585877006
228.91666666666663,0.008192770176785383
229.0,0.008162923248454659
229.08333333333326,0.005722602587811769
229.16666666666663,0.0020859284634648784
229.25,-0.001627556715609366
229.33333333333326,-0.0045344192506986975
229.41666666666663,-0.006078881907229857
229.5,-0.006067541657337656
229.58333333333326,-0.004647973904376768
229.66666666666663,-0.002239004108060828
229.75,0.0005738112987849613
229.83333333333326,0.003160127870311042
229.91666666666663,0.004965318445813335
230.0,0.005611631108960767
230.08333333333326,0.00496531844582785
230.16666666666663,0.0031601278703388275
230.25,0.0005738112988252147
230.33333333333326,-0.0022390041080145415
230.41666666666663,-0.004647973904326623
230.5,-0.006067541657277444
230.58333333333326,-0.006078881907183357
230.66666666666663,-0.004534419250658703
230.75,-0.0016275567155575267
230.83333333333326,0.0020859284634937533
230.91666666666663,0.00572260258782478
231.0,0.00816292324845396
231.08333333333326,0.008192770176804266
231.16666666666663,0.004680939585872755
231.25,-0.0032273224752543345
231.33333333333326,-0.01592454340988096
231.41666666666663,-0.03318807140374195
231.5,-0.05408339034125848
231.58333333333326,-0.07694264201787923
231.66666666666663,-0.09943024876350244
231.75,-0.11869857474197561
231.83333333333326,-0.13162657609030803
231.91666666666663,-0.13512440010222268
232.0,-0.1264779862789968
232.08333333333326,-0.1037009223228367
232.16666666666663,-0.06585697165931652
232.25,-0.013316405736373617
232.33333333333326,0.0520872040088255
232.41666666666663,0.12702587942502253
232.5,0.20678758817186754
232.58333333333326,0.2855311418320081
232.66666666666663,0.35667485014116335
232.75,0.413394379982109
232.83333333333326,0.44919297325700147
232.91666666666663,0.45849762418599294
233.0,0.4372290700327661
233.08333333333326,0.38329225660394545
233.16666666666663,0.29693764465127226
233.25,0.18095221798853395
233.33333333333326,0.040651774283125795
233.41666666666663,-0.11633795839130731
233.5,-0.2805059557724385
233.58333333333326,-0.44106261087822446
233.66666666666663,-0.586687879035517
233.75,-0.7063660812511274
233.83333333333326,-0.790242687843265
233.91666666666663,-0.8304337493894183
234.0,-0.8217198225567351
234.08333333333326,-0.7620633311859629
234.16666666666663,-0.6529008577093488
234.25,-0.49917892822665483
234.33333333333326,-0.30912206538316356
234.41666666666663,-0.09374355852182328
234.5,0.133869299599039
234.58333333333326,0.3594446757672996
234.66666666666663,0.5685243315175149
234.75,0.7474944598774146
234.83333333333326,0.8845694794741834
234.91666666666663,0.9706518309999872
235.0,1.0
235.08333333333326,0.9706518310000919
235.16666666666663,0.8845694794743857
235.25,0.7474944598774959
235.33333333333326,0.568524331517847
235.41666666666663,0.359444675767694
235.5,0.13386929959915883
235.58333333333326,-0.09374355852144044
235.66666666666663,-0.30912206538279463
235.75,-0.4991789282265565
235.83333333333326,-0.6529008577091141
235.91666666666663,-0.7620633311858069
236.0,-0.821719822556701
236.08333333333326,-0.8304337493894344
236.16666666666663,-0.790242687843358
236.25,-0.7063660812511626
236.33333333333326,-0.5866878790357343
236.41666666666663,-0.44106261087848
236.5,-0.2805059557724822
236.58333333333326,-0.11633795839158362
236.66666666666663,0.04065177428279307
236.75,0.18095221798849356
236.83333333333326,0.29693764465108385
236.91666666666663,0.38329225660380645
237.0,0.4372290700327468
237.08333333333326,0.458497624185959
237.16666666666663,0.4491929732570157
237.25,0.4133943799821143
237.33333333333326,0.3566748501412517
237.41666666666663,0.28553114183211903
237.5,0.20678758817188875
237.58333333333326,0.12702587942514815
237.66666666666663,0.052087204008945204
237.75,-0.013316405736350314
237.83333333333326,-0.06585697165922652
237.91666666666663,-0.1037009223227662
238.0,-0.12647798627898132
238.08333333333326,-0.1351244001021906
238.16666666666663,-0.13162657609029185
238.25,-0.11869857474193872
238.33333333333326,-0.09943024876350769
238.41666666666663,-0.0769426420178898
238.5,-0.05408339034122601
238.58333333333326,-0.033188071403755376
238.66666666666663,-0.015924543409893646
238.75,-0.0032273224752396522
238.83333333333326,0.004680939585874732
238.91666666666663,0.008192770176792603
239.0,0.008162923248438925
239.08333333333326,0.005722602587820089
239.16666666666663,0.002085928463473095
239.25,-0.0016275567156014865
239.33333333333326,-0.0045344192506914
239.41666666666663,-0.006078881907229532
239.5,-0.006067541657332084
239.58333333333326,-0.004647973904372156
239.66666666666663,-0.002239004108057121
239.75,0.0005738112987876182
239.83333333333326,0.0031601278703205543
239.91666666666663,0.004965318445814216
240.0,0.005611631108960767
240.08333333333326,0.004965318445822873
240.16666666666663,0.0031601278703370394
240.25,0.000573811298822532
240.33333333333326,-0.002239004108030178
240.41666666666663,-0.004647973904343318
240.5,-0.006067541657283037
240.58333333333326,-0.006078881907197444
240.66666666666663,-0.004534419250669447
240.75,-0.0016275567155653802
240.83333333333326,0.0020859284634854847
240.91666666666663,0.005722602587828331
241.0,0.008162923248462331
241.08333333333326,0.008192770176797048
241.16666666666663,0.004680939585888106
241.25,-0.0032273224752372887
241.33333333333326,-0.015924543409883578
241.41666666666663,-0.03318807140374247
241.5,-0.054083390341244694
241.58333333333326,-0.07694264201786968
241.66666666666663,-0.09943024876349596
241.75,-0.11869857474197336
241.83333333333326,-0.13162657609033798
241.91666666666663,-0.13512440010221127
242.0,-0.12647798627898482
242.08333333333326,-0.10370092232285971
242.16666666666663,-0.06585697165933528
242.25,-0.013316405736363637
242.33333333333326,0.052087204008817285
242.41666666666663,0.12702587942501997
242.5,0.2067875881718707
242.58333333333326,0.2855311418320084
242.66666666666663,0.3566748501411773
242.75,0.4133943799821274
242.83333333333326,0.4491929732569937
242.91666666666663,0.45849762418601847
243.0,0.43722907003279354
243.08333333333326,0.38329225660393373
243.16666666666663,0.2969376446512603
243.25,0.18095221798856095
243.33333333333326,0.04065177428311543
243.41666666666663,-0.11633795839131612
243.5,-0.28050595577242154
243.58333333333326,-0.4410626108782291
243.66666666666663,-0.5866878790355192
243.75,-0.7063660812511273
243.83333333333326,-0.7902426878432626
243.91666666666663,-0.8304337493894138
244.0,-0.8217198225567289
244.08333333333326,-0.7620633311859553
244.16666666666663,-0.6529008577093403
244.25,-0.49917892822664567
244.33333333333326,-0.30912206538324793
244.41666666666663,-0.09374355852181415
244.5,0.13386929959904753
244.58333333333326,0.3594446757673073
244.66666666666663,0.5685243315175214
244.75,0.7474944598774195
244.83333333333326,0.8845694794741868
244.91666666666663,0.9706518309999631
245.0,1.0
245.08333333333326,0.97065183100009
245.16666666666663,0.8845694794743822
245.25,0.7474944598774906
245.33333333333326,0.5685243315178404
245.41666666666663,0.3594446757676864
245.5,0.13386929959915025
245.58333333333326,-0.09374355852144951
245.66666666666663,-0.30912206538280396
245.75,-0.49917892822656573
245.83333333333326,-0.6529008577091228
245.91666666666663,-0.7620633311858144
246.0,-0.8217198225567072
246.08333333333326,-0.8304337493894387
246.16666666666663,-0.7902426878433606
246.25,-0.7063660812511627
246.33333333333326,-0.5866878790357404
246.41666666666663,-0.4410626108784753
246.5,-0.2805059557724754
246.58333333333326,-0.11633795839160477
246.66666666666663,0.04065177428280338
246.75,0.18095221798850492
246.83333333333326,0.2969376446510556
246.91666666666663,0.383292256603778
247.0,0.4372290700327577
247.08333333333326,0.45849762418595674
247.16666666666663,0.44919297325699326
247.25,0.4133943799821196
247.33333333333326,0.3566748501412543
247.41666666666663,0.2855311418321102
247.5,0.20678758817188558
247.58333333333326,0.12702587942514235
247.66666666666663,0.05208720400893704
247.75,-0.013316405736336589
247.83333333333326,-0.06585697165923786
247.91666666666663,-0.10370092232277821
248.0,-0.12647798627895496
248.08333333333326,-0.13512440010220195
248.16666666666663,-0.1316265760903021
248.25,-0.11869857474194723
248.33333333333326,-0.09943024876351417
248.41666666666663,-0.07694264201789405
248.5,-0.054083390341227874
248.58333333333326,-0.03318807140375491
248.66666666666663,-0.01592454340989097
248.75,-0.003227322475235051
248.83333333333326,0.004680939585880829
248.91666666666663,0.008192770176799822
249.0,0.008162923248446856
249.08333333333326,0.005722602587828357
249.16666666666663,0.0020859284634813634
249.25,-0.001627556715593581
249.33333333333326,-0.004534419250684117
249.41666666666663,-0.006078881907223078
249.5,-0.006067541657326517
249.58333333333326,-0.004647973904367529
249.66666666666663,-0.002239004108053499
249.75,0.0005738112987903138
249.83333333333326,0.003160127870311845
249.91666666666663,0.004965318445815071
250.0,0.005611631108960767
250.08333333333326,0.004965318445821966
250.16666666666663,0.0031601278703352765
250.25,0.0005738112988198622
250.33333333333326,-0.002239004108033852
250.41666666666663,-0.004647973904347944
250.5,-0.006067541657288623
250.58333333333326,-0.0060788819072039495
250.66666666666663,-0.004534419250676717
250.75,-0.0016275567155732858
250.83333333333326,0.002085928463512182
250.91666666666663,0.005722602587820115
251.0,0.008162923248454348
251.08333333333326,0.008192770176806146
251.16666666666663,0.004680939585882008
251.25,-0.0032273224752418905
251.33333333333326,-0.015924543409894677
251.41666666666663,-0.0331880714037593
251.5,-0.054083390341242855
251.58333333333326,-0.07694264201789548
251.66666666666663,-0.09943024876352438
251.75,-0.1186985747419648
251.83333333333326,-0.13162657609032777
251.91666666666663,-0.13512440010223997
252.0,-0.12647798627901116
252.08333333333326,-0.10370092232284765
252.16666666666663,-0.0658569716593539
252.25,-0.01331640573637731
252.33333333333326,0.052087204008825404
252.41666666666663,0.12702587942502575
252.5,0.20678758817187387
252.58333333333326,0.28553114183200873
252.66666666666663,0.3566748501411748
252.75,0.413394379982108
252.83333333333326,0.44919297325698626
252.91666666666663,0.45849762418600887
253.0,0.43722907003278266
253.08333333333326,0.383292256603922
253.16666666666663,0.2969376446512485
253.25,0.1809522179885495
253.33333333333326,0.04065177428310509
253.41666666666663,-0.11633795839132494
253.5,-0.28050595577242843
253.58333333333326,-0.44106261087823384
253.66666666666663,-0.5866878790355217
253.75,-0.7063660812511272
253.83333333333326,-0.7902426878432602
253.91666666666663,-0.8304337493894093
254.0,-0.8217198225567227
254.08333333333326,-0.7620633311859476
254.16666666666663,-0.6529008577093316
254.25,-0.49917892822663656
254.33333333333326,-0.30912206538323855
254.41666666666663,-0.09374355852180505
254.5,0.13386929959905602
254.58333333333326,0.35944467576733646
254.66666666666663,0.5685243315175278
254.75,0.7474944598774245
254.83333333333326,0.8845694794742022
254.91666666666663,0.9706518309999648
255.0,1.0
255.08333333333326,0.9706518310000821
255.16666666666663,0.8845694794743668
255.25,0.7474944598774859
255.33333333333326,0.5685243315178642
255.41666666666663,0.3594446757676572
255.5,0.13386929959924457
255.58333333333326,-0.09374355852141852
255.66666666666663,-0.30912206538282966
255.75,-0.49917892822658666
255.83333333333326,-0.6529008577090963
255.91666666666663,-0.7620633311857922
256.0,-0.82171982255671
256.08333333333326,-0.8304337493894267
256.16666666666663,-0.7902426878433545
256.25,-0.7063660812511507
256.33333333333326,-0.5866878790357383
256.41666666666663,-0.44106261087848697
256.5,-0.2805059557724921
256.58333333333326,-0.11633795839159596
256.66666666666663,0.040651774282778885
256.75,0.1809522179884779
256.83333333333326,0.2969376446510675
256.91666666666663,0.3832922566037897
257.0,0.43722907003273026
257.08333333333326,0.4584976241859663
257.16666666666663,0.44919297325700086
257.25,0.4133943799821011
257.33333333333326,0.35667485014125666
257.41666666666663,0.2855311418321099
257.5,0.20678758817188242
257.58333333333326,0.1270258794251365
257.66666666666663,0.05208720400896622
257.75,-0.013316405736346607
257.83333333333326,-0.06585697165924913
257.91666666666663,-0.10370092232279023
258.0,-0.126477986278967
258.08333333333326,-0.1351244001022134
258.16666666666663,-0.1316265760903124
258.25,-0.11869857474195407
258.33333333333326,-0.09943024876352069
258.41666666666663,-0.07694264201789823
258.5,-0.05408339034122971
258.58333333333326,-0.03318807140375442
258.66666666666663,-0.015924543409888327
258.75,-0.0032273224752305007
258.83333333333326,0.004680939585886869
258.91666666666663,0.008192770176807092
259.0,0.008162923248454865
259.08333333333326,0.0057226025878248064
259.16666666666663,0.002085928463489632
259.25,-0.0016275567155857014
259.33333333333326,-0.004534419250673399
259.41666666666663,-0.006078881907216572
259.5,-0.006067541657320938
259.58333333333326,-0.0046479739043508595
259.66666666666663,-0.002239004108037863
259.75,0.0005738112987930613
259.83333333333326,0.003160127870321358
259.91666666666663,0.0049653184458201
260.0,0.005611631108960767
260.08333333333326,0.004965318445829431
260.16666666666663,0.0031601278703256605
260.25,0.0005738112988065784
260.33333333333326,-0.0022390041080075627
260.41666666666663,-0.004647973904347148
260.5,-0.0060675416573047255
260.58333333333326,-0.006078881907170319
260.66666666666663,-0.004534419250643877
260.75,-0.001627556715579662
260.83333333333326,0.0020859284635039135
260.91666666666663,0.005722602587841809
261.0,0.008162923248453777
261.08333333333326,0.00819277017679894
261.16666666666663,0.004680939585884257
261.25,-0.0032273224752463886
261.33333333333326,-0.015924543409897303
261.41666666666663,-0.03318807140375982
261.5,-0.054083390341264734
261.58333333333326,-0.07694264201789118
261.66666666666663,-0.0994302487635179
261.75,-0.11869857474199455
261.83333333333326,-0.13162657609031753
261.91666666666663,-0.13512440010222856
262.0,-0.1264779862789991
262.08333333333326,-0.10370092232283563
262.16666666666663,-0.06585697165934262
262.25,-0.013316405736367304
262.33333333333326,0.052087204008833515
262.41666666666663,0.1270258794250316
262.5,0.20678758817187703
262.58333333333326,0.2855311418319774
262.66666666666663,0.3566748501411723
262.75,0.4133943799821028
262.83333333333326,0.44919297325697866
262.91666666666663,0.4584976241859994
263.0,0.4372290700327717
263.08333333333326,0.3832922566039103
263.16666666666663,0.29693764465129047
263.25,0.1809522179885381
263.33333333333326,0.04065177428309472
263.41666666666663,-0.11633795839133369
263.5,-0.2805059557724353
263.58333333333326,-0.44106261087824905
263.66666666666663,-0.5866878790355237
263.75,-0.7063660812510847
263.83333333333326,-0.7902426878432685
263.91666666666663,-0.8304337493894048
264.0,-0.8217198225567165
264.08333333333326,-0.7620633311859386
264.16666666666663,-0.6529008577093163
264.25,-0.49917892822662735
264.33333333333326,-0.30912206538321285
264.41666666666663,-0.09374355852177627
264.5,0.13386929959906452
264.58333333333326,0.3594446757673091
264.66666666666663,0.5685243315175542
264.75,0.7474944598774461
264.83333333333326,0.8845694794741893
264.91666666666663,0.9706518309999729
265.0,1.0
265.08333333333326,0.9706518310000888
265.16666666666663,0.8845694794743799
265.25,0.747494459877464
265.33333333333326,0.5685243315179448
265.41666666666663,0.3594446757676845
265.5,0.13386929959921456
265.58333333333326,-0.09374355852142768
265.66666666666663,-0.3091220653827989
265.75,-0.49917892822655757
265.83333333333326,-0.652900857709105
265.91666666666663,-0.7620633311857572
266.0,-0.8217198225566923
266.08333333333326,-0.8304337493894313
266.16666666666663,-0.7902426878433568
266.25,-0.7063660812511507
266.33333333333326,-0.5866878790357359
266.41666666666663,-0.44106261087848236
266.5,-0.2805059557725598
266.58333333333326,-0.11633795839158714
266.66666666666663,0.0406517742827892
266.75,0.18095221798848932
266.83333333333326,0.29693764465107936
266.91666666666663,0.3832922566038014
267.0,0.43722907003274114
267.08333333333326,0.4584976241859758
267.16666666666663,0.44919297325700847
267.25,0.41339437998210626
267.33333333333326,0.3566748501412593
267.41666666666663,0.28553114183210965
267.5,0.20678758817187926
267.58333333333326,0.12702587942513066
267.66666666666663,0.052087204008958055
267.75,-0.013316405736356625
267.83333333333326,-0.06585697165926047
267.91666666666663,-0.10370092232280219
268.0,-0.12647798627897905
268.08333333333326,-0.13512440010221247
268.16666666666663,-0.13162657609032255
268.25,-0.11869857474196267
268.33333333333326,-0.09943024876352723
268.41666666666663,-0.07694264201790248
268.5,-0.0540833903412315
268.58333333333326,-0.03318807140377058
268.66666666666663,-0.015924543409894555
268.75,-0.003227322475226003
268.83333333333326,0.004680939585871517
268.91666666666663,0.00819277017679474
269.0,0.008162923248462874
269.08333333333326,0.005722602587803112
269.16666666666663,0.002085928463491161
269.25,-0.0016275567155842757
269.33333333333326,-0.004534419250706214
269.41666666666663,-0.006078881907202498
269.5,-0.006067541657304816
269.58333333333326,-0.004647973904381161
269.66666666666663,-0.0022390041080641455
269.75,0.0005738112988062674
269.83333333333326,0.003160127870306791
269.91666666666663,0.004965318445812584
270.0,0.005611631108960767
270.08333333333326,0.004965318445828627
270.16666666666663,0.003160127870340357
270.25,0.0005738112988275863
270.33333333333326,-0.0022390041080111657
270.41666666666663,-0.00464797390431682
270.5,-0.0060675416572719435
270.58333333333326,-0.006078881907176773
270.66666666666663,-0.00453441925065116
270.75,-0.0016275567155492323
270.83333333333326,0.0020859284635023584
270.91666666666663,0.0057226025878334115
271.0,0.008162923248469511
271.08333333333326,0.008192770176791618
271.16666666666663,0.004680939585878218
271.25,-0.0032273224752509904
271.33333333333326,-0.0159245434099
271.41666666666663,-0.03318807140375184
271.5,-0.05408339034126287
271.58333333333326,-0.07694264201788703
271.66666666666663,-0.09943024876351136
271.75,-0.11869857474198608
271.83333333333326,-0.13162657609030728
271.91666666666663,-0.13512440010223384
272.0,-0.1264779862790071
272.08333333333326,-0.10370092232282367
272.16666666666663,-0.06585697165935274
272.25,-0.01331640573637696
272.33333333333326,0.0520872040088417
272.41666666666663,0.12702587942503743
272.5,0.2067875881718734
272.58333333333326,0.2855311418319777
272.66666666666663,0.3566748501411698
272.75,0.4133943799821052
272.83333333333326,0.44919297325701163
272.91666666666663,0.4584976241859898
273.0,0.4372290700327608
273.08333333333326,0.3832922566039493
273.16666666666663,0.2969376446512786
273.25,0.1809522179885267
273.33333333333326,0.040651774283119266
273.41666666666663,-0.11633795839131675
273.5,-0.28050595577244225
273.58333333333326,-0.44106261087816884
273.66666666666663,-0.5866878790355298
273.75,-0.7063660812510847
273.83333333333326,-0.7902426878432638
273.91666666666663,-0.8304337493894245
274.0,-0.8217198225567375
274.08333333333326,-0.7620633311859624
274.16666666666663,-0.6529008577094058
274.25,-0.49917892822664456
274.33333333333326,-0.3091220653832599
274.41666666666663,-0.0937435585218269
274.5,0.13386929959905622
274.58333333333326,0.35944467576731676
274.66666666666663,0.5685243315175106
274.75,0.7474944598774107
274.83333333333326,0.8845694794741926
274.91666666666663,0.9706518309999598
275.0,1.0
275.08333333333326,0.9706518310000869
275.16666666666663,0.8845694794743765
275.25,0.7474944598774994
275.33333333333326,0.5685243315179385
275.41666666666663,0.3594446757676769
275.5,0.13386929959926586
275.58333333333326,-0.09374355852145644
275.66666666666663,-0.3091220653828083
275.75,-0.4991789282265668
275.83333333333326,-0.6529008577091203
275.91666666666663,-0.7620633311857649
276.0,-0.8217198225566986
276.08333333333326,-0.830433749389428
276.16666666666663,-0.7902426878433486
276.25,-0.706366081251151
276.33333333333326,-0.5866878790357791
276.41666666666663,-0.44106261087846715
276.5,-0.28050595577255294
276.58333333333326,-0.11633795839157825
276.66666666666663,0.04065177428279952
276.75,0.18095221798849656
276.83333333333326,0.29693764465109124
276.91666666666663,0.3832922566037619
277.0,0.43722907003274003
277.08333333333326,0.4584976241859853
277.16666666666663,0.44919297325701607
277.25,0.4133943799821038
277.33333333333326,0.35667485014124195
277.41666666666663,0.28553114183210926
277.5,0.2067875881718761
277.58333333333326,0.12702587942514512
277.66666666666663,0.05208720400894997
277.75,-0.013316405736366579
277.83333333333326,-0.06585697165922033
277.91666666666663,-0.10370092232275757
278.0,-0.12647798627899104
278.08333333333326,-0.1351244001021671
278.16666666666663,-0.13162657609028075
278.25,-0.11869857474197121
278.33333333333326,-0.09943024876349876
278.41666666666663,-0.07694264201788296
278.5,-0.05408339034122165
278.58333333333326,-0.03318807140373701
278.66666666666663,-0.0159245434099034
278.75,-0.003227322475243049
278.83333333333326,0.004680939585890717
278.91666666666663,0.008192770176805187
279.0,0.008162923248430813
279.08333333333326,0.0057226025878162785
279.16666666666663,0.0020859284634712027
279.25,-0.001627556715616209
279.33333333333326,-0.004534419250698956
279.41666666666663,-0.006078881907243697
279.5,-0.006067541657348114
279.58333333333326,-0.004647973904376561
279.66666666666663,-0.0022390041080604713
279.75,0.0005738112987746972
279.83333333333326,0.0031601278703085535
279.91666666666663,0.004965318445813465
280.0,0.005611631108960767
280.08333333333326,0.004965318445823496
280.16666666666663,0.0031601278703385686
280.25,0.0005738112988249555
280.33333333333326,-0.0022390041080268537
280.41666666666663,-0.004647973904321433
280.5,-0.0060675416572775415
280.58333333333326,-0.006078881907190886
280.66666666666663,-0.004534419250661904
280.75,-0.0016275567155571119
280.83333333333326,0.002085928463500829
280.91666666666663,0.005722602587837041
281.0,0.008162923248461502
281.08333333333326,0.008192770176784452
281.16666666666663,0.004680939585893517
281.25,-0.0032273224752339446
281.33333333333326,-0.015924543409902597
281.41666666666663,-0.033188071403735635
281.5,-0.05408339034124905
281.58333333333326,-0.07694264201788278
281.66666666666663,-0.09943024876350488
281.75,-0.11869857474198378
281.83333333333326,-0.1316265760903037
281.91666666666663,-0.13512440010220578
282.0,-0.12647798627901347
282.08333333333326,-0.10370092232286826
282.16666666666663,-0.06585697165932002
282.25,-0.013316405736347256
282.33333333333326,0.052087204008817105
282.41666666666663,0.12702587942502297
282.5,0.20678758817188336
282.58333333333326,0.28553114183198497
282.66666666666663,0.3566748501411871
282.75,0.4133943799820924
282.83333333333326,0.44919297325699353
282.91666666666663,0.4584976241860273
283.0,0.4372290700328003
283.08333333333326,0.38329225660392696
283.16666666666663,0.29693764465131467
283.25,0.1809522179885578
283.33333333333326,0.040651774283108975
283.41666666666663,-0.11633795839132138
283.5,-0.2805059557724332
283.58333333333326,-0.4410626108781629
283.66666666666663,-0.5866878790355201
283.75,-0.7063660812510967
283.83333333333326,-0.7902426878432721
283.91666666666663,-0.8304337493894125
284.0,-0.8217198225567277
284.08333333333326,-0.7620633311859533
284.16666666666663,-0.6529008577094039
284.25,-0.49917892822664733
284.33333333333326,-0.3091220653832343
284.41666666666663,-0.09374355852179815
284.5,0.13386929959904328
284.58333333333326,0.35944467576734596
284.66666666666663,0.568524331517537
284.75,0.747494459877345
284.83333333333326,0.884569479474208
284.91666666666663,0.9706518309999679
285.0,1.0
285.08333333333326,0.970651831000079
285.16666666666663,0.8845694794743612
285.25,0.7474944598774778
285.33333333333326,0.5685243315179122
285.41666666666663,0.3594446757676477
285.5,0.1338692995992359
285.58333333333326,-0.0937435585214459
285.66666666666663,-0.30912206538283393
285.75,-0.4991789282265878
285.83333333333326,-0.6529008577091222
285.91666666666663,-0.7620633311857739
286.0,-0.8217198225567014
286.08333333333326,-0.83043374938944
286.16666666666663,-0.7902426878433616
286.25,-0.706366081251139
286.33333333333326,-0.5866878790357889
286.41666666666663,-0.4410626108784731
286.5,-0.28050595577253823
286.58333333333326,-0.11633795839159533
286.66666666666663,0.040651774282809916
286.75,0.18095221798851216
286.83333333333326,0.2969376446510552
286.91666666666663,0.3832922566037841
287.0,0.43722907003276296
287.08333333333326,0.4584976241859478
287.16666666666663,0.4491929732569832
287.25,0.41339437998211664
287.33333333333326,0.3566748501412479
287.41666666666663,0.28553114183210204
287.5,0.20678758817190918
287.58333333333326,0.12702587942512744
287.66666666666663,0.05208720400897454
287.75,-0.013316405736333234
287.83333333333326,-0.06585697165925311
287.91666666666663,-0.10370092232279123
288.0,-0.12647798627894466
288.08333333333326,-0.1351244001021952
288.16666666666663,-0.13162657609030287
288.25,-0.11869857474193515
288.33333333333326,-0.09943024876350524
288.41666666666663,-0.07694264201788097
288.5,-0.05408339034121155
288.58333333333326,-0.03318807140375317
288.66666666666663,-0.015924543409880837
288.75,-0.0032273224752169026
288.83333333333326,0.004680939585875373
288.91666666666663,0.008192770176792836
289.0,0.008162923248455125
289.08333333333326,0.00572260258781278
289.16666666666663,0.0020859284634727063
289.25,-0.0016275567156068518
289.33333333333326,-0.004534419250688213
289.41666666666663,-0.006078881907229636
289.5,-0.006067541657332019
289.58333333333326,-0.0046479739043599035
289.66666666666663,-0.0022390041080616054
289.75,0.000573811298787981
289.83333333333326,0.003160127870318144
289.91666666666663,0.004965318445818493
290.0,0.005611631108960767
290.08333333333326,0.004965318445826814
290.16666666666663,0.003160127870329004
290.25,0.0005738112988260052
290.33333333333326,-0.002239004108018436
290.41666666666663,-0.004647973904338103
290.5,-0.006067541657293664
290.58333333333326,-0.006078881907189772
290.66666666666663,-0.004534419250665753
290.75,-0.00162755671556354
290.83333333333326,0.0020859284634858217
290.91666666666663,0.005722602587816849
291.0,0.008162923248469874
291.08333333333326,0.008192770176813248
291.16666666666663,0.0046809395858659775
291.25,-0.003227322475260142
291.33333333333326,-0.015924543409893674
291.41666666666663,-0.033188071403752836
291.5,-0.05408339034125921
291.58333333333326,-0.07694264201790227
291.66666666666663,-0.09943024876353329
291.75,-0.11869857474196892
291.83333333333326,-0.13162657609034556
291.91666666666663,-0.13512440010225119
292.0,-0.12647798627898146
292.08333333333326,-0.10370092232283469
292.16666666666663,-0.06585697165936015
292.25,-0.013316405736380614
292.33333333333326,0.052087204008841495
292.41666666666663,0.12702587942499075
292.5,0.20678758817187967
292.58333333333326,0.28553114183198686
292.66666666666663,0.35667485014118117
292.75,0.4133943799821185
292.83333333333326,0.44919297325699653
292.91666666666663,0.4584976241860057
293.0,0.4372290700328157
293.08333333333326,0.38329225660392585
293.16666666666663,0.29693764465129496
293.25,0.18095221798854227
293.33333333333326,0.04065177428309855
293.41666666666663,-0.11633795839133437
293.5,-0.28050595577243226
293.58333333333326,-0.44106261087817805
293.66666666666663,-0.5866878790355343
293.75,-0.7063660812510845
293.83333333333326,-0.7902426878432802
293.91666666666663,-0.8304337493894156
294.0,-0.821719822556725
294.08333333333326,-0.7620633311859442
294.16666666666663,-0.6529008577093885
294.25,-0.4991789282266262
294.33333333333326,-0.30912206538320863
294.41666666666663,-0.09374355852176938
294.5,0.13386929959907323
294.58333333333326,0.3594446757672555
294.66666666666663,0.5685243315175634
294.75,0.7474944598773665
294.83333333333326,0.8845694794741994
294.91666666666663,0.970651830999976
295.0,1.0
295.08333333333326,0.9706518310000833
295.16666666666663,0.8845694794744076
295.25,0.7474944598774562
295.33333333333326,0.5685243315179256
295.41666666666663,0.35944467576766176
295.5,0.1338692995992059
295.58333333333326,-0.09374355852143457
295.66666666666663,-0.30912206538282694
295.75,-0.4991789282265165
295.83333333333326,-0.6529008577091027
295.91666666666663,-0.76206333118578
296.0,-0.8217198225567109
296.08333333333326,-0.8304337493894205
296.16666666666663,-0.7902426878433451
296.25,-0.7063660812511511
296.33333333333326,-0.586687879035783
296.41666666666663,-0.44106261087847426
296.5,-0.2805059557725392
296.58333333333326,-0.11633795839159075
296.66666666666663,0.040651774282785345
296.75,0.18095221798848105
296.83333333333326,0.29693764465107486
296.91666666666663,0.3832922566037452
297.0,0.43722907003272354
297.08333333333326,0.4584976241859695
297.16666666666663,0.4491929732570012
297.25,0.4133943799820905
297.33333333333326,0.35667485014127465
297.41666666666663,0.28553114183210015
297.5,0.2067875881719128
297.58333333333326,0.12702587942513352
297.66666666666663,0.05208720400895005
297.75,-0.013316405736362872
297.83333333333326,-0.06585697165924295
297.91666666666663,-0.10370092232277879
298.0,-0.1264779862789767
298.08333333333326,-0.13512440010218993
298.16666666666663,-0.13162657609030115
298.25,-0.11869857474194992
298.33333333333326,-0.09943024876351178
298.41666666666663,-0.07694264201789143
298.5,-0.054083390341220644
298.58333333333326,-0.033188071403769344
298.66666666666663,-0.015924543409898132
298.75,-0.003227322475233949
298.83333333333326,0.004680939585859957
298.91666666666663,0.008192770176780472
299.0,0.008162923248446754
299.08333333333326,0.005722602587809177
299.16666666666663,0.002085928463474158
299.25,-0.0016275567156004238
299.33333333333326,-0.0045344192506843895
299.41666666666663,-0.006078881907215562
299.5,-0.00606754165731589
299.58333333333326,-0.004647973904367309
299.66666666666663,-0.002239004108045937
299.75,0.000573811298801213
299.83333333333326,0.0031601278703121305
299.91666666666663,0.0049653184458152535
300.0,0.005611631108960767
300.08333333333326,0.0049653184458273575
300.16666666666663,0.0031601278703350176
300.25,0.0005738112988128251
300.33333333333326,-0.0022390041080041674
300.41666666666663,-0.004647973904330685
300.5,-0.006067541657288707
300.58333333333326,-0.006078881907163735
300.66666666666663,-0.004534419250666661
300.75,-0.001627556715572871
300.83333333333326,0.002085928463519258
300.91666666666663,0.005722602587850415
301.0,0.00816292324844556
301.08333333333326,0.008192770176786343
301.16666666666663,0.004680939585889726
301.25,-0.0032273224752558585
301.33333333333326,-0.015924543409916368
301.41666666666663,-0.03318807140375303
301.5,-0.054083390341269036
301.58333333333326,-0.0769426420179043
301.66666666666663,-0.09943024876352681
301.75,-0.11869857474200503
301.83333333333326,-0.13162657609032338
301.91666666666663,-0.135124400102223
302.0,-0.1264779862790278
302.08333333333326,-0.10370092232284427
302.16666666666663,-0.06585697165932733
302.25,-0.013316405736350923
302.33333333333326,0.052087204008833356
302.41666666666663,0.12702587942500837
302.5,0.20678758817188964
302.58333333333326,0.28553114183198564
302.66666666666663,0.356674850141182
302.75,0.41339437998210565
302.83333333333326,0.4491929732569868
302.91666666666663,0.45849762418600826
303.0,0.4372290700327927
303.08333333333326,0.3832922566039247
303.16666666666663,0.2969376446512909
303.25,0.18095221798853492
303.33333333333326,0.040651774283088214
303.41666666666663,-0.11633795839126755
303.5,-0.2805059557724469
303.58333333333326,-0.4410626108781933
303.66666666666663,-0.5866878790355488
303.75,-0.7063660812510963
303.83333333333326,-0.7902426878432672
303.91666666666663,-0.8304337493894188
304.0,-0.821719822556739
304.08333333333326,-0.7620633311859382
304.16666666666663,-0.6529008577093731
304.25,-0.49917892822660515
304.33333333333326,-0.30912206538321557
304.41666666666663,-0.09374355852177989
304.5,0.13386929959910324
304.58333333333326,0.35944467576724143
304.66666666666663,0.5685243315175499
304.75,0.7474944598773883
304.83333333333326,0.8845694794741984
304.91666666666663,0.9706518309999714
305.0,1.0
305.08333333333326,0.970651831000084
305.16666666666663,0.8845694794744161
305.25,0.7474944598774679
305.33333333333326,0.5685243315179292
305.41666666666663,0.3594446757676675
305.5,0.13386929959921884
305.58333333333326,-0.09374355852134239
305.66666666666663,-0.3091220653828125
305.75,-0.4991789282265138
305.83333333333326,-0.6529008577091044
305.91666666666663,-0.762063331185759
306.0,-0.82171982255669
306.08333333333326,-0.8304337493894324
306.16666666666663,-0.7902426878433711
306.25,-0.7063660812511391
306.33333333333326,-0.5866878790357927
306.41666666666663,-0.44106261087848014
306.5,-0.28050595577254817
306.58333333333326,-0.1163379583915777
306.66666666666663,0.04065177428279574
306.75,0.18095221798849664
306.83333333333326,0.29693764465107897
306.91666666666663,0.3832922566037674
307.0,0.43722907003274647
307.08333333333326,0.4584976241859669
307.16666666666663,0.4491929732569983
307.25,0.41339437998210343
307.33333333333326,0.3566748501412737
307.41666666666663,0.2855311418321014
307.5,0.20678758817190285
307.58333333333326,0.12702587942513963
307.66666666666663,0.05208720400895826
307.75,-0.013316405736353268
307.83333333333326,-0.06585697165923278
307.91666666666663,-0.10370092232276916
308.0,-0.12647798627896875
308.08333333333326,-0.13512440010218463
308.16666666666663,-0.13162657609029935
308.25,-0.11869857474195221
308.33333333333326,-0.09943024876352059
308.41666666666663,-0.07694264201790194
308.5,-0.05408339034123446
308.58333333333326,-0.03318807140375221
308.66666666666663,-0.0159245434099154
308.75,-0.0032273224752509947
308.83333333333326,0.004680939585887504
308.91666666666663,0.008192770176779747
309.0,0.008162923248438382
309.08333333333326,0.005722602587829368
309.16666666666663,0.0020859284634891914
309.25,-0.0016275567155940474
309.33333333333326,-0.004534419250713744
309.41666666666663,-0.00607888190721665
309.5,-0.006067541657320847
309.58333333333326,-0.004647973904385592
309.66666666666663,-0.0022390041080543282
309.75,0.0005738112987933723
309.83333333333326,0.0031601278703053135
309.91666666666663,0.004965318445811832
310.0,0.005611631108960767
310.08333333333326,0.004965318445830753
310.16666666666663,0.0031601278703418086
310.25,0.0005738112988206657
310.33333333333326,-0.0022390041079958277
310.41666666666663,-0.004647973904312415
310.5,-0.006067541657266448
310.58333333333326,-0.006078881907162634
310.66666666666663,-0.0045344192506372935
310.75,-0.001627556715540964
310.83333333333326,0.0020859284635042765
310.91666666666663,0.005722602587830224
311.0,0.008162923248477597
311.08333333333326,0.008192770176786978
311.16666666666663,0.00468093958586218
311.25,-0.003227322475238812
311.33333333333326,-0.01592454340989894
311.41666666666663,-0.033188071403770225
311.5,-0.054083390341279194
311.58333333333326,-0.07694264201789387
311.66666666666663,-0.09943024876352027
311.75,-0.11869857474199015
311.83333333333326,-0.1316265760903251
311.91666666666663,-0.13512440010222834
312.0,-0.12647798627899579
312.08333333333326,-0.10370092232285397
312.16666666666663,-0.06585697165933749
312.25,-0.013316405736360695
312.33333333333326,0.05208720400882514
312.41666666666663,0.12702587942500237
312.5,0.206787588171886
312.58333333333326,0.28553114183198447
312.66666666666663,0.35667485014118294
312.75,0.4133943799821081
312.83333333333326,0.4491929732569897
312.91666666666663,0.45849762418601075
313.0,0.4372290700327939
313.08333333333326,0.38329225660390237
313.16666666666663,0.2969376446512868
313.25,0.18095221798852767
313.33333333333326,0.040651774283077896
313.41666666666663,-0.11633795839128043
313.5,-0.28050595577246157
313.58333333333326,-0.4410626108781874
313.66666666666663,-0.5866878790355389
313.75,-0.7063660812511084
313.83333333333326,-0.7902426878432414
313.91666666666663,-0.8304337493894068
314.0,-0.8217198225567364
314.08333333333326,-0.7620633311859589
314.16666666666663,-0.6529008577093712
314.25,-0.49917892822660775
314.33333333333326,-0.30912206538323
314.41666666666663,-0.09374355852179123
314.5,0.1338692995990903
314.58333333333326,0.35944467576723577
314.66666666666663,0.5685243315175462
314.75,0.7474944598773766
314.83333333333326,0.8845694794741898
314.91666666666663,0.970651830999971
315.0,1.0
315.08333333333326,0.9706518310000883
315.16666666666663,0.8845694794744171
315.25,0.7474944598774698
315.33333333333326,0.5685243315179428
315.41666666666663,0.3594446757676814
315.5,0.13386929959922722
315.58333333333326,-0.09374355852133187
315.66666666666663,-0.3091220653828055
315.75,-0.4991789282264965
315.83333333333326,-0.6529008577091199
315.91666666666663,-0.7620633311857652
316.0,-0.8217198225566996
316.08333333333326,-0.8304337493894293
316.16666666666663,-0.7902426878433839
316.25,-0.7063660812511512
316.33333333333326,-0.5866878790357785
316.41666666666663,-0.44106261087846504
316.5,-0.2805059557725491
316.58333333333326,-0.11633795839156483
316.66666666666663,0.04065177428280608
316.75,0.18095221798844338
316.83333333333326,0.29693764465108297
316.91666666666663,0.38329225660376864
317.0,0.43722907003274536
317.08333333333326,0.4584976241859643
317.16666666666663,0.44919297325699525
317.25,0.4133943799821009
317.33333333333326,0.35667485014127287
317.41666666666663,0.28553114183210254
317.5,0.20678758817190648
317.58333333333326,0.1270258794251219
317.66666666666663,0.05208720400896643
317.75,-0.013316405736343614
317.83333333333326,-0.06585697165926555
317.91666666666663,-0.10370092232275954
318.0,-0.12647798627896079
318.08333333333326,-0.1351244001022127
318.16666666666663,-0.1316265760903216
318.25,-0.11869857474195451
318.33333333333326,-0.09943024876352707
318.41666666666663,-0.07694264201789988
318.5,-0.05408339034124832
318.58333333333326,-0.033188071403752004
318.66666666666663,-0.015924543409892838
318.75,-0.003227322475224797
318.83333333333326,0.004680939585863761
318.91666666666663,0.008192770176806587
319.0,0.008162923248462694
319.08333333333326,0.005722602587795751
319.16666666666663,0.002085928463455729
319.25,-0.0016275567155846905
319.33333333333326,-0.004534419250709894
319.41666666666663,-0.006078881907242713
319.5,-0.0060675416573211455
319.58333333333326,-0.0046479739043929725
319.66666666666663,-0.0022390041080686297
319.75,0.0005738112987828878
319.83333333333326,0.0031601278702992485
319.91666666666663,0.004965318445808592
320.0,0.005611631108960767
320.08333333333326,0.004965318445833967
320.16666666666663,0.0031601278703478476
320.25,0.0005738112988311244
320.33333333333326,-0.0022390041080115157
320.41666666666663,-0.004647973904304996
320.5,-0.006067541657261485
320.58333333333326,-0.006078881907176695
320.66666666666663,-0.004534419250641104
320.75,-0.001627556715550347
320.83333333333326,0.002085928463502773
320.91666666666663,0.005722602587833775
321.0,0.00816292324845331
321.08333333333326,0.008192770176799381
321.16666666666663,0.004680939585877531
321.25,-0.003227322475264958
321.33333333333326,-0.015924543409881697
321.41666666666663,-0.03318807140375404
321.5,-0.05408339034126541
321.58333333333326,-0.07694264201788335
321.66666666666663,-0.09943024876351146
321.75,-0.11869857474198789
321.83333333333326,-0.1316265760903269
321.91666666666663,-0.13512440010223362
322.0,-0.12647798627900375
322.08333333333326,-0.10370092232282024
322.16666666666663,-0.06585697165934765
322.25,-0.01331640573638511
322.33333333333326,0.052087204008849586
322.41666666666663,0.1270258794249963
322.5,0.20678758817188242
322.58333333333326,0.2855311418319863
322.66666666666663,0.35667485014117706
322.75,0.4133943799821105
322.83333333333326,0.4491929732569716
322.91666666666663,0.4584976241859892
323.0,0.43722907003279493
323.08333333333326,0.3832922566039414
323.16666666666663,0.2969376446512671
323.25,0.1809522179885122
323.33333333333326,0.04065177428310239
323.41666666666663,-0.11633795839128508
323.5,-0.2805059557724607
323.58333333333326,-0.4410626108781862
323.66666666666663,-0.5866878790355448
323.75,-0.7063660812510962
323.83333333333326,-0.7902426878432578
323.91666666666663,-0.8304337493894264
324.0,-0.8217198225567267
324.08333333333326,-0.7620633311859529
324.16666666666663,-0.6529008577093909
324.25,-0.4991789282266251
324.33333333333326,-0.309122065383237
324.41666666666663,-0.09374355852188342
324.5,0.13386929959908195
324.58333333333326,0.3594446757672217
324.66666666666663,0.5685243315175327
324.75,0.7474944598773745
324.83333333333326,0.8845694794742052
324.91666666666663,0.9706518309999664
325.0,1.0
325.08333333333326,0.9706518310000805
325.16666666666663,0.8845694794744255
325.25,0.7474944598774815
325.33333333333326,0.5685243315179165
325.41666666666663,0.35944467576765227
325.5,0.13386929959924015
325.58333333333326,-0.09374355852136065
325.66666666666663,-0.3091220653828312
325.75,-0.4991789282264937
325.83333333333326,-0.6529008577091353
325.91666666666663,-0.7620633311857744
326.0,-0.8217198225566855
326.08333333333326,-0.830433749389436
326.16666666666663,-0.7902426878433758
326.25,-0.7063660812511393
326.33333333333326,-0.586687879035764
326.41666666666663,-0.4410626108784498
326.5,-0.28050595577245213
326.58333333333326,-0.11633795839156005
326.66666666666663,0.04065177428274426
326.75,0.18095221798845065
326.83333333333326,0.29693764465104105
326.91666666666663,0.38329225660376975
327.0,0.43722907003274425
327.08333333333326,0.45849762418598594
327.16666666666663,0.44919297325701335
327.25,0.4133943799821204
327.33333333333326,0.3566748501412347
327.41666666666663,0.28553114183213385
327.5,0.20678758817191006
327.58333333333326,0.1270258794251542
327.66666666666663,0.052087204008941984
327.75,-0.013316405736373292
327.83333333333326,-0.06585697165922542
327.91666666666663,-0.103700922322761
328.0,-0.12647798627895437
328.08333333333326,-0.1351244001021963
328.16666666666663,-0.13162657609032513
328.25,-0.11869857474196933
328.33333333333326,-0.09943024876349861
328.41666666666663,-0.07694264201788042
328.5,-0.05408339034121919
328.58333333333326,-0.033188071403734885
328.66666666666663,-0.015924543409872913
328.75,-0.003227322475229081
328.83333333333326,0.004680939585861486
328.91666666666663,0.008192770176777841
329.0,0.008162923248430631
329.08333333333326,0.005722602587815994
329.16666666666663,0.002085928463470788
329.25,-0.0016275567156086921
329.33333333333326,-0.004534419250699189
329.41666666666663,-0.006078881907242375
329.5,-0.006067541657343398
329.58333333333326,-0.00464797390439382
329.66666666666663,-0.0022390041080770145
329.75,0.0005738112987750341
329.83333333333326,0.003160127870308813
329.91666666666663,0.00496531844581362
330.0,0.005611631108960767
330.08333333333326,0.004965318445823392
330.16666666666663,0.003160127870348807
330.25,0.000573811298838978
330.33333333333326,-0.002239004108010388
330.41666666666663,-0.004647973904321628
330.5,-0.0060675416572776196
330.58333333333326,-0.006078881907190783
330.66666666666663,-0.004534419250661632
330.75,-0.0016275567155517206
330.83333333333326,0.0020859284634878435
330.91666666666663,0.005722602587832453
331.0,0.008162923248461657
331.08333333333326,0.008192770176811809
331.16666666666663,0.004680939585892933
331.25,-0.003227322475235098
331.33333333333326,-0.015924543409904318
331.41666666666663,-0.033188071403762946
331.5,-0.05408339034125623
331.58333333333326,-0.07694264201787383
331.66666666666663,-0.09943024876350498
331.75,-0.11869857474198559
331.83333333333326,-0.13162657609030468
331.91666666666663,-0.13512440010220553
332.0,-0.12647798627897336
332.08333333333326,-0.10370092232286486
332.16666666666663,-0.06585697165936637
332.25,-0.013316405736394714
332.33333333333326,0.05208720400882045
332.41666666666663,0.12702587942501395
332.5,0.20678758817189233
332.58333333333326,0.2855311418319936
332.66666666666663,0.3566748501411943
332.75,0.41339437998209105
332.83333333333326,0.4491929732569961
332.91666666666663,0.4584976241859915
333.0,0.43722907003277206
333.08333333333326,0.38329225660397037
333.16666666666663,0.2969376446513031
333.25,0.18095221798854327
333.33333333333326,0.04065177428309208
333.41666666666663,-0.11633795839133963
333.5,-0.280505955772393
333.58333333333326,-0.4410626108782593
333.66666666666663,-0.5866878790354895
333.75,-0.7063660812511082
333.83333333333326,-0.790242687843245
333.91666666666663,-0.8304337493894143
334.0,-0.8217198225567239
334.08333333333326,-0.7620633311859437
334.16666666666663,-0.6529008577093189
334.25,-0.49917892822669657
334.33333333333326,-0.3091220653833212
334.41666666666663,-0.09374355852189395
334.5,0.13386929959906899
334.58333333333326,0.359444675767251
334.66666666666663,0.568524331517559
334.75,0.7474944598774503
334.83333333333326,0.8845694794742207
334.91666666666663,0.9706518309999423
335.0,1.0
335.08333333333326,0.9706518310001045
335.16666666666663,0.8845694794744102
335.25,0.7474944598774599
335.33333333333326,0.5685243315178901
335.41666666666663,0.35944467576762307
335.5,0.13386929959933447
335.58333333333326,-0.09374355852147102
335.66666666666663,-0.30912206538274695
335.75,-0.49917892822651483
335.83333333333326,-0.6529008577090807
335.91666666666663,-0.7620633311857835
336.0,-0.8217198225567052
336.08333333333326,-0.8304337493894383
336.16666666666663,-0.7902426878433546
336.25,-0.7063660812511819
336.33333333333326,-0.5866878790357125
336.41666666666663,-0.44106261087851356
336.5,-0.28050595577251974
336.58333333333326,-0.11633795839162696
336.66666666666663,0.04065177428282679
336.75,0.1809522179885267
336.83333333333326,0.2969376446510666
336.91666666666663,0.38329225660378213
337.0,0.43722907003272893
337.08333333333326,0.4584976241859837
337.16666666666663,0.44919297325702306
337.25,0.4133943799821113
337.33333333333326,0.35667485014126143
337.41666666666663,0.2855311418320935
337.5,0.2067875881718707
337.58333333333326,0.1270258794251187
337.66666666666663,0.05208720400897112
337.75,-0.013316405736348772
337.83333333333326,-0.06585697165920673
337.91666666666663,-0.10370092232274856
338.0,-0.12647798627894646
338.08333333333326,-0.13512440010219542
338.16666666666663,-0.13162657609030196
338.25,-0.11869857474197618
338.33333333333326,-0.09943024876350286
338.41666666666663,-0.07694264201788988
338.5,-0.05408339034122829
338.58333333333326,-0.033188071403742817
338.66666666666663,-0.015924543409879113
338.75,-0.0032273224752156454
338.83333333333326,0.0046809395858758915
338.91666666666663,0.008192770176792966
339.0,0.008162923248431202
339.08333333333326,0.00572260258780744
339.16666666666663,0.0020859284634723693
339.25,-0.0016275567156072664
339.33333333333326,-0.004534419250698205
339.41666666666663,-0.00607888190722974
339.5,-0.006067541657331909
339.58333333333326,-0.004647973904359671
339.66666666666663,-0.002239004108044505
339.75,0.0005738112987738937
339.83333333333326,0.0031601278703078796
339.91666666666663,0.00496531844581305
340.0,0.005611631108960767
340.08333333333326,0.004965318445823962
340.16666666666663,0.003160127870328719
340.25,0.0005738112988113995
340.33333333333326,-0.0022390041080188185
340.41666666666663,-0.0046479739043208445
340.5,-0.006067541657277302
340.58333333333326,-0.0060788819071910935
340.66666666666663,-0.004534419250662591
340.75,-0.0016275567155631253
340.83333333333326,0.0020859284634862623
340.91666666666663,0.005722602587817186
341.0,0.008162923248461086
341.08333333333326,0.008192770176813066
341.16666666666663,0.004680939585895254
341.25,-0.003227322475230866
341.33333333333326,-0.01592454340989811
341.41666666666663,-0.03318807140375499
341.5,-0.054083390341261674
341.58333333333326,-0.07694264201790486
341.66666666666663,-0.09943024876353573
341.75,-0.11869857474197874
341.83333333333326,-0.13162657609032802
341.91666666666663,-0.13512440010220642
342.0,-0.12647798627897971
342.08333333333326,-0.10370092232287734
342.16666666666663,-0.06585697165935502
342.25,-0.013316405736374017
342.33333333333326,0.05208720400884953
342.41666666666663,0.12702587942504942
342.5,0.2067875881718593
342.58333333333326,0.28553114183196227
342.66666666666663,0.3566748501411676
342.75,0.41339437998212386
342.83333333333326,0.4491929732569865
342.91666666666663,0.45849762418600515
343.0,0.4372290700327731
343.08333333333326,0.3832922566039179
343.16666666666663,0.29693764465134515
343.25,0.18095221798859645
343.33333333333326,0.04065177428315387
343.41666666666663,-0.11633795839127277
343.5,-0.2805059557724507
343.58333333333326,-0.44106261087819554
343.66666666666663,-0.5866878790355494
343.75,-0.7063660812510658
343.83333333333326,-0.7902426878432873
343.91666666666663,-0.8304337493894076
344.0,-0.8217198225567379
344.08333333333326,-0.7620633311859787
344.16666666666663,-0.6529008577093737
344.25,-0.4991789282266067
344.33333333333326,-0.3091220653831856
344.41666666666663,-0.09374355852174424
344.5,0.13386929959897467
344.58333333333326,0.3594446757673566
344.66666666666663,0.5685243315174782
344.75,0.7474944598773846
344.83333333333326,0.8845694794741743
344.91666666666663,0.9706518309999824
345.0,1.0
345.08333333333326,0.9706518310000769
345.16666666666663,0.8845694794743569
345.25,0.7474944598775257
345.33333333333326,0.5685243315179708
345.41666666666663,0.3594446757677135
345.5,0.13386929959918017
345.58333333333326,-0.09374355852137888
345.66666666666663,-0.30912206538285
345.75,-0.49917892822660465
345.83333333333326,-0.6529008577091175
345.91666666666663,-0.7620633311857484
346.0,-0.8217198225566911
346.08333333333326,-0.8304337493894449
346.16666666666663,-0.7902426878433806
346.25,-0.7063660812511395
346.33333333333326,-0.586687879035768
346.41666666666663,-0.44106261087845683
346.5,-0.28050595577258747
346.58333333333326,-0.11633795839157247
346.66666666666663,0.040651774282764994
346.75,0.18095221798847344
346.83333333333326,0.2969376446510247
346.91666666666663,0.3832922566037531
347.0,0.43722907003272776
347.08333333333326,0.45849762418597
347.16666666666663,0.4491929732569986
347.25,0.41339437998213086
347.33333333333326,0.3566748501412397
347.41666666666663,0.2855311418321248
347.5,0.20678758817190374
347.58333333333326,0.12702587942515087
347.66666666666663,0.05208720400894217
347.75,-0.013316405736369547
347.83333333333326,-0.06585697165924805
347.91666666666663,-0.10370092232278498
348.0,-0.1264779862789401
348.08333333333326,-0.13512440010219454
348.16666666666663,-0.13162657609030548
348.25,-0.11869857474194806
348.33333333333326,-0.09943024876351167
348.41666666666663,-0.07694264201788882
348.5,-0.054083390341222844
348.58333333333326,-0.03318807140376721
348.66666666666663,-0.01592454340988532
348.75,-0.003227322475219981
348.83333333333326,0.004680939585873675
348.91666666666663,0.008192770176792291
349.0,0.008162923248446571
349.08333333333326,0.005722602587808762
349.16666666666663,0.002085928463473769
349.25,-0.001627556715605867
349.33333333333326,-0.004534419250684623
349.41666666666663,-0.006078881907229416
349.5,-0.006067541657332239
349.58333333333326,-0.004647973904360519
349.66666666666663,-0.002239004108045639
349.75,0.0005738112988014722
349.83333333333326,0.003160127870312364
349.91666666666663,0.004965318445815383
350.0,0.005611631108960767
350.08333333333326,0.004965318445830001
350.16666666666663,0.003160127870329704
350.25,0.0005738112988125659
350.33333333333326,-0.002239004108017665
350.41666666666663,-0.00464797390433093
350.5,-0.006067541657288784
350.58333333333326,-0.006078881907163658
350.66666666666663,-0.004534419250636075
350.75,-0.0016275567155645508
350.83333333333326,0.002085928463484681
350.91666666666663,0.00572260258781589
351.0,0.008162923248445768
351.08333333333326,0.008192770176813741
351.16666666666663,0.004680939585889091
351.25,-0.003227322475244146
351.33333333333326,-0.015924543409918036
351.41666666666663,-0.033188071403747105
351.5,-0.05408339034125252
351.58333333333326,-0.07694264201789534
351.66666666666663,-0.09943024876352692
351.75,-0.11869857474200687
351.83333333333326,-0.13162657609032433
351.91666666666663,-0.13512440010222282
352.0,-0.1264779862789861
352.08333333333326,-0.10370092232284088
352.16666666666663,-0.0658569716593737
352.25,-0.013316405736398381
352.33333333333326,0.05208720400882037
352.41666666666663,0.12702587942501722
352.5,0.20678758817189866
352.58333333333326,0.28553114183199413
352.66666666666663,0.3566748501411894
352.75,0.4133943799821043
352.83333333333326,0.449192973257002
352.91666666666663,0.4584976241860073
353.0,0.43722907003278855
353.08333333333326,0.38329225660394695
353.16666666666663,0.2969376446512795
353.25,0.1809522179885205
353.33333333333326,0.04065177428307132
353.41666666666663,-0.11633795839136553
353.5,-0.280505955772383
353.58333333333326,-0.44106261087813176
353.66666666666663,-0.586687879035494
353.75,-0.7063660812511081
353.83333333333326,-0.7902426878432612
353.91666666666663,-0.8304337493894207
354.0,-0.8217198225567184
354.08333333333326,-0.7620633311859285
354.16666666666663,-0.6529008577094282
354.25,-0.49917892822667814
354.33333333333326,-0.3091220653832699
354.41666666666663,-0.09374355852183641
354.5,0.13386929959912897
354.58333333333326,0.3594446757672662
354.66666666666663,0.5685243315175719
354.75,0.7474944598774603
354.83333333333326,0.884569479474211
354.91666666666663,0.9706518309999583
355.0,1.0
355.08333333333326,0.970651831000101
355.16666666666663,0.8845694794744033
355.25,0.7474944598774499
355.33333333333326,0.5685243315179072
355.41666666666663,0.3594446757676428
355.5,0.1338692995992745
355.58333333333326,-0.0937435585214492
355.66666666666663,-0.30912206538276565
355.75,-0.4991789282265333
355.83333333333326,-0.652900857709063
355.91666666666663,-0.7620633311857685
356.0,-0.8217198225566938
356.08333333333326,-0.8304337493894307
356.16666666666663,-0.790242687843351
356.25,-0.706366081251182
356.33333333333326,-0.5866878790358231
356.41666666666663,-0.4410626108785207
356.5,-0.2805059557725297
356.58333333333326,-0.11633795839163932
356.66666666666663,0.04065177428281256
356.75,0.1809522179885111
356.83333333333326,0.2969376446510904
356.91666666666663,0.3832922566037241
357.0,0.43722907003271233
357.08333333333326,0.4584976241859678
357.16666666666663,0.4491929732570082
357.25,0.41339437998209805
357.33333333333326,0.3566748501412665
357.41666666666663,0.2855311418320929
357.5,0.20678758817186438
357.58333333333326,0.12702587942513083
357.66666666666663,0.05208720400897127
357.75,-0.013316405736345065
357.83333333333326,-0.06585697165922932
357.91666666666663,-0.10370092232277255
358.0,-0.12647798627897047
358.08333333333326,-0.13512440010218493
358.16666666666663,-0.13162657609029843
358.25,-0.1186985747419549
358.33333333333326,-0.09943024876351587
358.41666666666663,-0.07694264201789833
358.5,-0.05408339034123194
358.58333333333326,-0.03318807140377515
358.66666666666663,-0.015924543409913762
358.75,-0.0032273224752498407
358.83333333333326,0.004680939585888132
358.91666666666663,0.008192770176807454
359.0,0.00816292324844722
359.08333333333326,0.005722602587810162
359.16666666666663,0.002085928463475324
359.25,-0.0016275567155944104
359.33333333333326,-0.0045344192506836896
359.41666666666663,-0.006078881907216728
359.5,-0.006067541657320763
359.58333333333326,-0.004647973904385346
359.66666666666663,-0.0022390041080671977
359.75,0.0005738112988003706
359.83333333333326,0.0031601278703114045
359.91666666666663,0.004965318445814864
360.0,0.005611631108960767
360.08333333333326,0.004965318445830546
360.16666666666663,0.003160127870341627
360.25,0.0005738112988296988
360.33333333333326,-0.002239004107996132
360.41666666666663,-0.004647973904330069
360.5,-0.006067541657288467
360.58333333333326,-0.0060788819071639555
360.66666666666663,-0.004534419250637034
360.75,-0.0016275567155405492
360.83333333333326,0.002085928463504691
360.91666666666663,0.0057226025878305865
361.0,0.008162923248445145
361.08333333333326,0.00819277017679863
361.16666666666663,0.004680939585891411
361.25,-0.003227322475239914
361.33333333333326,-0.01592454340991183
361.41666666666663,-0.03318807140377235
361.5,-0.05408339034128166
361.58333333333326,-0.07694264201789641
361.66666666666663,-0.09943024876352266
361.75,-0.118698574742
361.83333333333326,-0.13162657609032077
361.91666666666663,-0.13512440010222368
362.0,-0.12647798627899404
362.08333333333326,-0.10370092232285337
362.16666666666663,-0.0658569716593324
362.25,-0.013316405736353981
362.33333333333326,0.05208720400883315
362.41666666666663,0.1270258794250373
362.5,0.20678758817186557
362.58333333333326,0.2855311418319628
362.66666666666663,0.35667485014116257
362.75,0.4133943799821134
362.83333333333326,0.44919297325699226
362.91666666666663,0.4584976241860102
363.0,0.4372290700327753
363.08333333333326,0.3832922566038945
363.16666666666663,0.29693764465132133
363.25,0.1809522179885737
363.33333333333326,0.04065177428313316
363.41666666666663,-0.11633795839129868
363.5,-0.28050595577248005
363.58333333333326,-0.4410626108782048
363.66666666666663,-0.586687879035554
363.75,-0.7063660812510655
363.83333333333326,-0.790242687843291
363.91666666666663,-0.8304337493894139
364.0,-0.8217198225567326
364.08333333333326,-0.7620633311859636
364.16666666666663,-0.6529008577093564
364.25,-0.4991789282265883
364.33333333333326,-0.309122065383207
364.41666666666663,-0.09374355852176611
364.5,0.13386929959903465
364.58333333333326,0.3594446757673369
364.66666666666663,0.5685243315174912
364.75,0.7474944598773946
364.83333333333326,0.8845694794741648
364.91666666666663,0.9706518309999774
365.0,1.0
365.08333333333326,0.9706518310000819
365.16666666666663,0.8845694794743665
365.25,0.7474944598775157
365.33333333333326,0.5685243315179881
365.41666666666663,0.3594446757677333
365.5,0.13386929959920152
365.58333333333326,-0.093743558521357
365.66666666666663,-0.30912206538282855
365.75,-0.4991789282265847
365.83333333333326,-0.6529008577091349
365.91666666666663,-0.7620633311857337
366.0,-0.8217198225566799
366.08333333333326,-0.8304337493894374
366.16666666666663,-0.7902426878433768
366.25,-0.7063660812511398
366.33333333333326,-0.5866878790357634
366.41666666666663,-0.4410626108784476
366.5,-0.2805059557725974
366.58333333333326,-0.11633795839154652
366.66666666666663,0.04065177428275077
366.75,0.18095221798845793
366.83333333333326,0.29693764465104844
366.91666666666663,0.3832922566037766
367.0,0.4372290700327496
367.08333333333326,0.45849762418596496
367.16666666666663,0.4491929732569927
367.25,0.4133943799821175
367.33333333333326,0.35667485014124467
367.41666666666663,0.2855311418321242
367.5,0.2067875881718974
367.58333333333326,0.12702587942516294
367.66666666666663,0.052087204008958526
367.75,-0.013316405736350262
367.83333333333326,-0.06585697165927064
367.91666666666663,-0.103700922322809
368.0,-0.12647798627896412
368.08333333333326,-0.13512440010218402
368.16666666666663,-0.13162657609030198
368.25,-0.1186985747419527
368.33333333333326,-0.09943024876352469
368.41666666666663,-0.07694264201789727
368.5,-0.05408339034122653
368.58333333333326,-0.033188071403749804
368.66666666666663,-0.015924543409920014
368.75,-0.003227322475254073
368.83333333333326,0.0046809395858858705
368.91666666666663,0.00819277017680682
369.0,0.008162923248462486
369.08333333333326,0.005722602587795387
369.16666666666663,0.002085928463455314
369.25,-0.0016275567155930625
369.33333333333326,-0.004534419250710206
369.41666666666663,-0.006078881907216404
369.5,-0.0060675416573210544
369.58333333333326,-0.004647973904386181
369.66666666666663,-0.0022390041080683253
369.75,0.0005738112987832247
369.83333333333326,0.0031601278702995074
369.91666666666663,0.004965318445808721
370.0,0.005611631108960767
370.08333333333326,0.004965318445828317
370.16666666666663,0.003160127870342586
370.25,0.0005738112988308392
370.33333333333326,-0.0022390041079949725
370.41666666666663,-0.004647973904305242
370.5,-0.006067541657261595
370.58333333333326,-0.00607888190717663
370.66666666666663,-0.004534419250650629
370.75,-0.0016275567155419489
370.83333333333326,0.00208592846350311
370.91666666666663,0.005722602587829265
371.0,0.008162923248453467
371.08333333333326,0.008192770176799213
371.16666666666663,0.004680939585876954
371.25,-0.003227322475253298
371.33333333333326,-0.01592454340988337
371.41666666666663,-0.03318807140376438
371.5,-0.05408339034127256
371.58333333333326,-0.0769426420178869
371.66666666666663,-0.09943024876351385
371.75,-0.1186985747419897
371.83333333333326,-0.13162657609032788
371.91666666666663,-0.13512440010223337
372.0,-0.12647798627900045
372.08333333333326,-0.10370092232281691
372.16666666666663,-0.06585697165935105
372.25,-0.013316405736378397
372.33333333333326,0.05208720400880402
372.41666666666663,0.12702587942500504
372.5,0.20678758817189144
372.58333333333326,0.2855311418319948
372.66666666666663,0.35667485014118444
372.75,0.4133943799820939
372.83333333333326,0.4491929732570168
372.91666666666663,0.4584976241860124
373.0,0.43722907003279077
373.08333333333326,0.38329225660392346
373.16666666666663,0.29693764465125566
373.25,0.18095221798849762
373.33333333333326,0.04065177428308557
373.41666666666663,-0.11633795839135314
373.5,-0.28050595577241244
373.58333333333326,-0.4410626108781409
373.66666666666663,-0.5866878790354986
373.75,-0.706366081251108
373.83333333333326,-0.7902426878432649
373.91666666666663,-0.8304337493894282
374.0,-0.8217198225567297
374.08333333333326,-0.7620633311859434
374.16666666666663,-0.652900857709411
374.25,-0.49917892822665977
374.33333333333326,-0.30912206538329134
374.41666666666663,-0.09374355852185827
374.5,0.13386929959910765
374.58333333333326,0.3594446757672464
374.66666666666663,0.5685243315175547
374.75,0.7474944598773287
374.83333333333326,0.8845694794742179
374.91666666666663,0.9706518309999536
375.0,1.0
375.08333333333326,0.970651831000106
375.16666666666663,0.884569479474413
375.25,0.7474944598774635
375.33333333333326,0.5685243315178944
375.41666666666663,0.3594446757676276
375.5,0.13386929959929578
375.58333333333326,-0.0937435585215067
375.66666666666663,-0.3091220653827442
375.75,-0.49917892822651316
375.83333333333326,-0.6529008577090802
375.91666666666663,-0.7620633311857838
376.0,-0.8217198225567062
376.08333333333326,-0.8304337493894244
376.16666666666663,-0.7902426878433346
376.25,-0.7063660812511822
376.33333333333326,-0.5866878790358186
376.41666666666663,-0.4410626108785114
376.5,-0.280505955772516
376.58333333333326,-0.11633795839161334
376.66666666666663,0.04065177428283332
376.75,0.18095221798852568
376.83333333333326,0.29693764465111416
376.91666666666663,0.3832922566037475
377.0,0.43722907003273415
377.08333333333326,0.4584976241859627
377.16666666666663,0.44919297325700225
377.25,0.4133943799820932
377.33333333333326,0.3566748501412715
377.41666666666663,0.28553114183209216
377.5,0.20678758817193052
377.58333333333326,0.12702587942512758
377.66666666666663,0.052087204008987656
377.75,-0.013316405736325834
377.83333333333326,-0.06585697165925194
377.91666666666663,-0.10370092232279653
378.0,-0.12647798627899454
378.08333333333326,-0.13512440010216759
378.16666666666663,-0.13162657609027875
378.25,-0.11869857474195948
378.33333333333326,-0.09943024876349395
378.41666666666663,-0.07694264201790683
378.5,-0.05408339034123573
378.58333333333326,-0.03318807140375777
378.66666666666663,-0.015924543409900037
378.75,-0.003227322475240689
378.83333333333326,0.004680939585891936
378.91666666666663,0.008192770176805498
379.0,0.008162923248463108
379.08333333333326,0.005722602587796761
379.16666666666663,0.002085928463456895
379.25,-0.0016275567156170123
379.33333333333326,-0.004534419250709246
379.41666666666663,-0.006078881907243879
379.5,-0.006067541657347953
379.58333333333326,-0.004647973904376095
379.66666666666663,-0.0022390041080694073
379.75,0.0005738112987820584
379.83333333333326,0.0031601278702985745
379.91666666666663,0.004965318445808229
380.0,0.005611631108960767
380.08333333333326,0.004965318445828861
380.16666666666663,0.003160127870338076
380.25,0.0005738112988319538
380.33333333333326,-0.002239004108027508
380.41666666666663,-0.004647973904304393
380.5,-0.006067541657261278
380.58333333333326,-0.006078881907176955
380.66666666666663,-0.004534419250651601
380.75,-0.0016275567155563603
380.83333333333326,0.0020859284635017365
380.91666666666663,0.005722602587837793
381.0,0.008162923248452818
381.08333333333326,0.008192770176800535
381.16666666666663,0.004680939585879215
381.25,-0.0032273224752490657
381.33333333333326,-0.015924543409877163
381.41666666666663,-0.03318807140374003
381.5,-0.054083390341254055
381.58333333333326,-0.07694264201791792
381.66666666666663,-0.09943024876354464
381.75,-0.11869857474198292
381.83333333333326,-0.13162657609032433
381.91666666666663,-0.13512440010223428
382.0,-0.12647798627901002
382.08333333333326,-0.10370092232286433
382.16666666666663,-0.06585697165933975
382.25,-0.013316405736357688
382.33333333333326,0.052087204008832995
382.41666666666663,0.12702587942497284
382.5,0.20678758817185836
382.58333333333326,0.2855311418319719
382.66666666666663,0.35667485014117395
382.75,0.4133943799821268
382.83333333333326,0.44919297325700713
382.91666666666663,0.4584976241860261
383.0,0.43722907003280614
383.08333333333326,0.3832922566039112
383.16666666666663,0.2969376446513377
383.25,0.18095221798858924
383.33333333333326,0.04065177428314736
383.41666666666663,-0.11633795839128637
383.5,-0.28050595577247006
383.58333333333326,-0.44106261087819776
383.66666666666663,-0.5866878790355502
383.75,-0.7063660812510654
383.83333333333326,-0.7902426878432861
383.91666666666663,-0.8304337493894214
384.0,-0.8217198225567437
384.08333333333326,-0.7620633311859782
384.16666666666663,-0.6529008577093741
384.25,-0.49917892822660825
384.33333333333326,-0.3091220653831883
384.41666666666663,-0.09374355852174789
384.5,0.13386929959901336
384.58333333333326,0.35944467576715594
384.66666666666663,0.5685243315174738
384.75,0.7474944598773808
384.83333333333326,0.8845694794741715
384.91666666666663,0.9706518309999812
385.0,1.0
385.08333333333326,0.9706518310000658
385.16666666666663,0.8845694794744594
385.25,0.7474944598775294
385.33333333333326,0.5685243315179753
385.41666666666663,0.35944467576771805
385.5,0.13386929959918445
385.58333333333326,-0.09374355852141456
385.66666666666663,-0.30912206538287995
385.75,-0.4991789282264417
385.83333333333326,-0.6529008577091171
385.91666666666663,-0.7620633311857489
386.0,-0.8217198225566922
386.08333333333326,-0.8304337493894312
386.16666666666663,-0.7902426878433605
386.25,-0.7063660812511158
386.33333333333326,-0.5866878790357671
386.41666666666663,-0.4410626108784547
386.5,-0.2805059557725837
386.58333333333326,-0.11633795839155894
386.66666666666663,0.04065177428277145
386.75,0.1809522179884724
386.83333333333326,0.296937644651032
386.91666666666663,0.3832922566037598
387.0,0.43722907003273304
387.08333333333326,0.458497624185949
387.16666666666663,0.4491929732569778
387.25,0.41339437998211265
387.33333333333326,0.35667485014128175
387.41666666666663,0.2855311418321151
387.5,0.20678758817189113
387.58333333333326,0.1270258794251598
387.66666666666663,0.05208720400895865
387.75,-0.013316405736346557
387.83333333333326,-0.06585697165926335
387.91666666666663,-0.10370092232274916
388.0,-0.12647798627894977
388.08333333333326,-0.13512440010216673
388.16666666666663,-0.13162657609028233
388.25,-0.11869857474193142
388.33333333333326,-0.09943024876350276
388.41666666666663,-0.07694264201787575
388.5,-0.05408339034122114
388.58333333333326,-0.03318807140374884
388.66666666666663,-0.015924543409906296
388.75,-0.003227322475244973
388.83333333333326,0.004680939585889661
388.91666666666663,0.008192770176804877
389.0,0.008162923248454789
389.08333333333326,0.005722602587812054
389.16666666666663,0.002085928463471825
389.25,-0.0016275567156156126
389.33333333333326,-0.0045344192506886925
389.41666666666663,-0.006078881907243555
389.5,-0.0060675416573482705
389.58333333333326,-0.004647973904376931
389.66666666666663,-0.0022390041080610286
389.75,0.000573811298788603
389.83333333333326,0.003160127870318662
389.91666666666663,0.004965318445818778
390.0,0.005611631108960767
390.08333333333326,0.004965318445829379
390.16666666666663,0.003160127870338957
390.25,0.0005738112988254091
390.33333333333326,-0.0022390041080263805
390.41666666666663,-0.004647973904338556
390.5,-0.006067541657293826
390.58333333333326,-0.006078881907149492
390.66666666666663,-0.00453441925065256
390.75,-0.001627556715557734
390.83333333333326,0.0020859284635001553
390.91666666666663,0.005722602587836419
391.0,0.00816292324847021
391.08333333333326,0.008192770176801105
391.16666666666663,0.004680939585873164
391.25,-0.003227322475244834
391.33333333333326,-0.015924543409897116
391.41666666666663,-0.03318807140373205
391.5,-0.054083390341244875
391.58333333333326,-0.07694264201790842
391.66666666666663,-0.09943024876353583
391.75,-0.11869857474201104
391.83333333333326,-0.13162657609034756
391.91666666666663,-0.1351244001022507
392.0,-0.12647798627901632
392.08333333333326,-0.10370092232282788
392.16666666666663,-0.06585697165935846
392.25,-0.013316405736382118
392.33333333333326,0.05208720400880381
392.41666666666663,0.12702587942500823
392.5,0.2067875881718977
392.58333333333326,0.28553114183200395
392.66666666666663,0.35667485014119565
392.75,0.41339437998210715
392.83333333333326,0.44919297325699753
392.91666666666663,0.4584976241860283
393.0,0.4372290700328073
393.08333333333326,0.38329225660394023
393.16666666666663,0.29693764465127204
393.25,0.1809522179885132
393.33333333333326,0.04065177428306486
393.41666666666663,-0.11633795839121952
393.5,-0.2805059557724025
393.58333333333326,-0.44106261087813387
393.66666666666663,-0.5866878790354948
393.75,-0.7063660812511077
393.83333333333326,-0.7902426878432602
393.91666666666663,-0.8304337493894193
394.0,-0.8217198225567578
394.08333333333326,-0.7620633311859252
394.16666666666663,-0.6529008577094286
394.25,-0.4991789282266798
394.33333333333326,-0.3091220653832726
394.41666666666663,-0.09374355852184003
394.5,0.1338692995991247
394.58333333333326,0.3594446757673048
394.66666666666663,0.5685243315176074
394.75,0.747494459877315
394.83333333333326,0.8845694794742083
394.91666666666663,0.9706518309999571
395.0,1.0
395.08333333333326,0.9706518310000898
395.16666666666663,0.8845694794743821
395.25,0.7474944598774202
395.33333333333326,0.5685243315179115
395.41666666666663,0.35944467576764727
395.5,0.1338692995992788
395.58333333333326,-0.09374355852132239
395.66666666666663,-0.3091220653827956
395.75,-0.49917892822655535
395.83333333333326,-0.6529008577090625
395.91666666666663,-0.7620633311857691
396.0,-0.8217198225566948
396.08333333333326,-0.8304337493894168
396.16666666666663,-0.7902426878433866
396.25,-0.7063660812511583
396.33333333333326,-0.5866878790358225
396.41666666666663,-0.4410626108785185
396.5,-0.28050595577252596
396.58333333333326,-0.11633795839162582
396.66666666666663,0.04065177428281912
396.75,0.1809522179884192
396.83333333333326,0.2969376446510978
396.91666666666663,0.38329225660373084
397.0,0.43722907003271766
397.08333333333326,0.4584976241859468
397.16666666666663,0.4491929732569875
397.25,0.4133943799820799
397.33333333333326,0.35667485014126
397.41666666666663,0.2855311418320831
397.5,0.2067875881719242
397.58333333333326,0.12702587942511592
397.66666666666663,0.05208720400898773
397.75,-0.013316405736322139
397.83333333333326,-0.0658569716592447
397.91666666666663,-0.10370092232278556
398.0,-0.1264779862789802
398.08333333333326,-0.13512440010219043
398.16666666666663,-0.13162657609029915
398.25,-0.11869857474193826
398.33333333333326,-0.09943024876351157
398.41666666666663,-0.07694264201788524
398.5,-0.05408339034121561
398.58333333333326,-0.0331880714037568
398.66666666666663,-0.015924543409894767
398.75,-0.0032273224752316413
398.83333333333326,0.004680939585861176
398.91666666666663,0.00819277017680428
399.0,0.008162923248455358
399.08333333333326,0.0057226025878134015
399.16666666666663,0.0020859284634733802
399.25,-0.0016275567156012532
399.33333333333326,-0.004534419250687772
399.41666666666663,-0.006078881907215756
399.5,-0.006067541657348568
399.58333333333326,-0.004647973904401809
399.66666666666663,-0.002239004108062156
399.75,0.0005738112987874107
399.83333333333326,0.0031601278703176773
399.91666666666663,0.004965318445818208
400.0,0.005611631108960767
400.08333333333326,0.004965318445835445
400.16666666666663,0.0031601278703508803
400.25,0.0005738112988266014
400.33333333333326,-0.002239004108004848
400.41666666666663,-0.004647973904337709
400.5,-0.006067541657293509
400.58333333333326,-0.006078881907149804
400.66666666666663,-0.004534419250626019
400.75,-0.0016275567155337842
400.83333333333326,0.0020859284635201393
400.91666666666663,0.00572260258785114
401.0,0.008162923248469562
401.08333333333326,0.008192770176801726
401.16666666666663,0.004680939585875373
401.25,-0.003227322475258166
401.33333333333326,-0.015924543409890853
401.41666666666663,-0.03318807140375736
401.5,-0.05408339034127404
401.58333333333326,-0.0769426420179095
401.66666666666663,-0.09943024876352702
401.75,-0.11869857474200417
401.83333333333326,-0.1316265760903439
401.91666666666663,-0.13512440010225155
402.0,-0.12647798627902435
402.08333333333326,-0.1037009223228403
402.16666666666663,-0.06585697165931714
402.25,-0.013316405736406587
402.33333333333326,0.05208720400884922
402.41666666666663,0.12702587942497612
402.5,0.20678758817186468
402.58333333333326,0.2855311418319726
402.66666666666663,0.35667485014116884
402.75,0.41339437998211637
402.83333333333326,0.4491929732569921
402.91666666666663,0.45849762418600704
403.0,0.4372290700328227
403.08333333333326,0.38329225660390887
403.16666666666663,0.296937644651314
403.25,0.18095221798856648
403.33333333333326,0.040651774283126656
403.41666666666663,-0.116337958391304
403.5,-0.2805059557724839
403.58333333333326,-0.4410626108782281
403.66666666666663,-0.5866878790355788
403.75,-0.706366081251065
403.83333333333326,-0.7902426878432341
403.91666666666663,-0.8304337493894125
404.0,-0.8217198225567314
404.08333333333326,-0.7620633311859601
404.16666666666663,-0.6529008577093434
404.25,-0.4991789282265662
404.33333333333326,-0.30912206538320963
404.41666666666663,-0.09374355852193218
404.5,0.1338692995990304
404.58333333333326,0.35944467576721434
404.66666666666663,0.5685243315175266
404.75,0.7474944598774241
404.83333333333326,0.884569479474162
404.91666666666663,0.9706518309999762
405.0,1.0
405.08333333333326,0.9706518310000707
405.16666666666663,0.8845694794744288
405.25,0.747494459877486
405.33333333333326,0.5685243315179924
405.41666666666663,0.35944467576773775
405.5,0.1338692995992058
405.58333333333326,-0.09374355852139266
405.66666666666663,-0.3091220653828585
405.75,-0.49917892822648396
405.83333333333326,-0.6529008577091342
405.91666666666663,-0.7620633311857341
406.0,-0.8217198225566809
406.08333333333326,-0.8304337493894235
406.16666666666663,-0.7902426878433568
406.25,-0.706366081251116
406.33333333333326,-0.5866878790357626
406.41666666666663,-0.4410626108784454
406.5,-0.2805059557725937
406.58333333333326,-0.11633795839169256
406.66666666666663,0.04065177428275727
406.75,0.18095221798845684
406.83333333333326,0.2969376446510558
406.91666666666663,0.38329225660378324
407.0,0.4372290700327549
407.08333333333326,0.45849762418596807
407.16666666666663,0.44919297325699714
407.25,0.4133943799820993
407.33333333333326,0.3566748501412869
407.41666666666663,0.2855311418321145
407.5,0.2067875881718848
407.58333333333326,0.12702587942515656
407.66666666666663,0.052087204008958735
407.75,-0.013316405736321335
407.83333333333326,-0.06585697165924297
407.91666666666663,-0.10370092232277305
408.0,-0.1264779862789738
408.08333333333326,-0.13512440010214938
408.16666666666663,-0.13162657609026268
408.25,-0.11869857474191009
408.33333333333326,-0.09943024876351582
408.41666666666663,-0.07694264201789672
408.5,-0.05408339034122484
408.58333333333326,-0.03318807140373151
408.66666666666663,-0.015924543409892605
408.75,-0.003227322475235873
408.83333333333326,0.004680939585858863
408.91666666666663,0.008192770176780096
409.0,0.008162923248438095
409.08333333333326,0.005722602587798628
409.16666666666663,0.00208592846345337
409.25,-0.0016275567156382148
409.33333333333326,-0.004534419250686826
409.41666666666663,-0.0060788819072154195
409.5,-0.006067541657316052
409.58333333333326,-0.0046479739044026185
409.66666666666663,-0.002239004108083715
409.75,0.0005738112987702519
409.83333333333326,0.003160127870322239
409.91666666666663,0.004965318445817716
410.0,0.005611631108960767
410.08333333333326,0.004965318445835989
410.16666666666663,0.003160127870351839
410.25,0.0005738112988437991
410.33333333333326,-0.002239004108033651
410.41666666666663,-0.004647973904347794
410.5,-0.006067541657293165
410.58333333333326,-0.006078881907162478
410.66666666666663,-0.004534419250626977
410.75,-0.001627556715535132
410.83333333333326,0.002085928463483644
410.91666666666663,0.005722602587819778
411.0,0.00816292324845427
411.08333333333326,0.008192770176786577
411.16666666666663,0.0046809395858609165
411.25,-0.0032273224752539338
411.33333333333326,-0.015924543409910782
411.41666666666663,-0.03318807140373302
411.5,-0.0540833903412412
411.58333333333326,-0.07694264201790002
411.66666666666663,-0.09943024876352277
411.75,-0.11869857474199397
411.83333333333326,-0.1316265760903672
411.91666666666663,-0.135124400102268
412.0,-0.12647798627899234
412.08333333333326,-0.10370092232285281
412.16666666666663,-0.06585697165933584
412.25,-0.01331640573636212
412.33333333333326,0.05208720400880368
412.41666666666663,0.12702587942501156
412.5,0.20678758817190404
412.58333333333326,0.2855311418320015
412.66666666666663,0.3566748501411422
412.75,0.4133943799820968
412.83333333333326,0.44919297325701235
412.91666666666663,0.4584976241860443
413.0,0.43722907003282385
413.08333333333326,0.38329225660393784
413.16666666666663,0.29693764465126393
413.25,0.1809522179886196
413.33333333333326,0.04065177428307904
413.41666666666663,-0.11633795839120711
413.5,-0.28050595577239246
413.58333333333326,-0.4410626108781643
413.66666666666663,-0.5866878790355236
413.75,-0.7063660812511317
413.83333333333326,-0.7902426878432639
413.91666666666663,-0.8304337493894269
414.0,-0.8217198225567692
414.08333333333326,-0.7620633311859099
414.16666666666663,-0.652900857709398
414.25,-0.4991789282266376
414.33333333333326,-0.30912206538329406
414.41666666666663,-0.09374355852186192
414.5,0.1338692995991034
414.58333333333326,0.35944467576732003
414.66666666666663,0.5685243315176203
414.75,0.7474944598773583
414.83333333333326,0.8845694794741155
414.91666666666663,0.9706518309999521
415.0,1.0
415.08333333333326,0.9706518310000865
415.16666666666663,0.8845694794743755
415.25,0.7474944598774103
415.33333333333326,0.5685243315178988
415.41666666666663,0.3594446757678283
415.5,0.13386929959930008
415.58333333333326,-0.0937435585213406
415.66666666666663,-0.30912206538281434
415.75,-0.4991789282265737
415.83333333333326,-0.6529008577090797
415.91666666666663,-0.7620633311857843
416.0,-0.8217198225567073
416.08333333333326,-0.8304337493894093
416.16666666666663,-0.7902426878433911
416.25,-0.7063660812511586
416.33333333333326,-0.5866878790358179
416.41666666666663,-0.4410626108785092
416.5,-0.2805059557725122
416.58333333333326,-0.11633795839163802
416.66666666666663,0.04065177428280484
416.75,0.18095221798844205
416.83333333333326,0.29693764465110584
416.91666666666663,0.38329225660375427
417.0,0.4372290700327395
417.08333333333326,0.458497624185931
417.16666666666663,0.44919297325697266
417.25,0.4133943799820665
417.33333333333326,0.35667485014125816
417.41666666666663,0.28553114183208544
417.5,0.2067875881719179
417.58333333333326,0.12702587942518878
417.66666666666663,0.05208720400898792
417.75,-0.01331640573631842
417.83333333333326,-0.06585697165922431
417.91666666666663,-0.1037009223227663
418.0,-0.12647798627896426
418.08333333333326,-0.1351244001021731
418.16666666666663,-0.13162657609026626
418.25,-0.11869857474191703
418.33333333333326,-0.09943024876352453
418.41666666666663,-0.07694264201790627
418.5,-0.05408339034124335
418.58333333333326,-0.03318807140373942
418.66666666666663,-0.01592454340988105
418.75,-0.0032273224752225414
418.83333333333326,0.004680939585873423
418.91666666666663,0.008192770176779475
419.0,0.008162923248438692
419.08333333333326,0.005722602587800002
419.16666666666663,0.002085928463454977
419.25,-0.0016275567156238291
419.33333333333326,-0.004534419250673218
419.41666666666663,-0.006078881907202758
419.5,-0.006067541657316344
419.58333333333326,-0.004647973904392545
419.66666666666663,-0.0022390041080848164
419.75,0.0005738112987691504
419.83333333333326,0.0031601278703212543
419.91666666666663,0.004965318445820022
420.0,0.005611631108960767
420.08333333333326,0.004965318445833604
420.16666666666663,0.0031601278703473554
420.25,0.0005738112988448878
420.33333333333326,-0.0022390041080325492
420.41666666666663,-0.004647973904346959
420.5,-0.0060675416573046535
420.58333333333326,-0.006078881907162777
420.66666666666663,-0.004534419250640598
420.75,-0.0016275567155495433
420.83333333333326,0.002085928463538568
420.91666666666663,0.005722602587818482
421.0,0.008162923248453621
421.08333333333326,0.008192770176787302
421.16666666666663,0.004680939585863133
421.25,-0.0032273224752673176
421.33333333333326,-0.01592454340990458
421.41666666666663,-0.033188071403774735
421.5,-0.05408339034129407
421.58333333333326,-0.07694264201788847
421.66666666666663,-0.099430248763514
421.75,-0.1186985747419871
421.83333333333326,-0.13162657609036357
421.91666666666663,-0.13512440010226887
422.0,-0.12647798627903864
422.08333333333326,-0.10370092232285956
422.16666666666663,-0.06585697165933747
422.25,-0.013316405736386615
422.33333333333326,0.05208720400884914
422.41666666666663,0.1270258794249793
422.5,0.206787588171871
422.58333333333326,0.28553114183197026
422.66666666666663,0.3566748501411709
422.75,0.4133943799821211
422.83333333333326,0.44919297325700686
422.91666666666663,0.458497624186023
423.0,0.4372290700328392
423.08333333333326,0.3832922566039669
423.16666666666663,0.2969376446513059
423.25,0.1809522179885519
423.33333333333326,0.04065177428314088
423.41666666666663,-0.11633795839129157
423.5,-0.28050595577247384
423.58333333333326,-0.4410626108782374
423.66666666666663,-0.5866878790355833
423.75,-0.7063660812510891
423.83333333333326,-0.7902426878432378
423.91666666666663,-0.83043374938942
424.0,-0.8217198225567428
424.08333333333326,-0.762063331185945
424.16666666666663,-0.6529008577093262
424.25,-0.4991789282265478
424.33333333333326,-0.309122065383191
424.41666666666663,-0.09374355852195407
424.5,0.1338692995990091
424.58333333333326,0.3594446757672296
424.66666666666663,0.5685243315175396
424.75,0.7474944598774342
424.83333333333326,0.8845694794741688
424.91666666666663,0.9706518309999795
425.0,1.0
425.08333333333326,0.9706518310000757
425.16666666666663,0.8845694794744219
425.25,0.7474944598774761
425.33333333333326,0.5685243315179797
425.41666666666663,0.3594446757677226
425.5,0.13386929959918875
425.58333333333326,-0.09374355852137078
425.66666666666663,-0.30912206538283715
425.75,-0.4991789282265024
425.83333333333326,-0.6529008577090251
425.91666666666663,-0.7620633311857493
426.0,-0.8217198225566933
426.08333333333326,-0.8304337493894159
426.16666666666663,-0.7902426878433533
426.25,-0.7063660812511162
426.33333333333326,-0.5866878790357337
426.41666666666663,-0.4410626108784149
426.5,-0.28050595577257986
426.58333333333326,-0.11633795839170492
426.66666666666663,0.04065177428274304
426.75,0.18095221798844133
426.83333333333326,0.296937644651064
426.91666666666663,0.3832922566037856
427.0,0.4372290700327527
427.08333333333326,0.45849762418595225
427.16666666666663,0.44919297325698226
427.25,0.41339437998208606
427.33333333333326,0.35667485014128497
427.41666666666663,0.28553114183211675
427.5,0.20678758817189202
427.58333333333326,0.12702587942514496
427.66666666666663,0.05208720400894253
427.75,-0.013316405736293939
427.83333333333326,-0.06585697165926556
427.91666666666663,-0.10370092232275387
428.0,-0.1264779862789579
428.08333333333326,-0.1351244001021722
428.16666666666663,-0.13162657609028308
428.25,-0.1186985747419273
428.33333333333326,-0.09943024876352878
428.41666666666663,-0.07694264201790517
428.5,-0.054083390341252445
428.58333333333326,-0.033188071403730465
428.66666666666663,-0.015924543409887276
428.75,-0.003227322475226721
428.83333333333326,0.004680939585871097
428.91666666666663,0.008192770176794598
429.0,0.008162923248454062
429.08333333333326,0.005722602587815268
429.16666666666663,0.002085928463469907
429.25,-0.0016275567156224036
429.33333333333326,-0.0045344192506722465
429.41666666666663,-0.006078881907202433
429.5,-0.006067541657304861
429.58333333333326,-0.004647973904393367
429.66666666666663,-0.002239004108076386
429.75,0.0005738112987756432
429.83333333333326,0.0031601278702929757
429.91666666666663,0.004965318445819478
430.0,0.005611631108960767
430.08333333333326,0.004965318445834226
430.16666666666663,0.0031601278703483403
430.25,0.0005738112988384207
430.33333333333326,-0.0022390041079810535
430.41666666666663,-0.0046479739042871926
430.5,-0.006067541657304349
430.58333333333326,-0.006078881907190614
430.66666666666663,-0.0045344192506415444
430.75,-0.0016275567155509948
430.83333333333326,0.002085928463537013
430.91666666666663,0.005722602587863193
431.0,0.008162923248485684
431.08333333333326,0.008192770176811486
431.16666666666663,0.004680939585891729
431.25,-0.0032273224752630337
431.33333333333326,-0.0159245434099161
431.41666666666663,-0.033188071403766777
431.5,-0.05408339034128495
431.58333333333326,-0.07694264201787905
431.66666666666663,-0.09943024876350981
431.75,-0.11869857474198932
431.83333333333326,-0.13162657609034675
431.91666666666663,-0.13512440010224516
432.0,-0.12647798627904502
432.08333333333326,-0.10370092232287204
432.16666666666663,-0.06585697165935613
432.25,-0.013316405736381405
432.33333333333326,0.05208720400882001
432.41666666666663,0.12702587942502314
432.5,0.20678758817191037
432.58333333333326,0.28553114183200223
432.66666666666663,0.3566748501411441
432.75,0.41339437998210155
432.83333333333326,0.44919297325699725
432.91666666666663,0.45849762418602524
433.0,0.4372290700328019
433.08333333333326,0.3832922566039144
433.16666666666663,0.2969376446512402
433.25,0.1809522179886051
433.33333333333326,0.04065177428305833
433.41666666666663,-0.11633795839122481
433.5,-0.2805059557724062
433.58333333333326,-0.44106261087817356
433.66666666666663,-0.586687879035528
433.75,-0.7063660812511314
433.83333333333326,-0.7902426878432591
433.91666666666663,-0.8304337493894179
434.0,-0.8217198225567567
434.08333333333326,-0.7620633311859547
434.16666666666663,-0.6529008577093808
434.25,-0.49917892822661913
434.33333333333326,-0.3091220653832753
434.41666666666663,-0.09374355852184364
434.5,0.13386929959912042
434.58333333333326,0.35944467576726535
434.66666666666663,0.5685243315175731
434.75,0.7474944598773684
434.83333333333326,0.8845694794741222
434.91666666666663,0.9706518309999554
435.0,1.0
435.08333333333326,0.9706518310000998
435.16666666666663,0.8845694794744013
435.25,0.7474944598774477
435.33333333333326,0.5685243315178461
435.41666666666663,0.3594446757678131
435.5,0.13386929959928304
435.58333333333326,-0.09374355852127864
435.66666666666663,-0.3091220653827528
435.75,-0.49917892822651544
435.83333333333326,-0.6529008577091104
435.91666666666663,-0.7620633311858026
436.0,-0.8217198225566792
436.08333333333326,-0.8304337493894183
436.16666666666663,-0.7902426878433793
436.25,-0.7063660812511586
436.33333333333326,-0.5866878790357892
436.41666666666663,-0.4410626108784788
436.5,-0.28050595577248294
436.58333333333326,-0.1163379583916205
436.66666666666663,0.04065177428282557
436.75,0.1809522179883881
436.83333333333326,0.29693764465112965
436.91666666666663,0.3832922566037566
437.0,0.43722907003273725
437.08333333333326,0.45849762418594997
437.16666666666663,0.44919297325698776
437.25,0.413394379982077
437.33333333333326,0.3566748501412632
437.41666666666663,0.28553114183208483
437.5,0.20678758817192508
437.58333333333326,0.1270258794251771
437.66666666666663,0.05208720400897169
437.75,-0.013316405736338403
437.83333333333326,-0.06585697165924698
437.91666666666663,-0.10370092232279032
438.0,-0.12647798627898826
438.08333333333326,-0.1351244001021959
438.16666666666663,-0.1316265760902867
438.25,-0.11869857474193408
438.33333333333326,-0.0994302487635376
438.41666666666663,-0.07694264201791472
438.5,-0.054083390341247005
438.58333333333326,-0.03318807140373846
438.66666666666663,-0.0159245434098757
438.75,-0.0032273224752310055
438.83333333333326,0.0046809395858688155
438.91666666666663,0.008192770176793911
439.0,0.00816292324845458
439.08333333333326,0.005722602587816538
439.16666666666663,0.002085928463471462
439.25,-0.0016275567156079922
439.33333333333326,-0.004534419250738899
439.41666666666663,-0.006078881907270019
439.5,-0.006067541657305198
439.58333333333326,-0.004647973904359204
439.66666666666663,-0.0022390041080774616
439.75,0.0005738112987744898
439.83333333333326,0.0031601278702920424
439.91666666666663,0.004965318445804989
440.0,0.005611631108960767
440.08333333333326,0.004965318445823677
440.16666666666663,0.0031601278703282266
440.25,0.0005738112988394965
440.33333333333326,-0.002239004107979874
440.41666666666663,-0.004647973904286383
440.5,-0.00606754165723911
440.58333333333326,-0.006078881907190938
440.66666666666663,-0.004534419250662059
440.75,-0.0016275567155623477
440.83333333333326,0.0020859284635220314
440.91666666666663,0.005722602587861819
441.0,0.008162923248485165
441.08333333333326,0.008192770176812069
441.16666666666663,0.00468093958589399
441.25,-0.0032273224752331735
441.33333333333326,-0.01592454340990995
441.41666666666663,-0.03318807140377572
441.5,-0.0540833903412758
441.58333333333326,-0.07694264201788013
441.66666666666663,-0.099430248763501
441.75,-0.11869857474198248
441.83333333333326,-0.13162657609034317
441.91666666666663,-0.13512440010224602
442.0,-0.12647798627901463
442.08333333333326,-0.10370092232283554
442.16666666666663,-0.06585697165931487
442.25,-0.013316405736405834
442.33333333333326,0.05208720400886547
442.41666666666663,0.12702587942499088
442.5,0.20678758817187734
442.58333333333326,0.2855311418319709
442.66666666666663,0.35667485014116584
442.75,0.4133943799821107
442.83333333333326,0.44919297325699176
442.91666666666663,0.458497624186004
443.0,0.43722907003281736
443.08333333333326,0.3832922566039434
443.16666666666663,0.29693764465128214
443.25,0.18095221798852906
443.33333333333326,0.04065177428312012
443.41666666666663,-0.11633795839130921
443.5,-0.28050595577248755
443.58333333333326,-0.44106261087821397
443.66666666666663,-0.5866878790354727
443.75,-0.7063660812510888
443.83333333333326,-0.790242687843233
443.91666666666663,-0.8304337493894113
444.0,-0.8217198225567305
444.08333333333326,-0.7620633311859897
444.16666666666663,-0.6529008577093788
444.25,-0.4991789282266907
444.33333333333326,-0.30912206538313963
444.41666666666663,-0.0937435585219358
444.5,0.1338692995990261
444.58333333333326,0.3594446757671749
444.66666666666663,0.5685243315174923
444.75,0.7474944598773969
444.83333333333326,0.8845694794741995
444.91666666666663,0.9706518309999956
445.0,1.0
445.08333333333326,0.9706518310000721
445.16666666666663,0.8845694794744479
445.25,0.7474944598775135
445.33333333333326,0.5685243315179268
445.41666666666663,0.35944467576766415
445.5,0.13386929959912872
445.58333333333326,-0.09374355852138905
445.66666666666663,-0.30912206538285586
445.75,-0.49917892822644394
445.83333333333326,-0.6529008577090558
445.91666666666663,-0.7620633311857676
446.0,-0.8217198225566987
446.08333333333326,-0.8304337493894247
446.16666666666663,-0.7902426878433579
446.25,-0.7063660812511162
446.33333333333326,-0.5866878790357293
446.41666666666663,-0.4410626108785426
446.5,-0.28050595577255055
446.58333333333326,-0.11633795839168735
446.66666666666663,0.040651774282763724
446.75,0.18095221798846411
446.83333333333326,0.2969376446510877
446.91666666666663,0.38329225660380895
447.0,0.4372290700327218
447.08333333333326,0.4584976241859712
447.16666666666663,0.4491929732569975
447.25,0.41339437998209644
447.33333333333326,0.35667485014129
447.41666666666663,0.2855311418321161
447.5,0.2067875881718857
447.58333333333326,0.12702587942513333
447.66666666666663,0.052087204008926226
447.75,-0.013316405736313975
447.83333333333326,-0.06585697165922831
447.91666666666663,-0.10370092232277785
448.0,-0.1264779862789819
448.08333333333326,-0.13512440010219506
448.16666666666663,-0.13162657609030348
448.25,-0.11869857474194433
448.33333333333326,-0.09943024876347197
448.41666666666663,-0.07694264201785367
448.5,-0.05408339034125615
448.58333333333326,-0.03318807140374638
448.66666666666663,-0.015924543409881906
448.75,-0.0032273224752176212
448.83333333333326,0.004680939585866541
448.91666666666663,0.008192770176776273
449.0,0.00816292324842257
449.08333333333326,0.005722602587808011
449.16666666666663,0.002085928463473095
449.25,-0.0016275567156066185
449.33333333333326,-0.0045344192507379396
449.41666666666663,-0.006078881907269695
449.5,-0.0060675416573704125
449.58333333333326,-0.0046479739043600535
449.66666666666663,-0.002239004108045036
449.75,0.0005738112987733752
449.83333333333326,0.0031601278702965007
449.91666666666663,0.00496531844580447
450.0,0.005611631108960767
450.08333333333326,0.004965318445824144
450.16666666666663,0.0031601278703291594
450.25,0.0005738112988118919
450.33333333333326,-0.0022390041079883047
450.41666666666663,-0.004647973904296443
450.5,-0.006067541657238818
450.58333333333326,-0.006078881907203574
450.66666666666663,-0.004534419250663006
450.75,-0.001627556715563825
450.83333333333326,0.0020859284635204763
450.91666666666663,0.005722602587846605
451.0,0.008162923248469744
451.08333333333326,0.008192770176796996
451.16666666666663,0.0046809395858795335
451.25,-0.0032273224752289416
451.33333333333326,-0.015924543409903614
451.41666666666663,-0.03318807140376779
451.5,-0.054083390341281214
451.58333333333326,-0.07694264201787054
451.66666666666663,-0.09943024876349675
451.75,-0.11869857474197223
451.83333333333326,-0.1316265760903263
451.91666666666663,-0.13512440010224694
452.0,-0.126477986279021
452.08333333333326,-0.10370092232284807
452.16666666666663,-0.06585697165933356
452.25,-0.013316405736361421
452.33333333333326,0.052087204008836284
452.41666666666663,0.12702587942503477
452.5,0.20678758817184423
452.58333333333326,0.2855311418320197
452.66666666666663,0.35667485014113903
452.75,0.41339437998209116
452.83333333333326,0.44919297325698204
452.91666666666663,0.45849762418600615
453.0,0.4372290700327801
453.08333333333326,0.3832922566039712
453.16666666666663,0.2969376446512967
453.25,0.1809522179885823
453.33333333333326,0.04065177428303767
453.41666666666663,-0.11633795839124239
453.5,-0.28050595577241993
453.58333333333326,-0.44106261087815013
453.66666666666663,-0.5866878790355158
453.75,-0.7063660812511312
453.83333333333326,-0.7902426878432756
453.91666666666663,-0.8304337493894245
454.0,-0.8217198225567445
454.08333333333326,-0.7620633311860247
454.16666666666663,-0.6529008577094334
454.25,-0.49917892822667753
454.33333333333326,-0.30912206538322395
454.41666666666663,-0.09374355852178612
454.5,0.13386929959918045
454.58333333333326,0.35944467576728056
454.66666666666663,0.5685243315174116
454.75,0.747494459877331
454.83333333333326,0.8845694794741532
454.91666666666663,0.9706518309999714
455.0,1.0
455.08333333333326,0.9706518310000964
455.16666666666663,0.8845694794743946
455.25,0.7474944598775793
455.33333333333326,0.5685243315178333
455.41666666666663,0.3594446757677547
455.5,0.13386929959922308
455.58333333333326,-0.09374355852129689
455.66666666666663,-0.3091220653827715
455.75,-0.4991789282265338
455.83333333333326,-0.6529008577091276
455.91666666666663,-0.7620633311858177
456.0,-0.8217198225566847
456.08333333333326,-0.8304337493894269
456.16666666666663,-0.790242687843384
456.25,-0.7063660812511587
456.33333333333326,-0.5866878790357847
456.41666666666663,-0.4410626108784696
456.5,-0.28050595577246923
456.58333333333326,-0.11633795839160291
456.66666666666663,0.04065177428284628
456.75,0.18095221798841093
456.83333333333326,0.2969376446510457
456.91666666666663,0.38329225660378
457.0,0.43722907003275907
457.08333333333326,0.45849762418596895
457.16666666666663,0.44919297325700297
457.25,0.4133943799820874
457.33333333333326,0.35667485014123546
457.41666666666663,0.2855311418321475
457.5,0.2067875881719188
457.58333333333326,0.12702587942516552
457.66666666666663,0.05208720400895539
457.75,-0.013316405736358427
457.83333333333326,-0.0658569716592096
457.91666666666663,-0.10370092232274437
458.0,-0.12647798627897555
458.08333333333326,-0.1351244001021854
458.16666666666663,-0.13162657609030715
458.25,-0.11869857474195117
458.33333333333326,-0.09943024876348078
458.41666666666663,-0.07694264201786313
458.5,-0.05408339034120325
458.58333333333326,-0.033188071403770864
458.66666666666663,-0.015924543409910397
458.75,-0.0032273224752218535
458.83333333333326,0.00468093958588105
458.91666666666663,0.008192770176775574
459.0,0.00816292324842314
459.08333333333326,0.00572260258780941
459.16666666666663,0.0020859284634744428
459.25,-0.0016275567155952398
459.33333333333326,-0.0045344192507243315
459.41666666666663,-0.006078881907257033
459.5,-0.006067541657370743
459.58333333333326,-0.004647973904360863
459.66666666666663,-0.0022390041080461377
459.75,0.0005738112988010057
459.83333333333326,0.003160127870295568
459.91666666666663,0.004965318445806752
460.0,0.005611631108960767
460.08333333333326,0.004965318445821941
460.16666666666663,0.0031601278703301187
460.25,0.0005738112988130324
460.33333333333326,-0.0022390041079871966
460.41666666666663,-0.004647973904295608
460.5,-0.006067541657250293
460.58333333333326,-0.0060788819072039105
460.66666666666663,-0.00453441925067664
460.75,-0.001627556715565173
460.83333333333326,0.0020859284635055208
460.91666666666663,0.005722602587845283
461.0,0.008162923248469121
461.08333333333326,0.008192770176797592
461.16666666666663,0.004680939585881801
461.25,-0.003227322475242222
461.33333333333326,-0.01592454340991522
461.41666666666663,-0.03318807140377672
461.5,-0.05408339034127209
461.58333333333326,-0.07694264201793158
461.66666666666663,-0.09943024876348794
461.75,-0.11869857474196539
461.83333333333326,-0.13162657609032274
461.91666666666663,-0.13512440010222324
462.0,-0.1264779862789906
462.08333333333326,-0.10370092232288154
462.16666666666663,-0.06585697165935224
462.25,-0.013316405736385786
462.33333333333326,0.0520872040088071
462.41666666666663,0.1270258794250026
462.5,0.2067875881718836
462.58333333333326,0.2855311418319884
462.66666666666663,0.35667485014119366
462.75,0.4133943799821477
462.83333333333326,0.44919297325699764
462.91666666666663,0.4584976241860083
463.0,0.43722907003279554
463.08333333333326,0.3832922566040002
463.16666666666663,0.2969376446513386
463.25,0.18095221798858302
463.33333333333326,0.04065177428309946
463.41666666666663,-0.11633795839133515
463.5,-0.2805059557723523
463.58333333333326,-0.4410626108782231
463.66666666666663,-0.5866878790354605
463.75,-0.7063660812510888
463.83333333333326,-0.7902426878432495
463.91666666666663,-0.8304337493894176
464.0,-0.8217198225567248
464.08333333333326,-0.7620633311859745
464.16666666666663,-0.6529008577093615
464.25,-0.4991789282267489
464.33333333333326,-0.3091220653831209
464.41666666666663,-0.09374355852187831
464.5,0.13386929959908608
464.58333333333326,0.35944467576719014
464.66666666666663,0.5685243315175053
464.75,0.7474944598774068
464.83333333333326,0.8845694794742064
464.91666666666663,0.970651830999999
465.0,1.0
465.08333333333326,0.9706518310001203
465.16666666666663,0.884569479474441
465.25,0.7474944598775034
465.33333333333326,0.5685243315179139
465.41666666666663,0.359444675767649
465.5,0.1338692995991117
465.58333333333326,-0.0937435585214073
465.66666666666663,-0.3091220653826872
465.75,-0.49917892822646237
465.83333333333326,-0.652900857709073
465.91666666666663,-0.7620633311857826
466.0,-0.8217198225567112
466.08333333333326,-0.8304337493894338
466.16666666666663,-0.7902426878433626
466.25,-0.7063660812512014
466.33333333333326,-0.5866878790357415
466.41666666666663,-0.44106261087853327
466.5,-0.2805059557725368
466.58333333333326,-0.11633795839166965
466.66666666666663,0.040651774282784485
466.75,0.18095221798848693
466.83333333333326,0.2969376446510312
466.91666666666663,0.38329225660375227
467.0,0.43722907003274364
467.08333333333326,0.45849762418596623
467.16666666666663,0.44919297325701263
467.25,0.4133943799821068
467.33333333333326,0.35667485014126216
467.41666666666663,0.28553114183209877
467.5,0.20678758817187937
467.58333333333326,0.12702587942514545
467.66666666666663,0.05208720400894258
467.75,-0.013316405736333907
467.83333333333326,-0.0658569716591909
467.91666666666663,-0.10370092232273195
468.0,-0.12647798627892923
468.08333333333326,-0.13512440010218452
468.16666666666663,-0.1316265760903
468.25,-0.11869857474194889
468.33333333333326,-0.09943024876348493
468.41666666666663,-0.07694264201787272
468.5,-0.05408339034121248
468.58333333333326,-0.033188071403778795
468.66666666666663,-0.01592454340991652
468.75,-0.0032273224752517133
468.83333333333326,0.004680939585878736
468.91666666666663,0.008192770176790749
469.0,0.008162923248423711
469.08333333333326,0.005722602587824677
469.16666666666663,0.00208592846347605
469.25,-0.0016275567155938143
469.33333333333326,-0.004534419250723385
469.41666666666663,-0.006078881907256709
469.5,-0.006067541657359267
469.58333333333326,-0.004647973904350801
469.66666666666663,-0.0022390041080377074
469.75,0.0005738112987998652
469.83333333333326,0.0031601278703
469.91666666666663,0.004965318445806259
470.0,0.005611631108960767
470.08333333333326,0.004965318445822433
470.16666666666663,0.0031601278703256345
470.25,0.0005738112988064618
470.33333333333326,-0.002239004107995575
470.41666666666663,-0.004647973904305682
470.5,-0.006067541657249963
470.58333333333326,-0.006078881907204222
470.66666666666663,-0.004534419250677573
470.75,-0.0016275567155795583
470.83333333333326,0.0020859284635039396
470.91666666666663,0.005722602587829939
471.0,0.008162923248453855
471.08333333333326,0.008192770176815283
471.16666666666663,0.004680939585884063
471.25,-0.0032273224752380415
471.33333333333326,-0.01592454340990899
471.41666666666663,-0.03318807140376882
471.5,-0.05408339034127751
471.58333333333326,-0.07694264201792207
471.66666666666663,-0.09943024876355361
471.75,-0.11869857474195852
471.83333333333326,-0.13162657609032988
471.91666666666663,-0.13512440010222412
472.0,-0.12647798627899698
472.08333333333326,-0.10370092232289395
472.16666666666663,-0.06585697165937082
472.25,-0.01331640573638883
472.33333333333326,0.05208720400881985
472.41666666666663,0.12702587942502266
472.5,0.20678758817185053
472.58333333333326,0.28553114183202033
472.66666666666663,0.3566748501411668
472.75,0.41339437998212825
472.83333333333326,0.449192973256988
472.91666666666663,0.45849762418601114
473.0,0.43722907003278233
473.08333333333326,0.3832922566039478
473.16666666666663,0.2969376446512729
473.25,0.18095221798863623
473.33333333333326,0.04065177428316125
473.41666666666663,-0.1163379583912683
473.5,-0.28050595577244936
473.58333333333326,-0.44106261087815934
473.66666666666663,-0.5866878790355204
473.75,-0.7063660812511311
473.83333333333326,-0.7902426878432708
473.91666666666663,-0.8304337493894108
474.0,-0.8217198225567389
474.08333333333326,-0.7620633311860094
474.16666666666663,-0.6529008577094162
474.25,-0.49917892822665916
474.33333333333326,-0.3091220653832052
474.41666666666663,-0.09374355852176788
474.5,0.1338692995989918
474.58333333333326,0.3594446757672958
474.66666666666663,0.5685243315174243
474.75,0.7474944598773411
474.83333333333326,0.8845694794741599
474.91666666666663,0.970651830999975
475.0,1.0
475.08333333333326,0.9706518310000927
475.16666666666663,0.8845694794743877
475.25,0.7474944598775694
475.33333333333326,0.5685243315178803
475.41666666666663,0.3594446757677395
475.5,0.13386929959920596
475.58333333333326,-0.09374355852131513
475.66666666666663,-0.30912206538279025
475.75,-0.4991789282265522
475.83333333333326,-0.652900857709075
475.91666666666663,-0.762063331185773
476.0,-0.8217198225566971
476.08333333333326,-0.8304337493894405
476.16666666666663,-0.7902426878433887
476.25,-0.706366081251159
476.33333333333326,-0.5866878790357969
476.41666666666663,-0.441062610878493
476.5,-0.28050595577250287
476.58333333333326,-0.11633795839157698
476.66666666666663,0.040651774282722694
476.75,0.1809522179884337
476.83333333333326,0.2969376446509892
476.91666666666663,0.3832922566037233
477.0,0.43722907003270417
477.08333333333326,0.45849762418596396
477.16666666666663,0.44919297325699714
477.25,0.4133943799821263
477.33333333333326,0.35667485014124045
477.41666666666663,0.28553114183213
477.5,0.20678758817191248
477.58333333333326,0.12702587942517773
477.66666666666663,0.05208720400897172
477.75,-0.01331640573633922
477.83333333333326,-0.0658569716592322
477.91666666666663,-0.10370092232276835
478.0,-0.12647798627892287
478.08333333333326,-0.13512440010220822
478.16666666666663,-0.1316265760903036
478.25,-0.11869857474195578
478.33333333333326,-0.09943024876349374
478.41666666666663,-0.07694264201787165
478.5,-0.054083390341206954
478.58333333333326,-0.03318807140376989
478.66666666666663,-0.01592454340990507
478.75,-0.0032273224752559977
478.83333333333326,0.004680939585876416
478.91666666666663,0.008192770176790076
479.0,0.008162923248439133
479.08333333333326,0.005722602587825999
479.16666666666663,0.002085928463490928
479.25,-0.0016275567155794547
479.33333333333326,-0.004534419250709778
479.41666666666663,-0.006078881907256398
479.5,-0.006067541657359584
479.58333333333326,-0.004647973904351611
479.66666666666663,-0.0022390041080388155
479.75,0.000573811298806384
479.83333333333326,0.0031601278702990667
479.91666666666663,0.00496531844580854
480.0,0.005611631108960767
480.08333333333326,0.004965318445836948
480.16666666666663,0.0031601278703265677
480.25,0.0005738112988077059
480.33333333333326,-0.0022390041079944994
480.41666666666663,-0.004647973904304847
480.5,-0.006067541657261452
480.58333333333326,-0.006078881907136636
480.66666666666663,-0.004534419250610959
480.75,-0.001627556715580958
480.83333333333326,0.0020859284635025657
480.91666666666663,0.005722602587828617
481.0,0.00816292324845318
481.08333333333326,0.008192770176815904
481.16666666666663,0.004680939585886356
481.25,-0.0032273224752513733
481.33333333333326,-0.0159245434098805
481.41666666666663,-0.03318807140374434
481.5,-0.05408339034126836
481.58333333333326,-0.07694264201791257
481.66666666666663,-0.09943024876354485
481.75,-0.11869857474202504
481.83333333333326,-0.1316265760903262
481.91666666666663,-0.13512440010223378
482.0,-0.12647798627900653
482.08333333333326,-0.1037009223228575
482.16666666666663,-0.06585697165938953
482.25,-0.013316405736413196
482.33333333333326,0.05208720400879064
482.41666666666663,0.1270258794249904
482.5,0.2067875881718764
482.58333333333326,0.2855311418319889
482.66666666666663,0.3566748501411885
482.75,0.41339437998213735
482.83333333333326,0.4491929732569825
482.91666666666663,0.4584976241860135
483.0,0.4372290700327977
483.08333333333326,0.38329225660397676
483.16666666666663,0.2969376446513149
483.25,0.1809522179885602
483.33333333333326,0.040651774283078757
483.41666666666663,-0.11633795839135272
483.5,-0.2805059557723816
483.58333333333326,-0.44106261087823256
483.66666666666663,-0.5866878790354652
483.75,-0.7063660812510886
483.83333333333326,-0.7902426878432448
483.91666666666663,-0.8304337493894087
484.0,-0.8217198225567124
484.08333333333326,-0.7620633311859594
484.16666666666663,-0.6529008577093443
484.25,-0.4991789282267306
484.33333333333326,-0.3091220653832895
484.41666666666663,-0.09374355852186005
484.5,0.13386929959910315
484.58333333333326,0.3594446757672053
484.66666666666663,0.568524331517518
484.75,0.7474944598774167
484.83333333333326,0.8845694794741803
484.91666666666663,0.9706518309999509
485.0,1.0
485.08333333333326,0.9706518310001168
485.16666666666663,0.8845694794744341
485.25,0.7474944598774934
485.33333333333326,0.5685243315179612
485.41666666666663,0.3594446757677036
485.5,0.1338692995991714
485.58333333333326,-0.09374355852146483
485.66666666666663,-0.30912206538270587
485.75,-0.49917892822648074
485.83333333333326,-0.6529008577090205
485.91666666666663,-0.7620633311857381
486.0,-0.8217198225566761
486.08333333333326,-0.8304337493894275
486.16666666666663,-0.7902426878433464
486.25,-0.7063660812512016
486.33333333333326,-0.5866878790357368
486.41666666666663,-0.4410626108785568
486.5,-0.2805059557725705
486.58333333333326,-0.11633795839164378
486.66666666666663,0.04065177428280517
486.75,0.18095221798850142
486.83333333333326,0.29693764465105493
486.91666666666663,0.3832922566037756
487.0,0.4372290700326888
487.08333333333326,0.4584976241859618
487.16666666666663,0.44919297325700674
487.25,0.4133943799821021
487.33333333333326,0.35667485014126715
487.41666666666663,0.285531141832098
487.5,0.2067875881718731
487.58333333333326,0.1270258794251338
487.66666666666663,0.05208720400892631
487.75,-0.013316405736314688
487.83333333333326,-0.06585697165921352
487.91666666666663,-0.10370092232275599
488.0,-0.12647798627895326
488.08333333333326,-0.13512440010220728
488.16666666666663,-0.13162657609032047
488.25,-0.11869857474196605
488.33333333333326,-0.09943024876349799
488.41666666666663,-0.07694264201788112
488.5,-0.054083390341216106
488.58333333333326,-0.033188071403777795
488.66666666666663,-0.015924543409911278
488.75,-0.003227322475242614
488.83333333333326,0.004680939585890977
488.91666666666663,0.008192770176805239
489.0,0.00816292324843973
489.08333333333326,0.0057226025877813395
489.16666666666663,0.0020859284634925346
489.25,-0.0016275567155779774
489.33333333333326,-0.004534419250708858
489.41666666666663,-0.006078881907243723
489.5,-0.006067541657348095
489.58333333333326,-0.004647973904411404
489.66666666666663,-0.0022390041080903827
489.75,0.0005738112988052306
489.83333333333326,0.003160127870298134
489.91666666666663,0.004965318445807995
490.0,0.005611631108960767
490.08333333333326,0.0049653184458373625
490.16666666666663,0.003160127870354898
490.25,0.0005738112988484776
490.33333333333326,-0.0022390041080029557
490.41666666666663,-0.0046479739043149325
490.5,-0.0060675416572611215
490.58333333333326,-0.0060788819071369606
490.66666666666663,-0.004534419250611892
490.75,-0.0016275567155186212
490.83333333333326,0.0020859284634874545
490.91666666666663,0.00572260258781335
491.0,0.008162923248437863
491.08333333333326,0.008192770176800793
491.16666666666663,0.004680939585888618
491.25,-0.0032273224752471935
491.33333333333326,-0.015924543409914338
491.41666666666663,-0.033188071403769774
491.5,-0.0540833903412738
491.58333333333326,-0.07694264201791359
491.66666666666663,-0.0994302487635406
491.75,-0.11869857474201811
491.83333333333326,-0.13162657609030942
491.91666666666663,-0.13512440010220134
492.0,-0.12647798627897291
492.08333333333326,-0.10370092232286998
492.16666666666663,-0.06585697165934822
492.25,-0.013316405736368744
492.33333333333326,0.05208720400883613
492.41666666666663,0.12702587942503427
492.5,0.20678758817185686
492.58333333333326,0.285531141832021
492.66666666666663,0.35667485014116174
492.75,0.41339437998211787
492.83333333333326,0.44919297325697277
492.91666666666663,0.4584976241859922
493.0,0.43722907003276046
493.08333333333326,0.3832922566039244
493.16666666666663,0.2969376446512491
493.25,0.18095221798861347
493.33333333333326,0.04065177428314049
493.41666666666663,-0.11633795839128595
493.5,-0.2805059557724631
493.58333333333326,-0.4410626108781688
493.66666666666663,-0.5866878790355251
493.75,-0.7063660812511309
493.83333333333326,-0.7902426878432828
493.91666666666663,-0.830433749389402
494.0,-0.8217198225567264
494.08333333333326,-0.7620633311859941
494.16666666666663,-0.6529008577093989
494.25,-0.49917892822664073
494.33333333333326,-0.3091220653832667
494.41666666666663,-0.09374355852182986
494.5,0.13386929959900884
494.58333333333326,0.35944467576731093
494.66666666666663,0.5685243315174371
494.75,0.7474944598773509
494.83333333333326,0.884569479474134
494.91666666666663,0.9706518309999619
495.0,1.0
495.08333333333326,0.9706518310000892
495.16666666666663,0.8845694794743808
495.25,0.7474944598775594
495.33333333333326,0.5685243315178675
495.41666666666663,0.3594446757677941
495.5,0.13386929959926572
495.58333333333326,-0.09374355852133337
495.66666666666663,-0.30912206538280895
495.75,-0.4991789282265706
495.83333333333326,-0.6529008577090922
495.91666666666663,-0.7620633311857882
496.0,-0.821719822556662
496.08333333333326,-0.8304337493894494
496.16666666666663,-0.7902426878433936
496.25,-0.7063660812511593
496.33333333333326,-0.5866878790357922
496.41666666666663,-0.44106261087848375
496.5,-0.28050595577248905
496.58333333333326,-0.11633795839155928
496.66666666666663,0.04065177428274341
496.75,0.1809522179884565
496.83333333333326,0.29693764465101297
496.91666666666663,0.3832922566037466
497.0,0.43722907003272604
497.08333333333326,0.458497624185983
497.16666666666663,0.44919297325701224
497.25,0.41339437998213663
497.33333333333326,0.3566748501412455
497.41666666666663,0.2855311418321294
497.5,0.20678758817190615
497.58333333333326,0.12702587942516602
497.66666666666663,0.052087204008955515
497.75,-0.013316405736359192
497.83333333333326,-0.06585697165925489
497.91666666666663,-0.10370092232279234
498.0,-0.12647798627894688
498.08333333333326,-0.1351244001021508
498.16666666666663,-0.13162657609032405
498.25,-0.11869857474197289
498.33333333333326,-0.09943024876350674
498.41666666666663,-0.07694264201788013
498.5,-0.054083390341210666
498.58333333333326,-0.0331880714037361
498.66666666666663,-0.015924543409883033
498.75,-0.0032273224752468973
498.83333333333326,0.004680939585888605
498.91666666666663,0.008192770176804604
499.0,0.008162923248455047
499.08333333333326,0.0057226025877826865
499.16666666666663,0.002085928463437585
499.25,-0.0016275567156404179
499.33333333333326,-0.004534419250695198
499.41666666666663,-0.006078881907243426
499.5,-0.006067541657348394
499.58333333333326,-0.004647973904412239
499.66666666666663,-0.0022390041080914648
499.75,0.0005738112987643423
499.83333333333326,0.0031601278703026437
499.91666666666663,0.0049653184458102245
